snapshot_date,product_id,warehouse_location,stock_in,stock_out,closing_stock,reorder_level
2026-05-17,PROD0001,Lahore-Hub,0,4,322,52
2026-05-17,PROD0002,Lahore-Hub,0,3,299,32
2026-05-17,PROD0003,Lahore-Hub,100,3,386,33
2026-05-17,PROD0004,Karachi-Main,0,3,139,29
2026-05-17,PROD0005,Karachi-Main,0,3,359,41
2026-05-17,PROD0006,Lahore-Hub,0,5,375,52
2026-05-17,PROD0007,Karachi-Main,0,3,231,37
2026-05-17,PROD0008,Lahore-Hub,0,5,182,53
2026-05-17,PROD0009,Lahore-Hub,0,2,320,45
2026-05-17,PROD0010,Karachi-Main,0,2,95,53
2026-05-17,PROD0011,Karachi-Main,0,5,261,57
2026-05-17,PROD0012,Karachi-Main,0,3,157,59
2026-05-17,PROD0013,Karachi-Main,0,3,277,59
2026-05-17,PROD0014,Lahore-Hub,50,3,225,32
2026-05-17,PROD0015,Lahore-Hub,0,6,250,47
2026-05-17,PROD0016,Lahore-Hub,0,6,107,22
2026-05-17,PROD0017,Lahore-Hub,0,3,102,49
2026-05-17,PROD0018,Karachi-Main,0,5,91,57
2026-05-17,PROD0019,Lahore-Hub,0,2,207,55
2026-05-17,PROD0020,Karachi-Main,0,4,275,38
2026-05-17,PROD0021,Karachi-Main,0,3,172,54
2026-05-17,PROD0022,Karachi-Main,0,2,332,49
2026-05-17,PROD0023,Karachi-Main,0,4,313,22
2026-05-17,PROD0024,Lahore-Hub,0,1,282,38
2026-05-17,PROD0025,Karachi-Main,0,3,242,41
2026-05-17,PROD0026,Lahore-Hub,0,1,309,21
2026-05-17,PROD0027,Lahore-Hub,100,3,245,46
2026-05-17,PROD0028,Lahore-Hub,0,3,244,57
2026-05-17,PROD0029,Lahore-Hub,0,1,295,60
2026-05-17,PROD0030,Lahore-Hub,0,2,239,24
2026-05-17,PROD0031,Lahore-Hub,0,4,366,50
2026-05-17,PROD0032,Karachi-Main,0,2,172,46
2026-05-17,PROD0033,Lahore-Hub,0,5,78,49
2026-05-17,PROD0034,Karachi-Main,0,0,164,58
2026-05-17,PROD0035,Karachi-Main,0,3,205,56
2026-05-17,PROD0036,Karachi-Main,0,2,290,34
2026-05-17,PROD0037,Lahore-Hub,0,0,127,40
2026-05-17,PROD0038,Lahore-Hub,100,2,427,57
2026-05-17,PROD0039,Lahore-Hub,0,2,249,34
2026-05-17,PROD0040,Lahore-Hub,20,4,171,48
2026-05-17,PROD0041,Karachi-Main,0,2,99,36
2026-05-17,PROD0042,Lahore-Hub,0,1,150,39
2026-05-17,PROD0043,Karachi-Main,0,1,201,22
2026-05-17,PROD0044,Karachi-Main,0,0,342,34
2026-05-17,PROD0045,Lahore-Hub,0,2,387,57
2026-05-17,PROD0046,Lahore-Hub,0,4,329,36
2026-05-17,PROD0047,Lahore-Hub,0,3,219,45
2026-05-17,PROD0048,Karachi-Main,0,5,178,36
2026-05-17,PROD0049,Karachi-Main,0,5,167,20
2026-05-17,PROD0050,Karachi-Main,0,3,290,53
2026-05-17,PROD0051,Lahore-Hub,0,4,95,34
2026-05-17,PROD0052,Lahore-Hub,0,1,83,22
2026-05-17,PROD0053,Karachi-Main,0,3,261,34
2026-05-17,PROD0054,Lahore-Hub,0,4,251,48
2026-05-17,PROD0055,Karachi-Main,100,4,490,35
2026-05-17,PROD0056,Karachi-Main,0,3,267,45
2026-05-17,PROD0057,Lahore-Hub,0,2,250,20
2026-05-17,PROD0058,Lahore-Hub,0,2,79,47
2026-05-17,PROD0059,Karachi-Main,100,3,230,23
2026-05-17,PROD0060,Lahore-Hub,0,3,324,24
2026-05-18,PROD0001,Lahore-Hub,0,4,318,52
2026-05-18,PROD0002,Karachi-Main,0,0,299,32
2026-05-18,PROD0003,Karachi-Main,0,2,384,33
2026-05-18,PROD0004,Lahore-Hub,0,4,135,29
2026-05-18,PROD0005,Lahore-Hub,0,2,357,41
2026-05-18,PROD0006,Lahore-Hub,0,4,371,52
2026-05-18,PROD0007,Lahore-Hub,0,3,228,37
2026-05-18,PROD0008,Lahore-Hub,0,2,180,53
2026-05-18,PROD0009,Karachi-Main,0,3,317,45
2026-05-18,PROD0010,Lahore-Hub,0,7,88,53
2026-05-18,PROD0011,Karachi-Main,0,3,258,57
2026-05-18,PROD0012,Karachi-Main,0,5,152,59
2026-05-18,PROD0013,Karachi-Main,0,8,269,59
2026-05-18,PROD0014,Lahore-Hub,0,1,224,32
2026-05-18,PROD0015,Karachi-Main,0,2,248,47
2026-05-18,PROD0016,Karachi-Main,0,2,105,22
2026-05-18,PROD0017,Karachi-Main,0,1,101,49
2026-05-18,PROD0018,Lahore-Hub,0,3,88,57
2026-05-18,PROD0019,Karachi-Main,0,4,203,55
2026-05-18,PROD0020,Lahore-Hub,0,1,274,38
2026-05-18,PROD0021,Lahore-Hub,0,7,165,54
2026-05-18,PROD0022,Karachi-Main,0,6,326,49
2026-05-18,PROD0023,Lahore-Hub,0,2,311,22
2026-05-18,PROD0024,Lahore-Hub,0,2,280,38
2026-05-18,PROD0025,Karachi-Main,0,1,241,41
2026-05-18,PROD0026,Karachi-Main,20,0,329,21
2026-05-18,PROD0027,Karachi-Main,0,4,241,46
2026-05-18,PROD0028,Lahore-Hub,0,3,241,57
2026-05-18,PROD0029,Karachi-Main,0,4,291,60
2026-05-18,PROD0030,Karachi-Main,0,5,234,24
2026-05-18,PROD0031,Karachi-Main,0,1,365,50
2026-05-18,PROD0032,Karachi-Main,0,1,171,46
2026-05-18,PROD0033,Karachi-Main,0,2,76,49
2026-05-18,PROD0034,Karachi-Main,0,6,158,58
2026-05-18,PROD0035,Karachi-Main,0,3,202,56
2026-05-18,PROD0036,Karachi-Main,0,3,287,34
2026-05-18,PROD0037,Lahore-Hub,0,2,125,40
2026-05-18,PROD0038,Karachi-Main,0,6,421,57
2026-05-18,PROD0039,Karachi-Main,0,1,248,34
2026-05-18,PROD0040,Lahore-Hub,0,3,168,48
2026-05-18,PROD0041,Lahore-Hub,0,1,98,36
2026-05-18,PROD0042,Lahore-Hub,0,2,148,39
2026-05-18,PROD0043,Lahore-Hub,0,4,197,22
2026-05-18,PROD0044,Lahore-Hub,0,5,337,34
2026-05-18,PROD0045,Karachi-Main,0,8,379,57
2026-05-18,PROD0046,Lahore-Hub,0,2,327,36
2026-05-18,PROD0047,Lahore-Hub,0,2,217,45
2026-05-18,PROD0048,Lahore-Hub,0,4,174,36
2026-05-18,PROD0049,Lahore-Hub,0,0,167,20
2026-05-18,PROD0050,Karachi-Main,0,4,286,53
2026-05-18,PROD0051,Karachi-Main,0,3,92,34
2026-05-18,PROD0052,Karachi-Main,0,6,77,22
2026-05-18,PROD0053,Karachi-Main,0,2,259,34
2026-05-18,PROD0054,Karachi-Main,0,2,249,48
2026-05-18,PROD0055,Lahore-Hub,0,3,487,35
2026-05-18,PROD0056,Lahore-Hub,0,6,261,45
2026-05-18,PROD0057,Karachi-Main,0,0,250,20
2026-05-18,PROD0058,Karachi-Main,0,4,75,47
2026-05-18,PROD0059,Karachi-Main,0,4,226,23
2026-05-18,PROD0060,Lahore-Hub,0,3,321,24
2026-05-19,PROD0001,Karachi-Main,0,4,314,52
2026-05-19,PROD0002,Karachi-Main,50,4,345,32
2026-05-19,PROD0003,Lahore-Hub,0,4,380,33
2026-05-19,PROD0004,Lahore-Hub,0,1,134,29
2026-05-19,PROD0005,Lahore-Hub,0,5,352,41
2026-05-19,PROD0006,Karachi-Main,0,6,365,52
2026-05-19,PROD0007,Karachi-Main,0,0,228,37
2026-05-19,PROD0008,Lahore-Hub,0,4,176,53
2026-05-19,PROD0009,Karachi-Main,0,2,315,45
2026-05-19,PROD0010,Lahore-Hub,0,2,86,53
2026-05-19,PROD0011,Lahore-Hub,0,3,255,57
2026-05-19,PROD0012,Karachi-Main,0,1,151,59
2026-05-19,PROD0013,Karachi-Main,100,1,368,59
2026-05-19,PROD0014,Lahore-Hub,0,5,219,32
2026-05-19,PROD0015,Karachi-Main,0,0,248,47
2026-05-19,PROD0016,Karachi-Main,0,2,103,22
2026-05-19,PROD0017,Karachi-Main,0,3,98,49
2026-05-19,PROD0018,Karachi-Main,0,2,86,57
2026-05-19,PROD0019,Karachi-Main,0,2,201,55
2026-05-19,PROD0020,Lahore-Hub,0,1,273,38
2026-05-19,PROD0021,Karachi-Main,0,1,164,54
2026-05-19,PROD0022,Lahore-Hub,0,3,323,49
2026-05-19,PROD0023,Lahore-Hub,0,1,310,22
2026-05-19,PROD0024,Lahore-Hub,0,2,278,38
2026-05-19,PROD0025,Karachi-Main,0,0,241,41
2026-05-19,PROD0026,Lahore-Hub,0,1,328,21
2026-05-19,PROD0027,Karachi-Main,0,7,234,46
2026-05-19,PROD0028,Lahore-Hub,50,6,285,57
2026-05-19,PROD0029,Karachi-Main,0,1,290,60
2026-05-19,PROD0030,Lahore-Hub,0,1,233,24
2026-05-19,PROD0031,Karachi-Main,0,4,361,50
2026-05-19,PROD0032,Karachi-Main,0,5,166,46
2026-05-19,PROD0033,Lahore-Hub,0,5,71,49
2026-05-19,PROD0034,Karachi-Main,0,0,158,58
2026-05-19,PROD0035,Karachi-Main,0,5,197,56
2026-05-19,PROD0036,Lahore-Hub,0,3,284,34
2026-05-19,PROD0037,Lahore-Hub,0,7,118,40
2026-05-19,PROD0038,Karachi-Main,0,3,418,57
2026-05-19,PROD0039,Karachi-Main,0,3,245,34
2026-05-19,PROD0040,Lahore-Hub,0,3,165,48
2026-05-19,PROD0041,Lahore-Hub,0,4,94,36
2026-05-19,PROD0042,Lahore-Hub,0,4,144,39
2026-05-19,PROD0043,Lahore-Hub,0,3,194,22
2026-05-19,PROD0044,Karachi-Main,0,3,334,34
2026-05-19,PROD0045,Lahore-Hub,0,3,376,57
2026-05-19,PROD0046,Lahore-Hub,0,2,325,36
2026-05-19,PROD0047,Karachi-Main,0,4,213,45
2026-05-19,PROD0048,Lahore-Hub,0,1,173,36
2026-05-19,PROD0049,Karachi-Main,0,0,167,20
2026-05-19,PROD0050,Karachi-Main,0,7,279,53
2026-05-19,PROD0051,Karachi-Main,0,1,91,34
2026-05-19,PROD0052,Karachi-Main,0,1,76,22
2026-05-19,PROD0053,Lahore-Hub,0,1,258,34
2026-05-19,PROD0054,Karachi-Main,0,3,246,48
2026-05-19,PROD0055,Lahore-Hub,20,1,506,35
2026-05-19,PROD0056,Karachi-Main,0,3,258,45
2026-05-19,PROD0057,Karachi-Main,0,6,244,20
2026-05-19,PROD0058,Karachi-Main,0,1,74,47
2026-05-19,PROD0059,Lahore-Hub,0,2,224,23
2026-05-19,PROD0060,Lahore-Hub,0,3,318,24
2026-05-20,PROD0001,Karachi-Main,0,3,311,52
2026-05-20,PROD0002,Karachi-Main,0,7,338,32
2026-05-20,PROD0003,Karachi-Main,0,5,375,33
2026-05-20,PROD0004,Karachi-Main,0,2,132,29
2026-05-20,PROD0005,Lahore-Hub,50,1,401,41
2026-05-20,PROD0006,Karachi-Main,0,7,358,52
2026-05-20,PROD0007,Lahore-Hub,0,5,223,37
2026-05-20,PROD0008,Karachi-Main,0,3,173,53
2026-05-20,PROD0009,Lahore-Hub,0,2,313,45
2026-05-20,PROD0010,Karachi-Main,20,3,103,53
2026-05-20,PROD0011,Lahore-Hub,0,2,253,57
2026-05-20,PROD0012,Lahore-Hub,50,4,197,59
2026-05-20,PROD0013,Lahore-Hub,0,3,365,59
2026-05-20,PROD0014,Karachi-Main,0,3,216,32
2026-05-20,PROD0015,Karachi-Main,0,6,242,47
2026-05-20,PROD0016,Karachi-Main,0,1,102,22
2026-05-20,PROD0017,Karachi-Main,0,4,94,49
2026-05-20,PROD0018,Karachi-Main,0,2,84,57
2026-05-20,PROD0019,Karachi-Main,0,2,199,55
2026-05-20,PROD0020,Karachi-Main,0,3,270,38
2026-05-20,PROD0021,Karachi-Main,0,3,161,54
2026-05-20,PROD0022,Karachi-Main,0,1,322,49
2026-05-20,PROD0023,Karachi-Main,0,3,307,22
2026-05-20,PROD0024,Karachi-Main,50,2,326,38
2026-05-20,PROD0025,Lahore-Hub,0,4,237,41
2026-05-20,PROD0026,Lahore-Hub,0,6,322,21
2026-05-20,PROD0027,Karachi-Main,0,5,229,46
2026-05-20,PROD0028,Karachi-Main,0,5,280,57
2026-05-20,PROD0029,Karachi-Main,0,3,287,60
2026-05-20,PROD0030,Karachi-Main,0,3,230,24
2026-05-20,PROD0031,Lahore-Hub,0,0,361,50
2026-05-20,PROD0032,Karachi-Main,100,3,263,46
2026-05-20,PROD0033,Karachi-Main,0,4,67,49
2026-05-20,PROD0034,Lahore-Hub,0,6,152,58
2026-05-20,PROD0035,Karachi-Main,0,2,195,56
2026-05-20,PROD0036,Lahore-Hub,0,1,283,34
2026-05-20,PROD0037,Karachi-Main,0,2,116,40
2026-05-20,PROD0038,Karachi-Main,0,2,416,57
2026-05-20,PROD0039,Lahore-Hub,0,1,244,34
2026-05-20,PROD0040,Lahore-Hub,0,2,163,48
2026-05-20,PROD0041,Lahore-Hub,0,5,89,36
2026-05-20,PROD0042,Karachi-Main,0,6,138,39
2026-05-20,PROD0043,Lahore-Hub,0,4,190,22
2026-05-20,PROD0044,Lahore-Hub,0,2,332,34
2026-05-20,PROD0045,Karachi-Main,0,5,371,57
2026-05-20,PROD0046,Karachi-Main,0,4,321,36
2026-05-20,PROD0047,Karachi-Main,0,3,210,45
2026-05-20,PROD0048,Karachi-Main,0,4,169,36
2026-05-20,PROD0049,Lahore-Hub,0,0,167,20
2026-05-20,PROD0050,Karachi-Main,0,2,277,53
2026-05-20,PROD0051,Karachi-Main,0,2,89,34
2026-05-20,PROD0052,Karachi-Main,0,3,73,22
2026-05-20,PROD0053,Karachi-Main,0,5,253,34
2026-05-20,PROD0054,Karachi-Main,0,3,243,48
2026-05-20,PROD0055,Karachi-Main,0,5,501,35
2026-05-20,PROD0056,Lahore-Hub,0,2,256,45
2026-05-20,PROD0057,Karachi-Main,0,4,240,20
2026-05-20,PROD0058,Karachi-Main,0,5,69,47
2026-05-20,PROD0059,Karachi-Main,100,2,322,23
2026-05-20,PROD0060,Karachi-Main,0,1,317,24
2026-05-21,PROD0001,Lahore-Hub,0,0,311,52
2026-05-21,PROD0002,Karachi-Main,50,4,384,32
2026-05-21,PROD0003,Lahore-Hub,0,3,372,33
2026-05-21,PROD0004,Lahore-Hub,0,4,128,29
2026-05-21,PROD0005,Lahore-Hub,0,1,400,41
2026-05-21,PROD0006,Karachi-Main,100,1,457,52
2026-05-21,PROD0007,Karachi-Main,0,2,221,37
2026-05-21,PROD0008,Karachi-Main,0,2,171,53
2026-05-21,PROD0009,Karachi-Main,0,1,312,45
2026-05-21,PROD0010,Lahore-Hub,0,2,101,53
2026-05-21,PROD0011,Karachi-Main,0,5,248,57
2026-05-21,PROD0012,Lahore-Hub,0,2,195,59
2026-05-21,PROD0013,Karachi-Main,50,3,412,59
2026-05-21,PROD0014,Lahore-Hub,0,4,212,32
2026-05-21,PROD0015,Karachi-Main,0,2,240,47
2026-05-21,PROD0016,Lahore-Hub,0,2,100,22
2026-05-21,PROD0017,Lahore-Hub,0,2,92,49
2026-05-21,PROD0018,Karachi-Main,0,5,79,57
2026-05-21,PROD0019,Lahore-Hub,0,3,196,55
2026-05-21,PROD0020,Karachi-Main,0,2,268,38
2026-05-21,PROD0021,Lahore-Hub,0,4,157,54
2026-05-21,PROD0022,Karachi-Main,0,7,315,49
2026-05-21,PROD0023,Lahore-Hub,0,1,306,22
2026-05-21,PROD0024,Lahore-Hub,0,7,319,38
2026-05-21,PROD0025,Karachi-Main,20,3,254,41
2026-05-21,PROD0026,Karachi-Main,0,1,321,21
2026-05-21,PROD0027,Lahore-Hub,0,2,227,46
2026-05-21,PROD0028,Lahore-Hub,50,1,329,57
2026-05-21,PROD0029,Lahore-Hub,0,4,283,60
2026-05-21,PROD0030,Karachi-Main,0,3,227,24
2026-05-21,PROD0031,Karachi-Main,0,2,359,50
2026-05-21,PROD0032,Karachi-Main,0,1,262,46
2026-05-21,PROD0033,Lahore-Hub,0,2,65,49
2026-05-21,PROD0034,Lahore-Hub,0,3,149,58
2026-05-21,PROD0035,Karachi-Main,0,3,192,56
2026-05-21,PROD0036,Lahore-Hub,0,1,282,34
2026-05-21,PROD0037,Karachi-Main,0,7,109,40
2026-05-21,PROD0038,Karachi-Main,0,2,414,57
2026-05-21,PROD0039,Karachi-Main,0,3,241,34
2026-05-21,PROD0040,Lahore-Hub,0,4,159,48
2026-05-21,PROD0041,Karachi-Main,0,3,86,36
2026-05-21,PROD0042,Karachi-Main,0,6,132,39
2026-05-21,PROD0043,Lahore-Hub,0,5,185,22
2026-05-21,PROD0044,Karachi-Main,0,2,330,34
2026-05-21,PROD0045,Lahore-Hub,0,1,370,57
2026-05-21,PROD0046,Karachi-Main,0,5,316,36
2026-05-21,PROD0047,Karachi-Main,0,3,207,45
2026-05-21,PROD0048,Lahore-Hub,0,5,164,36
2026-05-21,PROD0049,Karachi-Main,0,1,166,20
2026-05-21,PROD0050,Lahore-Hub,0,3,274,53
2026-05-21,PROD0051,Karachi-Main,0,3,86,34
2026-05-21,PROD0052,Lahore-Hub,0,3,70,22
2026-05-21,PROD0053,Karachi-Main,0,2,251,34
2026-05-21,PROD0054,Karachi-Main,0,1,242,48
2026-05-21,PROD0055,Karachi-Main,0,4,497,35
2026-05-21,PROD0056,Karachi-Main,0,1,255,45
2026-05-21,PROD0057,Lahore-Hub,0,7,233,20
2026-05-21,PROD0058,Lahore-Hub,0,2,67,47
2026-05-21,PROD0059,Karachi-Main,0,3,319,23
2026-05-21,PROD0060,Karachi-Main,0,3,314,24
2026-05-22,PROD0001,Lahore-Hub,0,6,305,52
2026-05-22,PROD0002,Lahore-Hub,0,2,382,32
2026-05-22,PROD0003,Lahore-Hub,0,1,371,33
2026-05-22,PROD0004,Karachi-Main,100,5,223,29
2026-05-22,PROD0005,Lahore-Hub,0,2,398,41
2026-05-22,PROD0006,Lahore-Hub,0,6,451,52
2026-05-22,PROD0007,Lahore-Hub,0,3,218,37
2026-05-22,PROD0008,Karachi-Main,0,4,167,53
2026-05-22,PROD0009,Karachi-Main,0,2,310,45
2026-05-22,PROD0010,Lahore-Hub,0,0,101,53
2026-05-22,PROD0011,Karachi-Main,0,3,245,57
2026-05-22,PROD0012,Karachi-Main,0,5,190,59
2026-05-22,PROD0013,Lahore-Hub,0,3,409,59
2026-05-22,PROD0014,Lahore-Hub,0,2,210,32
2026-05-22,PROD0015,Lahore-Hub,0,3,237,47
2026-05-22,PROD0016,Karachi-Main,0,3,97,22
2026-05-22,PROD0017,Karachi-Main,0,2,90,49
2026-05-22,PROD0018,Karachi-Main,0,2,77,57
2026-05-22,PROD0019,Lahore-Hub,0,3,193,55
2026-05-22,PROD0020,Karachi-Main,0,2,266,38
2026-05-22,PROD0021,Karachi-Main,0,1,156,54
2026-05-22,PROD0022,Lahore-Hub,0,2,313,49
2026-05-22,PROD0023,Karachi-Main,50,4,352,22
2026-05-22,PROD0024,Lahore-Hub,0,4,315,38
2026-05-22,PROD0025,Karachi-Main,0,4,250,41
2026-05-22,PROD0026,Lahore-Hub,0,3,318,21
2026-05-22,PROD0027,Lahore-Hub,0,3,224,46
2026-05-22,PROD0028,Karachi-Main,0,1,328,57
2026-05-22,PROD0029,Karachi-Main,0,4,279,60
2026-05-22,PROD0030,Karachi-Main,0,2,225,24
2026-05-22,PROD0031,Lahore-Hub,50,2,407,50
2026-05-22,PROD0032,Karachi-Main,0,2,260,46
2026-05-22,PROD0033,Karachi-Main,0,6,59,49
2026-05-22,PROD0034,Karachi-Main,0,1,148,58
2026-05-22,PROD0035,Karachi-Main,0,2,190,56
2026-05-22,PROD0036,Karachi-Main,0,2,280,34
2026-05-22,PROD0037,Lahore-Hub,0,2,107,40
2026-05-22,PROD0038,Karachi-Main,0,5,409,57
2026-05-22,PROD0039,Karachi-Main,0,3,238,34
2026-05-22,PROD0040,Karachi-Main,0,1,158,48
2026-05-22,PROD0041,Lahore-Hub,0,3,83,36
2026-05-22,PROD0042,Lahore-Hub,0,5,127,39
2026-05-22,PROD0043,Karachi-Main,0,4,181,22
2026-05-22,PROD0044,Lahore-Hub,0,4,326,34
2026-05-22,PROD0045,Karachi-Main,0,5,365,57
2026-05-22,PROD0046,Karachi-Main,0,2,314,36
2026-05-22,PROD0047,Karachi-Main,0,3,204,45
2026-05-22,PROD0048,Lahore-Hub,0,2,162,36
2026-05-22,PROD0049,Karachi-Main,0,8,158,20
2026-05-22,PROD0050,Karachi-Main,0,3,271,53
2026-05-22,PROD0051,Lahore-Hub,0,4,82,34
2026-05-22,PROD0052,Lahore-Hub,0,5,65,22
2026-05-22,PROD0053,Lahore-Hub,0,4,247,34
2026-05-22,PROD0054,Karachi-Main,0,3,239,48
2026-05-22,PROD0055,Lahore-Hub,0,3,494,35
2026-05-22,PROD0056,Karachi-Main,0,1,254,45
2026-05-22,PROD0057,Lahore-Hub,0,4,229,20
2026-05-22,PROD0058,Karachi-Main,0,4,63,47
2026-05-22,PROD0059,Karachi-Main,0,3,316,23
2026-05-22,PROD0060,Lahore-Hub,0,2,312,24
2026-05-23,PROD0001,Karachi-Main,0,5,300,52
2026-05-23,PROD0002,Lahore-Hub,0,1,381,32
2026-05-23,PROD0003,Karachi-Main,0,7,364,33
2026-05-23,PROD0004,Lahore-Hub,0,3,220,29
2026-05-23,PROD0005,Karachi-Main,0,4,394,41
2026-05-23,PROD0006,Karachi-Main,0,2,449,52
2026-05-23,PROD0007,Lahore-Hub,0,0,218,37
2026-05-23,PROD0008,Lahore-Hub,0,4,163,53
2026-05-23,PROD0009,Karachi-Main,0,3,307,45
2026-05-23,PROD0010,Lahore-Hub,0,4,97,53
2026-05-23,PROD0011,Lahore-Hub,20,3,262,57
2026-05-23,PROD0012,Karachi-Main,0,1,189,59
2026-05-23,PROD0013,Karachi-Main,0,0,409,59
2026-05-23,PROD0014,Lahore-Hub,0,3,207,32
2026-05-23,PROD0015,Lahore-Hub,0,2,235,47
2026-05-23,PROD0016,Karachi-Main,0,6,91,22
2026-05-23,PROD0017,Karachi-Main,0,2,88,49
2026-05-23,PROD0018,Lahore-Hub,0,4,73,57
2026-05-23,PROD0019,Karachi-Main,0,3,190,55
2026-05-23,PROD0020,Karachi-Main,0,7,259,38
2026-05-23,PROD0021,Karachi-Main,0,5,151,54
2026-05-23,PROD0022,Karachi-Main,0,4,309,49
2026-05-23,PROD0023,Lahore-Hub,0,1,351,22
2026-05-23,PROD0024,Karachi-Main,0,6,309,38
2026-05-23,PROD0025,Karachi-Main,0,1,249,41
2026-05-23,PROD0026,Lahore-Hub,0,2,316,21
2026-05-23,PROD0027,Karachi-Main,50,1,273,46
2026-05-23,PROD0028,Karachi-Main,0,3,325,57
2026-05-23,PROD0029,Lahore-Hub,0,2,277,60
2026-05-23,PROD0030,Lahore-Hub,0,1,224,24
2026-05-23,PROD0031,Karachi-Main,0,0,407,50
2026-05-23,PROD0032,Karachi-Main,0,1,259,46
2026-05-23,PROD0033,Lahore-Hub,0,1,58,49
2026-05-23,PROD0034,Karachi-Main,0,5,143,58
2026-05-23,PROD0035,Lahore-Hub,0,2,188,56
2026-05-23,PROD0036,Karachi-Main,0,6,274,34
2026-05-23,PROD0037,Karachi-Main,0,2,105,40
2026-05-23,PROD0038,Lahore-Hub,0,5,404,57
2026-05-23,PROD0039,Lahore-Hub,0,2,236,34
2026-05-23,PROD0040,Lahore-Hub,0,1,157,48
2026-05-23,PROD0041,Karachi-Main,0,1,82,36
2026-05-23,PROD0042,Karachi-Main,0,2,125,39
2026-05-23,PROD0043,Lahore-Hub,0,3,178,22
2026-05-23,PROD0044,Karachi-Main,0,2,324,34
2026-05-23,PROD0045,Lahore-Hub,50,1,414,57
2026-05-23,PROD0046,Karachi-Main,0,5,309,36
2026-05-23,PROD0047,Karachi-Main,0,5,199,45
2026-05-23,PROD0048,Karachi-Main,0,2,160,36
2026-05-23,PROD0049,Lahore-Hub,0,1,157,20
2026-05-23,PROD0050,Karachi-Main,0,3,268,53
2026-05-23,PROD0051,Lahore-Hub,0,0,82,34
2026-05-23,PROD0052,Karachi-Main,0,2,63,22
2026-05-23,PROD0053,Lahore-Hub,0,6,241,34
2026-05-23,PROD0054,Lahore-Hub,0,7,232,48
2026-05-23,PROD0055,Lahore-Hub,0,3,491,35
2026-05-23,PROD0056,Lahore-Hub,0,3,251,45
2026-05-23,PROD0057,Lahore-Hub,20,3,246,20
2026-05-23,PROD0058,Lahore-Hub,100,1,162,47
2026-05-23,PROD0059,Karachi-Main,0,3,313,23
2026-05-23,PROD0060,Karachi-Main,20,4,328,24
2026-05-24,PROD0001,Lahore-Hub,0,4,296,52
2026-05-24,PROD0002,Karachi-Main,0,1,380,32
2026-05-24,PROD0003,Karachi-Main,0,3,361,33
2026-05-24,PROD0004,Karachi-Main,100,0,320,29
2026-05-24,PROD0005,Karachi-Main,0,2,392,41
2026-05-24,PROD0006,Lahore-Hub,0,4,445,52
2026-05-24,PROD0007,Karachi-Main,0,6,212,37
2026-05-24,PROD0008,Karachi-Main,0,3,160,53
2026-05-24,PROD0009,Lahore-Hub,0,2,305,45
2026-05-24,PROD0010,Karachi-Main,0,4,93,53
2026-05-24,PROD0011,Lahore-Hub,0,2,260,57
2026-05-24,PROD0012,Karachi-Main,0,4,185,59
2026-05-24,PROD0013,Karachi-Main,0,2,407,59
2026-05-24,PROD0014,Lahore-Hub,0,6,201,32
2026-05-24,PROD0015,Karachi-Main,0,2,233,47
2026-05-24,PROD0016,Karachi-Main,0,0,91,22
2026-05-24,PROD0017,Lahore-Hub,0,5,83,49
2026-05-24,PROD0018,Karachi-Main,0,3,70,57
2026-05-24,PROD0019,Karachi-Main,0,2,188,55
2026-05-24,PROD0020,Lahore-Hub,0,5,254,38
2026-05-24,PROD0021,Lahore-Hub,0,4,147,54
2026-05-24,PROD0022,Karachi-Main,0,4,305,49
2026-05-24,PROD0023,Lahore-Hub,0,7,344,22
2026-05-24,PROD0024,Karachi-Main,0,2,307,38
2026-05-24,PROD0025,Lahore-Hub,0,2,247,41
2026-05-24,PROD0026,Karachi-Main,0,5,311,21
2026-05-24,PROD0027,Lahore-Hub,0,4,269,46
2026-05-24,PROD0028,Lahore-Hub,20,3,342,57
2026-05-24,PROD0029,Lahore-Hub,0,2,275,60
2026-05-24,PROD0030,Karachi-Main,0,4,220,24
2026-05-24,PROD0031,Karachi-Main,0,4,403,50
2026-05-24,PROD0032,Lahore-Hub,0,5,254,46
2026-05-24,PROD0033,Karachi-Main,100,1,157,49
2026-05-24,PROD0034,Lahore-Hub,0,2,141,58
2026-05-24,PROD0035,Karachi-Main,0,1,187,56
2026-05-24,PROD0036,Karachi-Main,0,4,270,34
2026-05-24,PROD0037,Lahore-Hub,0,1,104,40
2026-05-24,PROD0038,Karachi-Main,0,3,401,57
2026-05-24,PROD0039,Lahore-Hub,0,1,235,34
2026-05-24,PROD0040,Lahore-Hub,0,2,155,48
2026-05-24,PROD0041,Karachi-Main,0,5,77,36
2026-05-24,PROD0042,Karachi-Main,0,4,121,39
2026-05-24,PROD0043,Karachi-Main,0,3,175,22
2026-05-24,PROD0044,Lahore-Hub,50,3,371,34
2026-05-24,PROD0045,Lahore-Hub,0,5,409,57
2026-05-24,PROD0046,Karachi-Main,0,3,306,36
2026-05-24,PROD0047,Lahore-Hub,0,2,197,45
2026-05-24,PROD0048,Karachi-Main,0,1,159,36
2026-05-24,PROD0049,Lahore-Hub,0,2,155,20
2026-05-24,PROD0050,Karachi-Main,0,1,267,53
2026-05-24,PROD0051,Lahore-Hub,0,2,80,34
2026-05-24,PROD0052,Lahore-Hub,0,1,62,22
2026-05-24,PROD0053,Karachi-Main,50,3,288,34
2026-05-24,PROD0054,Lahore-Hub,0,3,229,48
2026-05-24,PROD0055,Karachi-Main,0,6,485,35
2026-05-24,PROD0056,Karachi-Main,0,5,246,45
2026-05-24,PROD0057,Lahore-Hub,0,6,240,20
2026-05-24,PROD0058,Karachi-Main,0,1,161,47
2026-05-24,PROD0059,Karachi-Main,0,2,311,23
2026-05-24,PROD0060,Lahore-Hub,0,4,324,24
2026-05-25,PROD0001,Lahore-Hub,0,2,294,52
2026-05-25,PROD0002,Lahore-Hub,0,1,379,32
2026-05-25,PROD0003,Karachi-Main,0,4,357,33
2026-05-25,PROD0004,Lahore-Hub,0,4,316,29
2026-05-25,PROD0005,Lahore-Hub,0,1,391,41
2026-05-25,PROD0006,Lahore-Hub,0,4,441,52
2026-05-25,PROD0007,Karachi-Main,0,3,209,37
2026-05-25,PROD0008,Karachi-Main,0,1,159,53
2026-05-25,PROD0009,Lahore-Hub,0,2,303,45
2026-05-25,PROD0010,Lahore-Hub,0,1,92,53
2026-05-25,PROD0011,Karachi-Main,0,2,258,57
2026-05-25,PROD0012,Karachi-Main,0,2,183,59
2026-05-25,PROD0013,Lahore-Hub,0,3,404,59
2026-05-25,PROD0014,Lahore-Hub,20,4,217,32
2026-05-25,PROD0015,Karachi-Main,0,4,229,47
2026-05-25,PROD0016,Karachi-Main,0,0,91,22
2026-05-25,PROD0017,Lahore-Hub,0,3,80,49
2026-05-25,PROD0018,Karachi-Main,0,0,70,57
2026-05-25,PROD0019,Lahore-Hub,0,3,185,55
2026-05-25,PROD0020,Karachi-Main,20,1,273,38
2026-05-25,PROD0021,Karachi-Main,0,4,143,54
2026-05-25,PROD0022,Karachi-Main,0,5,300,49
2026-05-25,PROD0023,Karachi-Main,0,1,343,22
2026-05-25,PROD0024,Karachi-Main,0,3,304,38
2026-05-25,PROD0025,Karachi-Main,0,3,244,41
2026-05-25,PROD0026,Karachi-Main,0,3,308,21
2026-05-25,PROD0027,Lahore-Hub,0,2,267,46
2026-05-25,PROD0028,Lahore-Hub,0,3,339,57
2026-05-25,PROD0029,Karachi-Main,0,3,272,60
2026-05-25,PROD0030,Karachi-Main,0,4,216,24
2026-05-25,PROD0031,Lahore-Hub,0,3,400,50
2026-05-25,PROD0032,Karachi-Main,0,1,253,46
2026-05-25,PROD0033,Karachi-Main,0,2,155,49
2026-05-25,PROD0034,Lahore-Hub,0,4,137,58
2026-05-25,PROD0035,Lahore-Hub,100,1,286,56
2026-05-25,PROD0036,Karachi-Main,0,4,266,34
2026-05-25,PROD0037,Karachi-Main,0,2,102,40
2026-05-25,PROD0038,Lahore-Hub,0,1,400,57
2026-05-25,PROD0039,Karachi-Main,0,5,230,34
2026-05-25,PROD0040,Lahore-Hub,0,6,149,48
2026-05-25,PROD0041,Lahore-Hub,0,1,76,36
2026-05-25,PROD0042,Karachi-Main,0,7,114,39
2026-05-25,PROD0043,Lahore-Hub,0,4,171,22
2026-05-25,PROD0044,Lahore-Hub,0,3,368,34
2026-05-25,PROD0045,Karachi-Main,0,3,406,57
2026-05-25,PROD0046,Karachi-Main,0,0,306,36
2026-05-25,PROD0047,Karachi-Main,0,3,194,45
2026-05-25,PROD0048,Karachi-Main,0,3,156,36
2026-05-25,PROD0049,Lahore-Hub,0,1,154,20
2026-05-25,PROD0050,Lahore-Hub,0,0,267,53
2026-05-25,PROD0051,Lahore-Hub,0,2,78,34
2026-05-25,PROD0052,Lahore-Hub,0,4,58,22
2026-05-25,PROD0053,Lahore-Hub,0,6,282,34
2026-05-25,PROD0054,Lahore-Hub,0,3,226,48
2026-05-25,PROD0055,Karachi-Main,0,3,482,35
2026-05-25,PROD0056,Karachi-Main,0,2,244,45
2026-05-25,PROD0057,Karachi-Main,0,1,239,20
2026-05-25,PROD0058,Lahore-Hub,0,0,161,47
2026-05-25,PROD0059,Lahore-Hub,0,2,309,23
2026-05-25,PROD0060,Lahore-Hub,0,6,318,24
2026-05-26,PROD0001,Karachi-Main,0,6,288,52
2026-05-26,PROD0002,Lahore-Hub,0,3,376,32
2026-05-26,PROD0003,Karachi-Main,0,3,354,33
2026-05-26,PROD0004,Karachi-Main,0,2,314,29
2026-05-26,PROD0005,Lahore-Hub,0,5,386,41
2026-05-26,PROD0006,Lahore-Hub,0,3,438,52
2026-05-26,PROD0007,Karachi-Main,0,2,207,37
2026-05-26,PROD0008,Karachi-Main,0,2,157,53
2026-05-26,PROD0009,Karachi-Main,0,2,301,45
2026-05-26,PROD0010,Karachi-Main,0,3,89,53
2026-05-26,PROD0011,Karachi-Main,100,1,357,57
2026-05-26,PROD0012,Lahore-Hub,0,6,177,59
2026-05-26,PROD0013,Karachi-Main,0,4,400,59
2026-05-26,PROD0014,Lahore-Hub,0,6,211,32
2026-05-26,PROD0015,Lahore-Hub,0,2,227,47
2026-05-26,PROD0016,Lahore-Hub,0,5,86,22
2026-05-26,PROD0017,Karachi-Main,0,2,78,49
2026-05-26,PROD0018,Karachi-Main,0,3,67,57
2026-05-26,PROD0019,Karachi-Main,20,6,199,55
2026-05-26,PROD0020,Lahore-Hub,0,6,267,38
2026-05-26,PROD0021,Karachi-Main,0,5,138,54
2026-05-26,PROD0022,Lahore-Hub,0,4,296,49
2026-05-26,PROD0023,Lahore-Hub,0,3,340,22
2026-05-26,PROD0024,Karachi-Main,0,1,303,38
2026-05-26,PROD0025,Karachi-Main,0,4,240,41
2026-05-26,PROD0026,Karachi-Main,0,3,305,21
2026-05-26,PROD0027,Karachi-Main,0,4,263,46
2026-05-26,PROD0028,Karachi-Main,0,2,337,57
2026-05-26,PROD0029,Lahore-Hub,0,2,270,60
2026-05-26,PROD0030,Lahore-Hub,0,4,212,24
2026-05-26,PROD0031,Lahore-Hub,0,4,396,50
2026-05-26,PROD0032,Lahore-Hub,0,1,252,46
2026-05-26,PROD0033,Lahore-Hub,0,2,153,49
2026-05-26,PROD0034,Karachi-Main,0,4,133,58
2026-05-26,PROD0035,Lahore-Hub,0,2,284,56
2026-05-26,PROD0036,Lahore-Hub,0,3,263,34
2026-05-26,PROD0037,Karachi-Main,0,5,97,40
2026-05-26,PROD0038,Lahore-Hub,0,2,398,57
2026-05-26,PROD0039,Karachi-Main,0,2,228,34
2026-05-26,PROD0040,Lahore-Hub,0,2,147,48
2026-05-26,PROD0041,Lahore-Hub,0,2,74,36
2026-05-26,PROD0042,Karachi-Main,0,4,110,39
2026-05-26,PROD0043,Lahore-Hub,20,2,189,22
2026-05-26,PROD0044,Karachi-Main,0,2,366,34
2026-05-26,PROD0045,Karachi-Main,0,3,403,57
2026-05-26,PROD0046,Lahore-Hub,0,2,304,36
2026-05-26,PROD0047,Lahore-Hub,0,2,192,45
2026-05-26,PROD0048,Karachi-Main,0,2,154,36
2026-05-26,PROD0049,Lahore-Hub,0,5,149,20
2026-05-26,PROD0050,Karachi-Main,0,4,263,53
2026-05-26,PROD0051,Karachi-Main,0,4,74,34
2026-05-26,PROD0052,Karachi-Main,0,4,54,22
2026-05-26,PROD0053,Karachi-Main,0,4,278,34
2026-05-26,PROD0054,Lahore-Hub,0,4,222,48
2026-05-26,PROD0055,Karachi-Main,0,0,482,35
2026-05-26,PROD0056,Karachi-Main,0,1,243,45
2026-05-26,PROD0057,Karachi-Main,0,4,235,20
2026-05-26,PROD0058,Lahore-Hub,0,1,160,47
2026-05-26,PROD0059,Lahore-Hub,0,4,305,23
2026-05-26,PROD0060,Lahore-Hub,0,1,317,24
2026-05-27,PROD0001,Lahore-Hub,0,2,286,52
2026-05-27,PROD0002,Karachi-Main,0,2,374,32
2026-05-27,PROD0003,Karachi-Main,0,1,353,33
2026-05-27,PROD0004,Karachi-Main,0,4,310,29
2026-05-27,PROD0005,Lahore-Hub,0,7,379,41
2026-05-27,PROD0006,Lahore-Hub,0,3,435,52
2026-05-27,PROD0007,Lahore-Hub,0,4,203,37
2026-05-27,PROD0008,Lahore-Hub,0,5,152,53
2026-05-27,PROD0009,Lahore-Hub,0,3,298,45
2026-05-27,PROD0010,Lahore-Hub,0,2,87,53
2026-05-27,PROD0011,Karachi-Main,0,3,354,57
2026-05-27,PROD0012,Karachi-Main,0,2,175,59
2026-05-27,PROD0013,Lahore-Hub,0,2,398,59
2026-05-27,PROD0014,Karachi-Main,0,4,207,32
2026-05-27,PROD0015,Karachi-Main,0,1,226,47
2026-05-27,PROD0016,Karachi-Main,0,5,81,22
2026-05-27,PROD0017,Karachi-Main,0,2,76,49
2026-05-27,PROD0018,Lahore-Hub,0,3,64,57
2026-05-27,PROD0019,Lahore-Hub,0,6,193,55
2026-05-27,PROD0020,Lahore-Hub,0,3,264,38
2026-05-27,PROD0021,Lahore-Hub,0,3,135,54
2026-05-27,PROD0022,Karachi-Main,0,7,289,49
2026-05-27,PROD0023,Karachi-Main,0,3,337,22
2026-05-27,PROD0024,Karachi-Main,0,1,302,38
2026-05-27,PROD0025,Lahore-Hub,0,0,240,41
2026-05-27,PROD0026,Karachi-Main,100,3,402,21
2026-05-27,PROD0027,Lahore-Hub,0,1,262,46
2026-05-27,PROD0028,Karachi-Main,0,2,335,57
2026-05-27,PROD0029,Lahore-Hub,0,1,269,60
2026-05-27,PROD0030,Lahore-Hub,0,3,209,24
2026-05-27,PROD0031,Lahore-Hub,0,1,395,50
2026-05-27,PROD0032,Lahore-Hub,0,2,250,46
2026-05-27,PROD0033,Lahore-Hub,0,4,149,49
2026-05-27,PROD0034,Karachi-Main,0,3,130,58
2026-05-27,PROD0035,Karachi-Main,0,4,280,56
2026-05-27,PROD0036,Karachi-Main,0,2,261,34
2026-05-27,PROD0037,Karachi-Main,0,2,95,40
2026-05-27,PROD0038,Lahore-Hub,0,3,395,57
2026-05-27,PROD0039,Karachi-Main,0,1,227,34
2026-05-27,PROD0040,Lahore-Hub,0,2,145,48
2026-05-27,PROD0041,Lahore-Hub,0,4,70,36
2026-05-27,PROD0042,Karachi-Main,0,6,104,39
2026-05-27,PROD0043,Karachi-Main,0,4,185,22
2026-05-27,PROD0044,Karachi-Main,0,1,365,34
2026-05-27,PROD0045,Lahore-Hub,0,4,399,57
2026-05-27,PROD0046,Lahore-Hub,100,4,400,36
2026-05-27,PROD0047,Karachi-Main,0,1,191,45
2026-05-27,PROD0048,Lahore-Hub,0,5,149,36
2026-05-27,PROD0049,Karachi-Main,0,2,147,20
2026-05-27,PROD0050,Lahore-Hub,0,1,262,53
2026-05-27,PROD0051,Karachi-Main,0,4,70,34
2026-05-27,PROD0052,Lahore-Hub,0,3,51,22
2026-05-27,PROD0053,Lahore-Hub,0,3,275,34
2026-05-27,PROD0054,Lahore-Hub,20,6,236,48
2026-05-27,PROD0055,Karachi-Main,0,4,478,35
2026-05-27,PROD0056,Karachi-Main,0,9,234,45
2026-05-27,PROD0057,Karachi-Main,0,3,232,20
2026-05-27,PROD0058,Karachi-Main,0,2,158,47
2026-05-27,PROD0059,Karachi-Main,0,3,302,23
2026-05-27,PROD0060,Lahore-Hub,0,2,315,24
2026-05-28,PROD0001,Karachi-Main,0,5,281,52
2026-05-28,PROD0002,Karachi-Main,0,4,370,32
2026-05-28,PROD0003,Karachi-Main,0,3,350,33
2026-05-28,PROD0004,Lahore-Hub,0,5,305,29
2026-05-28,PROD0005,Karachi-Main,0,3,376,41
2026-05-28,PROD0006,Lahore-Hub,0,1,434,52
2026-05-28,PROD0007,Lahore-Hub,0,3,200,37
2026-05-28,PROD0008,Lahore-Hub,0,7,145,53
2026-05-28,PROD0009,Lahore-Hub,0,3,295,45
2026-05-28,PROD0010,Lahore-Hub,0,2,85,53
2026-05-28,PROD0011,Karachi-Main,0,5,349,57
2026-05-28,PROD0012,Lahore-Hub,50,2,223,59
2026-05-28,PROD0013,Lahore-Hub,0,4,394,59
2026-05-28,PROD0014,Lahore-Hub,0,1,206,32
2026-05-28,PROD0015,Lahore-Hub,0,3,223,47
2026-05-28,PROD0016,Lahore-Hub,0,8,73,22
2026-05-28,PROD0017,Lahore-Hub,0,3,73,49
2026-05-28,PROD0018,Karachi-Main,0,5,59,57
2026-05-28,PROD0019,Karachi-Main,0,6,187,55
2026-05-28,PROD0020,Lahore-Hub,0,5,259,38
2026-05-28,PROD0021,Karachi-Main,0,4,131,54
2026-05-28,PROD0022,Karachi-Main,100,3,386,49
2026-05-28,PROD0023,Karachi-Main,0,4,333,22
2026-05-28,PROD0024,Lahore-Hub,0,0,302,38
2026-05-28,PROD0025,Karachi-Main,0,8,232,41
2026-05-28,PROD0026,Karachi-Main,0,2,400,21
2026-05-28,PROD0027,Karachi-Main,0,4,258,46
2026-05-28,PROD0028,Karachi-Main,0,0,335,57
2026-05-28,PROD0029,Lahore-Hub,0,1,268,60
2026-05-28,PROD0030,Lahore-Hub,0,7,202,24
2026-05-28,PROD0031,Karachi-Main,0,4,391,50
2026-05-28,PROD0032,Lahore-Hub,0,5,245,46
2026-05-28,PROD0033,Karachi-Main,0,1,148,49
2026-05-28,PROD0034,Lahore-Hub,0,5,125,58
2026-05-28,PROD0035,Lahore-Hub,0,1,279,56
2026-05-28,PROD0036,Lahore-Hub,0,2,259,34
2026-05-28,PROD0037,Karachi-Main,100,1,194,40
2026-05-28,PROD0038,Lahore-Hub,0,4,391,57
2026-05-28,PROD0039,Lahore-Hub,0,3,224,34
2026-05-28,PROD0040,Karachi-Main,0,1,144,48
2026-05-28,PROD0041,Karachi-Main,0,3,67,36
2026-05-28,PROD0042,Karachi-Main,0,2,102,39
2026-05-28,PROD0043,Lahore-Hub,0,2,183,22
2026-05-28,PROD0044,Karachi-Main,0,1,364,34
2026-05-28,PROD0045,Karachi-Main,0,3,396,57
2026-05-28,PROD0046,Karachi-Main,0,2,398,36
2026-05-28,PROD0047,Karachi-Main,0,3,188,45
2026-05-28,PROD0048,Karachi-Main,0,3,146,36
2026-05-28,PROD0049,Karachi-Main,0,5,142,20
2026-05-28,PROD0050,Karachi-Main,0,6,256,53
2026-05-28,PROD0051,Karachi-Main,0,3,67,34
2026-05-28,PROD0052,Karachi-Main,50,5,96,22
2026-05-28,PROD0053,Karachi-Main,0,2,273,34
2026-05-28,PROD0054,Lahore-Hub,0,2,234,48
2026-05-28,PROD0055,Lahore-Hub,0,4,474,35
2026-05-28,PROD0056,Karachi-Main,0,3,231,45
2026-05-28,PROD0057,Lahore-Hub,0,2,230,20
2026-05-28,PROD0058,Karachi-Main,0,1,157,47
2026-05-28,PROD0059,Karachi-Main,0,5,297,23
2026-05-28,PROD0060,Lahore-Hub,0,3,312,24
2026-05-29,PROD0001,Lahore-Hub,0,4,277,52
2026-05-29,PROD0002,Lahore-Hub,0,1,369,32
2026-05-29,PROD0003,Lahore-Hub,0,3,347,33
2026-05-29,PROD0004,Lahore-Hub,0,4,301,29
2026-05-29,PROD0005,Karachi-Main,0,2,374,41
2026-05-29,PROD0006,Karachi-Main,0,2,432,52
2026-05-29,PROD0007,Lahore-Hub,0,2,198,37
2026-05-29,PROD0008,Karachi-Main,0,4,141,53
2026-05-29,PROD0009,Lahore-Hub,0,5,290,45
2026-05-29,PROD0010,Karachi-Main,100,2,183,53
2026-05-29,PROD0011,Karachi-Main,0,2,347,57
2026-05-29,PROD0012,Karachi-Main,0,4,219,59
2026-05-29,PROD0013,Karachi-Main,50,0,444,59
2026-05-29,PROD0014,Karachi-Main,0,3,203,32
2026-05-29,PROD0015,Karachi-Main,0,0,223,47
2026-05-29,PROD0016,Karachi-Main,0,2,71,22
2026-05-29,PROD0017,Karachi-Main,0,2,71,49
2026-05-29,PROD0018,Karachi-Main,0,1,58,57
2026-05-29,PROD0019,Karachi-Main,0,4,183,55
2026-05-29,PROD0020,Lahore-Hub,0,5,254,38
2026-05-29,PROD0021,Karachi-Main,0,1,130,54
2026-05-29,PROD0022,Karachi-Main,0,4,382,49
2026-05-29,PROD0023,Karachi-Main,0,0,333,22
2026-05-29,PROD0024,Karachi-Main,0,6,296,38
2026-05-29,PROD0025,Lahore-Hub,0,5,227,41
2026-05-29,PROD0026,Karachi-Main,0,1,399,21
2026-05-29,PROD0027,Karachi-Main,0,5,253,46
2026-05-29,PROD0028,Lahore-Hub,0,1,334,57
2026-05-29,PROD0029,Karachi-Main,0,4,264,60
2026-05-29,PROD0030,Lahore-Hub,0,2,200,24
2026-05-29,PROD0031,Lahore-Hub,0,1,390,50
2026-05-29,PROD0032,Lahore-Hub,0,3,242,46
2026-05-29,PROD0033,Karachi-Main,0,3,145,49
2026-05-29,PROD0034,Lahore-Hub,0,6,119,58
2026-05-29,PROD0035,Lahore-Hub,0,0,279,56
2026-05-29,PROD0036,Karachi-Main,0,3,256,34
2026-05-29,PROD0037,Lahore-Hub,0,5,189,40
2026-05-29,PROD0038,Lahore-Hub,0,1,390,57
2026-05-29,PROD0039,Karachi-Main,20,3,241,34
2026-05-29,PROD0040,Karachi-Main,0,4,140,48
2026-05-29,PROD0041,Lahore-Hub,0,2,65,36
2026-05-29,PROD0042,Lahore-Hub,0,3,99,39
2026-05-29,PROD0043,Karachi-Main,0,7,176,22
2026-05-29,PROD0044,Lahore-Hub,0,1,363,34
2026-05-29,PROD0045,Karachi-Main,20,3,413,57
2026-05-29,PROD0046,Karachi-Main,0,3,395,36
2026-05-29,PROD0047,Lahore-Hub,0,1,187,45
2026-05-29,PROD0048,Karachi-Main,0,1,145,36
2026-05-29,PROD0049,Karachi-Main,0,2,140,20
2026-05-29,PROD0050,Lahore-Hub,0,2,254,53
2026-05-29,PROD0051,Lahore-Hub,0,6,61,34
2026-05-29,PROD0052,Lahore-Hub,0,1,95,22
2026-05-29,PROD0053,Lahore-Hub,0,3,270,34
2026-05-29,PROD0054,Karachi-Main,0,3,231,48
2026-05-29,PROD0055,Lahore-Hub,0,4,470,35
2026-05-29,PROD0056,Lahore-Hub,0,2,229,45
2026-05-29,PROD0057,Lahore-Hub,0,3,227,20
2026-05-29,PROD0058,Karachi-Main,0,4,153,47
2026-05-29,PROD0059,Lahore-Hub,0,2,295,23
2026-05-29,PROD0060,Karachi-Main,0,3,309,24
2026-05-30,PROD0001,Karachi-Main,0,2,275,52
2026-05-30,PROD0002,Lahore-Hub,0,4,365,32
2026-05-30,PROD0003,Lahore-Hub,0,1,346,33
2026-05-30,PROD0004,Karachi-Main,0,3,298,29
2026-05-30,PROD0005,Karachi-Main,0,5,369,41
2026-05-30,PROD0006,Karachi-Main,0,2,430,52
2026-05-30,PROD0007,Lahore-Hub,0,4,194,37
2026-05-30,PROD0008,Karachi-Main,0,2,139,53
2026-05-30,PROD0009,Lahore-Hub,0,1,289,45
2026-05-30,PROD0010,Karachi-Main,0,3,180,53
2026-05-30,PROD0011,Karachi-Main,100,4,443,57
2026-05-30,PROD0012,Lahore-Hub,0,7,212,59
2026-05-30,PROD0013,Karachi-Main,0,4,440,59
2026-05-30,PROD0014,Lahore-Hub,0,6,197,32
2026-05-30,PROD0015,Karachi-Main,0,4,219,47
2026-05-30,PROD0016,Karachi-Main,0,1,70,22
2026-05-30,PROD0017,Karachi-Main,0,1,70,49
2026-05-30,PROD0018,Karachi-Main,0,7,51,57
2026-05-30,PROD0019,Lahore-Hub,0,4,179,55
2026-05-30,PROD0020,Karachi-Main,0,3,251,38
2026-05-30,PROD0021,Karachi-Main,20,3,147,54
2026-05-30,PROD0022,Lahore-Hub,0,3,379,49
2026-05-30,PROD0023,Karachi-Main,0,3,330,22
2026-05-30,PROD0024,Karachi-Main,50,1,345,38
2026-05-30,PROD0025,Lahore-Hub,0,1,226,41
2026-05-30,PROD0026,Lahore-Hub,0,3,396,21
2026-05-30,PROD0027,Karachi-Main,0,0,253,46
2026-05-30,PROD0028,Karachi-Main,0,3,331,57
2026-05-30,PROD0029,Karachi-Main,20,3,281,60
2026-05-30,PROD0030,Lahore-Hub,0,0,200,24
2026-05-30,PROD0031,Karachi-Main,0,2,388,50
2026-05-30,PROD0032,Lahore-Hub,0,1,241,46
2026-05-30,PROD0033,Lahore-Hub,0,2,143,49
2026-05-30,PROD0034,Karachi-Main,0,4,115,58
2026-05-30,PROD0035,Lahore-Hub,100,4,375,56
2026-05-30,PROD0036,Karachi-Main,0,1,255,34
2026-05-30,PROD0037,Lahore-Hub,0,3,186,40
2026-05-30,PROD0038,Karachi-Main,0,3,387,57
2026-05-30,PROD0039,Karachi-Main,0,2,239,34
2026-05-30,PROD0040,Lahore-Hub,0,2,138,48
2026-05-30,PROD0041,Karachi-Main,0,3,62,36
2026-05-30,PROD0042,Lahore-Hub,0,2,97,39
2026-05-30,PROD0043,Karachi-Main,100,3,273,22
2026-05-30,PROD0044,Lahore-Hub,0,2,361,34
2026-05-30,PROD0045,Lahore-Hub,0,1,412,57
2026-05-30,PROD0046,Karachi-Main,0,0,395,36
2026-05-30,PROD0047,Karachi-Main,0,3,184,45
2026-05-30,PROD0048,Karachi-Main,0,4,141,36
2026-05-30,PROD0049,Lahore-Hub,0,4,136,20
2026-05-30,PROD0050,Lahore-Hub,50,3,301,53
2026-05-30,PROD0051,Karachi-Main,0,3,58,34
2026-05-30,PROD0052,Lahore-Hub,0,6,89,22
2026-05-30,PROD0053,Karachi-Main,0,4,266,34
2026-05-30,PROD0054,Lahore-Hub,0,4,227,48
2026-05-30,PROD0055,Lahore-Hub,0,5,465,35
2026-05-30,PROD0056,Karachi-Main,0,1,228,45
2026-05-30,PROD0057,Karachi-Main,0,4,223,20
2026-05-30,PROD0058,Karachi-Main,0,2,151,47
2026-05-30,PROD0059,Karachi-Main,0,4,291,23
2026-05-30,PROD0060,Karachi-Main,0,5,304,24
2026-05-31,PROD0001,Lahore-Hub,0,2,273,52
2026-05-31,PROD0002,Lahore-Hub,0,4,361,32
2026-05-31,PROD0003,Lahore-Hub,0,1,345,33
2026-05-31,PROD0004,Karachi-Main,0,2,296,29
2026-05-31,PROD0005,Karachi-Main,0,4,365,41
2026-05-31,PROD0006,Karachi-Main,0,1,429,52
2026-05-31,PROD0007,Karachi-Main,0,1,193,37
2026-05-31,PROD0008,Karachi-Main,0,0,139,53
2026-05-31,PROD0009,Karachi-Main,0,3,286,45
2026-05-31,PROD0010,Lahore-Hub,0,3,177,53
2026-05-31,PROD0011,Karachi-Main,0,4,439,57
2026-05-31,PROD0012,Karachi-Main,0,2,210,59
2026-05-31,PROD0013,Lahore-Hub,0,3,437,59
2026-05-31,PROD0014,Karachi-Main,0,6,191,32
2026-05-31,PROD0015,Lahore-Hub,0,2,217,47
2026-05-31,PROD0016,Lahore-Hub,0,2,68,22
2026-05-31,PROD0017,Lahore-Hub,0,2,68,49
2026-05-31,PROD0018,Lahore-Hub,0,4,47,57
2026-05-31,PROD0019,Lahore-Hub,0,1,178,55
2026-05-31,PROD0020,Lahore-Hub,0,4,247,38
2026-05-31,PROD0021,Karachi-Main,0,3,144,54
2026-05-31,PROD0022,Karachi-Main,0,3,376,49
2026-05-31,PROD0023,Lahore-Hub,100,5,425,22
2026-05-31,PROD0024,Karachi-Main,0,3,342,38
2026-05-31,PROD0025,Karachi-Main,20,1,245,41
2026-05-31,PROD0026,Karachi-Main,0,1,395,21
2026-05-31,PROD0027,Lahore-Hub,0,3,250,46
2026-05-31,PROD0028,Karachi-Main,0,5,326,57
2026-05-31,PROD0029,Lahore-Hub,0,4,277,60
2026-05-31,PROD0030,Karachi-Main,0,2,198,24
2026-05-31,PROD0031,Lahore-Hub,0,7,381,50
2026-05-31,PROD0032,Karachi-Main,0,0,241,46
2026-05-31,PROD0033,Lahore-Hub,0,4,139,49
2026-05-31,PROD0034,Karachi-Main,0,2,113,58
2026-05-31,PROD0035,Karachi-Main,0,3,372,56
2026-05-31,PROD0036,Karachi-Main,0,1,254,34
2026-05-31,PROD0037,Karachi-Main,0,3,183,40
2026-05-31,PROD0038,Lahore-Hub,0,1,386,57
2026-05-31,PROD0039,Karachi-Main,0,3,236,34
2026-05-31,PROD0040,Karachi-Main,50,6,182,48
2026-05-31,PROD0041,Karachi-Main,0,3,59,36
2026-05-31,PROD0042,Lahore-Hub,0,2,95,39
2026-05-31,PROD0043,Lahore-Hub,0,1,272,22
2026-05-31,PROD0044,Karachi-Main,0,4,357,34
2026-05-31,PROD0045,Karachi-Main,0,4,408,57
2026-05-31,PROD0046,Karachi-Main,0,3,392,36
2026-05-31,PROD0047,Karachi-Main,0,1,183,45
2026-05-31,PROD0048,Lahore-Hub,0,4,137,36
2026-05-31,PROD0049,Lahore-Hub,0,2,134,20
2026-05-31,PROD0050,Lahore-Hub,0,4,297,53
2026-05-31,PROD0051,Karachi-Main,0,1,57,34
2026-05-31,PROD0052,Karachi-Main,0,5,84,22
2026-05-31,PROD0053,Karachi-Main,0,3,263,34
2026-05-31,PROD0054,Lahore-Hub,0,1,226,48
2026-05-31,PROD0055,Lahore-Hub,0,2,463,35
2026-05-31,PROD0056,Lahore-Hub,0,1,227,45
2026-05-31,PROD0057,Karachi-Main,0,5,218,20
2026-05-31,PROD0058,Karachi-Main,0,1,150,47
2026-05-31,PROD0059,Karachi-Main,0,3,288,23
2026-05-31,PROD0060,Lahore-Hub,0,2,302,24
2026-06-01,PROD0001,Lahore-Hub,0,3,270,52
2026-06-01,PROD0002,Lahore-Hub,0,2,359,32
2026-06-01,PROD0003,Karachi-Main,0,5,340,33
2026-06-01,PROD0004,Karachi-Main,0,4,292,29
2026-06-01,PROD0005,Lahore-Hub,20,5,380,41
2026-06-01,PROD0006,Karachi-Main,0,2,427,52
2026-06-01,PROD0007,Karachi-Main,0,3,190,37
2026-06-01,PROD0008,Lahore-Hub,50,2,187,53
2026-06-01,PROD0009,Karachi-Main,0,1,285,45
2026-06-01,PROD0010,Lahore-Hub,0,3,174,53
2026-06-01,PROD0011,Lahore-Hub,0,1,438,57
2026-06-01,PROD0012,Karachi-Main,0,7,203,59
2026-06-01,PROD0013,Karachi-Main,0,6,431,59
2026-06-01,PROD0014,Karachi-Main,20,3,208,32
2026-06-01,PROD0015,Lahore-Hub,0,4,213,47
2026-06-01,PROD0016,Lahore-Hub,0,1,67,22
2026-06-01,PROD0017,Lahore-Hub,0,1,67,49
2026-06-01,PROD0018,Lahore-Hub,0,2,45,57
2026-06-01,PROD0019,Karachi-Main,0,3,175,55
2026-06-01,PROD0020,Lahore-Hub,0,3,244,38
2026-06-01,PROD0021,Lahore-Hub,0,1,143,54
2026-06-01,PROD0022,Lahore-Hub,0,4,372,49
2026-06-01,PROD0023,Karachi-Main,0,1,424,22
2026-06-01,PROD0024,Lahore-Hub,0,3,339,38
2026-06-01,PROD0025,Lahore-Hub,0,3,242,41
2026-06-01,PROD0026,Lahore-Hub,0,1,394,21
2026-06-01,PROD0027,Karachi-Main,0,2,248,46
2026-06-01,PROD0028,Lahore-Hub,0,4,322,57
2026-06-01,PROD0029,Lahore-Hub,0,2,275,60
2026-06-01,PROD0030,Karachi-Main,0,0,198,24
2026-06-01,PROD0031,Lahore-Hub,0,4,377,50
2026-06-01,PROD0032,Karachi-Main,0,0,241,46
2026-06-01,PROD0033,Lahore-Hub,0,2,137,49
2026-06-01,PROD0034,Lahore-Hub,0,5,108,58
2026-06-01,PROD0035,Karachi-Main,0,1,371,56
2026-06-01,PROD0036,Karachi-Main,0,5,249,34
2026-06-01,PROD0037,Karachi-Main,0,4,179,40
2026-06-01,PROD0038,Karachi-Main,0,4,382,57
2026-06-01,PROD0039,Karachi-Main,0,3,233,34
2026-06-01,PROD0040,Lahore-Hub,0,6,176,48
2026-06-01,PROD0041,Karachi-Main,20,2,77,36
2026-06-01,PROD0042,Lahore-Hub,0,4,91,39
2026-06-01,PROD0043,Karachi-Main,0,2,270,22
2026-06-01,PROD0044,Karachi-Main,0,5,352,34
2026-06-01,PROD0045,Lahore-Hub,0,3,405,57
2026-06-01,PROD0046,Karachi-Main,0,3,389,36
2026-06-01,PROD0047,Karachi-Main,0,3,180,45
2026-06-01,PROD0048,Lahore-Hub,0,1,136,36
2026-06-01,PROD0049,Lahore-Hub,0,3,131,20
2026-06-01,PROD0050,Karachi-Main,0,6,291,53
2026-06-01,PROD0051,Lahore-Hub,0,3,54,34
2026-06-01,PROD0052,Lahore-Hub,0,1,83,22
2026-06-01,PROD0053,Karachi-Main,0,3,260,34
2026-06-01,PROD0054,Lahore-Hub,0,3,223,48
2026-06-01,PROD0055,Lahore-Hub,0,2,461,35
2026-06-01,PROD0056,Karachi-Main,0,3,224,45
2026-06-01,PROD0057,Karachi-Main,0,0,218,20
2026-06-01,PROD0058,Lahore-Hub,0,8,142,47
2026-06-01,PROD0059,Lahore-Hub,0,1,287,23
2026-06-01,PROD0060,Lahore-Hub,0,1,301,24
2026-06-02,PROD0001,Karachi-Main,0,3,267,52
2026-06-02,PROD0002,Lahore-Hub,0,2,357,32
2026-06-02,PROD0003,Lahore-Hub,0,2,338,33
2026-06-02,PROD0004,Karachi-Main,0,3,289,29
2026-06-02,PROD0005,Karachi-Main,0,4,376,41
2026-06-02,PROD0006,Lahore-Hub,0,3,424,52
2026-06-02,PROD0007,Lahore-Hub,0,7,183,37
2026-06-02,PROD0008,Lahore-Hub,0,3,184,53
2026-06-02,PROD0009,Karachi-Main,0,3,282,45
2026-06-02,PROD0010,Lahore-Hub,0,3,171,53
2026-06-02,PROD0011,Lahore-Hub,0,5,433,57
2026-06-02,PROD0012,Karachi-Main,0,5,198,59
2026-06-02,PROD0013,Lahore-Hub,0,4,427,59
2026-06-02,PROD0014,Karachi-Main,0,4,204,32
2026-06-02,PROD0015,Karachi-Main,0,2,211,47
2026-06-02,PROD0016,Lahore-Hub,0,6,61,22
2026-06-02,PROD0017,Karachi-Main,0,3,64,49
2026-06-02,PROD0018,Karachi-Main,0,2,43,57
2026-06-02,PROD0019,Lahore-Hub,0,6,169,55
2026-06-02,PROD0020,Karachi-Main,0,4,240,38
2026-06-02,PROD0021,Lahore-Hub,0,3,140,54
2026-06-02,PROD0022,Lahore-Hub,0,3,369,49
2026-06-02,PROD0023,Lahore-Hub,0,6,418,22
2026-06-02,PROD0024,Karachi-Main,0,4,335,38
2026-06-02,PROD0025,Lahore-Hub,0,2,240,41
2026-06-02,PROD0026,Lahore-Hub,0,1,393,21
2026-06-02,PROD0027,Lahore-Hub,0,3,245,46
2026-06-02,PROD0028,Karachi-Main,0,4,318,57
2026-06-02,PROD0029,Lahore-Hub,0,5,270,60
2026-06-02,PROD0030,Lahore-Hub,0,6,192,24
2026-06-02,PROD0031,Lahore-Hub,0,2,375,50
2026-06-02,PROD0032,Lahore-Hub,20,4,257,46
2026-06-02,PROD0033,Karachi-Main,0,4,133,49
2026-06-02,PROD0034,Lahore-Hub,0,0,108,58
2026-06-02,PROD0035,Karachi-Main,0,4,367,56
2026-06-02,PROD0036,Lahore-Hub,0,5,244,34
2026-06-02,PROD0037,Karachi-Main,0,2,177,40
2026-06-02,PROD0038,Karachi-Main,20,5,397,57
2026-06-02,PROD0039,Lahore-Hub,0,4,229,34
2026-06-02,PROD0040,Karachi-Main,0,5,171,48
2026-06-02,PROD0041,Lahore-Hub,0,2,75,36
2026-06-02,PROD0042,Lahore-Hub,0,2,89,39
2026-06-02,PROD0043,Lahore-Hub,0,0,270,22
2026-06-02,PROD0044,Karachi-Main,0,4,348,34
2026-06-02,PROD0045,Karachi-Main,0,1,404,57
2026-06-02,PROD0046,Karachi-Main,0,2,387,36
2026-06-02,PROD0047,Karachi-Main,0,3,177,45
2026-06-02,PROD0048,Karachi-Main,0,2,134,36
2026-06-02,PROD0049,Karachi-Main,0,2,129,20
2026-06-02,PROD0050,Karachi-Main,0,1,290,53
2026-06-02,PROD0051,Karachi-Main,0,3,51,34
2026-06-02,PROD0052,Lahore-Hub,0,4,79,22
2026-06-02,PROD0053,Karachi-Main,0,6,254,34
2026-06-02,PROD0054,Karachi-Main,0,3,220,48
2026-06-02,PROD0055,Lahore-Hub,0,2,459,35
2026-06-02,PROD0056,Karachi-Main,0,3,221,45
2026-06-02,PROD0057,Karachi-Main,0,1,217,20
2026-06-02,PROD0058,Lahore-Hub,0,2,140,47
2026-06-02,PROD0059,Lahore-Hub,0,1,286,23
2026-06-02,PROD0060,Lahore-Hub,0,3,298,24
2026-06-03,PROD0001,Karachi-Main,0,4,263,52
2026-06-03,PROD0002,Karachi-Main,0,2,355,32
2026-06-03,PROD0003,Lahore-Hub,0,2,336,33
2026-06-03,PROD0004,Lahore-Hub,0,3,286,29
2026-06-03,PROD0005,Karachi-Main,0,2,374,41
2026-06-03,PROD0006,Lahore-Hub,0,2,422,52
2026-06-03,PROD0007,Karachi-Main,0,3,180,37
2026-06-03,PROD0008,Karachi-Main,0,1,183,53
2026-06-03,PROD0009,Karachi-Main,0,6,276,45
2026-06-03,PROD0010,Karachi-Main,0,2,169,53
2026-06-03,PROD0011,Lahore-Hub,0,2,431,57
2026-06-03,PROD0012,Karachi-Main,0,2,196,59
2026-06-03,PROD0013,Lahore-Hub,0,4,423,59
2026-06-03,PROD0014,Karachi-Main,0,1,203,32
2026-06-03,PROD0015,Lahore-Hub,0,2,209,47
2026-06-03,PROD0016,Lahore-Hub,0,4,57,22
2026-06-03,PROD0017,Lahore-Hub,0,3,61,49
2026-06-03,PROD0018,Karachi-Main,0,3,40,57
2026-06-03,PROD0019,Lahore-Hub,0,3,166,55
2026-06-03,PROD0020,Lahore-Hub,0,6,234,38
2026-06-03,PROD0021,Lahore-Hub,0,3,137,54
2026-06-03,PROD0022,Karachi-Main,0,3,366,49
2026-06-03,PROD0023,Lahore-Hub,0,1,417,22
2026-06-03,PROD0024,Karachi-Main,0,2,333,38
2026-06-03,PROD0025,Karachi-Main,20,4,256,41
2026-06-03,PROD0026,Karachi-Main,0,3,390,21
2026-06-03,PROD0027,Lahore-Hub,50,3,292,46
2026-06-03,PROD0028,Karachi-Main,0,2,316,57
2026-06-03,PROD0029,Lahore-Hub,0,3,267,60
2026-06-03,PROD0030,Karachi-Main,0,1,191,24
2026-06-03,PROD0031,Karachi-Main,0,2,373,50
2026-06-03,PROD0032,Lahore-Hub,0,2,255,46
2026-06-03,PROD0033,Karachi-Main,0,3,130,49
2026-06-03,PROD0034,Lahore-Hub,0,5,103,58
2026-06-03,PROD0035,Lahore-Hub,0,3,364,56
2026-06-03,PROD0036,Karachi-Main,0,6,238,34
2026-06-03,PROD0037,Lahore-Hub,20,2,195,40
2026-06-03,PROD0038,Karachi-Main,0,5,392,57
2026-06-03,PROD0039,Karachi-Main,0,6,223,34
2026-06-03,PROD0040,Lahore-Hub,20,6,185,48
2026-06-03,PROD0041,Lahore-Hub,0,3,72,36
2026-06-03,PROD0042,Lahore-Hub,0,4,85,39
2026-06-03,PROD0043,Lahore-Hub,0,3,267,22
2026-06-03,PROD0044,Lahore-Hub,0,2,346,34
2026-06-03,PROD0045,Lahore-Hub,0,5,399,57
2026-06-03,PROD0046,Lahore-Hub,0,4,383,36
2026-06-03,PROD0047,Lahore-Hub,0,2,175,45
2026-06-03,PROD0048,Lahore-Hub,100,0,234,36
2026-06-03,PROD0049,Karachi-Main,0,0,129,20
2026-06-03,PROD0050,Lahore-Hub,0,5,285,53
2026-06-03,PROD0051,Lahore-Hub,0,6,45,34
2026-06-03,PROD0052,Lahore-Hub,0,1,78,22
2026-06-03,PROD0053,Karachi-Main,0,2,252,34
2026-06-03,PROD0054,Lahore-Hub,0,5,215,48
2026-06-03,PROD0055,Karachi-Main,0,4,455,35
2026-06-03,PROD0056,Karachi-Main,0,3,218,45
2026-06-03,PROD0057,Karachi-Main,0,2,215,20
2026-06-03,PROD0058,Lahore-Hub,0,0,140,47
2026-06-03,PROD0059,Lahore-Hub,0,4,282,23
2026-06-03,PROD0060,Karachi-Main,0,5,293,24
2026-06-04,PROD0001,Karachi-Main,0,2,261,52
2026-06-04,PROD0002,Lahore-Hub,0,3,352,32
2026-06-04,PROD0003,Karachi-Main,0,7,329,33
2026-06-04,PROD0004,Lahore-Hub,50,5,331,29
2026-06-04,PROD0005,Lahore-Hub,0,3,371,41
2026-06-04,PROD0006,Karachi-Main,0,1,421,52
2026-06-04,PROD0007,Lahore-Hub,50,3,227,37
2026-06-04,PROD0008,Karachi-Main,0,4,179,53
2026-06-04,PROD0009,Lahore-Hub,0,1,275,45
2026-06-04,PROD0010,Lahore-Hub,0,3,166,53
2026-06-04,PROD0011,Lahore-Hub,0,3,428,57
2026-06-04,PROD0012,Lahore-Hub,0,4,192,59
2026-06-04,PROD0013,Karachi-Main,0,1,422,59
2026-06-04,PROD0014,Karachi-Main,0,2,201,32
2026-06-04,PROD0015,Karachi-Main,0,3,206,47
2026-06-04,PROD0016,Karachi-Main,0,2,55,22
2026-06-04,PROD0017,Lahore-Hub,100,1,160,49
2026-06-04,PROD0018,Lahore-Hub,0,1,39,57
2026-06-04,PROD0019,Karachi-Main,0,3,163,55
2026-06-04,PROD0020,Karachi-Main,0,0,234,38
2026-06-04,PROD0021,Lahore-Hub,20,3,154,54
2026-06-04,PROD0022,Lahore-Hub,0,1,365,49
2026-06-04,PROD0023,Karachi-Main,0,1,416,22
2026-06-04,PROD0024,Karachi-Main,0,7,326,38
2026-06-04,PROD0025,Lahore-Hub,0,3,253,41
2026-06-04,PROD0026,Karachi-Main,0,2,388,21
2026-06-04,PROD0027,Lahore-Hub,0,4,288,46
2026-06-04,PROD0028,Lahore-Hub,0,4,312,57
2026-06-04,PROD0029,Karachi-Main,0,0,267,60
2026-06-04,PROD0030,Lahore-Hub,0,3,188,24
2026-06-04,PROD0031,Karachi-Main,50,3,420,50
2026-06-04,PROD0032,Karachi-Main,0,7,248,46
2026-06-04,PROD0033,Lahore-Hub,0,3,127,49
2026-06-04,PROD0034,Lahore-Hub,0,2,101,58
2026-06-04,PROD0035,Lahore-Hub,0,4,360,56
2026-06-04,PROD0036,Lahore-Hub,0,2,236,34
2026-06-04,PROD0037,Karachi-Main,0,2,193,40
2026-06-04,PROD0038,Lahore-Hub,0,3,389,57
2026-06-04,PROD0039,Karachi-Main,0,0,223,34
2026-06-04,PROD0040,Lahore-Hub,0,0,185,48
2026-06-04,PROD0041,Karachi-Main,0,3,69,36
2026-06-04,PROD0042,Karachi-Main,0,4,81,39
2026-06-04,PROD0043,Karachi-Main,0,6,261,22
2026-06-04,PROD0044,Lahore-Hub,0,4,342,34
2026-06-04,PROD0045,Lahore-Hub,0,2,397,57
2026-06-04,PROD0046,Lahore-Hub,50,2,431,36
2026-06-04,PROD0047,Lahore-Hub,0,8,167,45
2026-06-04,PROD0048,Lahore-Hub,0,4,230,36
2026-06-04,PROD0049,Karachi-Main,0,3,126,20
2026-06-04,PROD0050,Karachi-Main,0,1,284,53
2026-06-04,PROD0051,Karachi-Main,0,2,43,34
2026-06-04,PROD0052,Lahore-Hub,0,1,77,22
2026-06-04,PROD0053,Lahore-Hub,0,3,249,34
2026-06-04,PROD0054,Karachi-Main,0,4,211,48
2026-06-04,PROD0055,Lahore-Hub,0,0,455,35
2026-06-04,PROD0056,Karachi-Main,0,2,216,45
2026-06-04,PROD0057,Karachi-Main,0,5,210,20
2026-06-04,PROD0058,Karachi-Main,0,5,135,47
2026-06-04,PROD0059,Lahore-Hub,0,3,279,23
2026-06-04,PROD0060,Karachi-Main,0,1,292,24
2026-06-05,PROD0001,Lahore-Hub,0,3,258,52
2026-06-05,PROD0002,Karachi-Main,0,2,350,32
2026-06-05,PROD0003,Karachi-Main,0,5,324,33
2026-06-05,PROD0004,Lahore-Hub,0,1,330,29
2026-06-05,PROD0005,Karachi-Main,0,3,368,41
2026-06-05,PROD0006,Karachi-Main,0,3,418,52
2026-06-05,PROD0007,Karachi-Main,20,4,243,37
2026-06-05,PROD0008,Karachi-Main,0,2,177,53
2026-06-05,PROD0009,Karachi-Main,0,2,273,45
2026-06-05,PROD0010,Karachi-Main,0,1,165,53
2026-06-05,PROD0011,Karachi-Main,0,0,428,57
2026-06-05,PROD0012,Karachi-Main,100,2,290,59
2026-06-05,PROD0013,Lahore-Hub,0,2,420,59
2026-06-05,PROD0014,Lahore-Hub,0,1,200,32
2026-06-05,PROD0015,Karachi-Main,0,5,201,47
2026-06-05,PROD0016,Lahore-Hub,0,7,48,22
2026-06-05,PROD0017,Lahore-Hub,0,2,158,49
2026-06-05,PROD0018,Lahore-Hub,0,2,37,57
2026-06-05,PROD0019,Lahore-Hub,0,2,161,55
2026-06-05,PROD0020,Karachi-Main,20,1,253,38
2026-06-05,PROD0021,Lahore-Hub,0,2,152,54
2026-06-05,PROD0022,Lahore-Hub,0,2,363,49
2026-06-05,PROD0023,Karachi-Main,0,5,411,22
2026-06-05,PROD0024,Karachi-Main,0,0,326,38
2026-06-05,PROD0025,Lahore-Hub,50,3,300,41
2026-06-05,PROD0026,Karachi-Main,0,2,386,21
2026-06-05,PROD0027,Lahore-Hub,0,5,283,46
2026-06-05,PROD0028,Lahore-Hub,0,3,309,57
2026-06-05,PROD0029,Lahore-Hub,0,5,262,60
2026-06-05,PROD0030,Karachi-Main,0,6,182,24
2026-06-05,PROD0031,Karachi-Main,0,3,417,50
2026-06-05,PROD0032,Lahore-Hub,0,5,243,46
2026-06-05,PROD0033,Karachi-Main,0,2,125,49
2026-06-05,PROD0034,Karachi-Main,0,0,101,58
2026-06-05,PROD0035,Lahore-Hub,0,6,354,56
2026-06-05,PROD0036,Lahore-Hub,0,5,231,34
2026-06-05,PROD0037,Karachi-Main,0,3,190,40
2026-06-05,PROD0038,Lahore-Hub,0,6,383,57
2026-06-05,PROD0039,Karachi-Main,0,3,220,34
2026-06-05,PROD0040,Karachi-Main,0,1,184,48
2026-06-05,PROD0041,Karachi-Main,0,0,69,36
2026-06-05,PROD0042,Karachi-Main,0,2,79,39
2026-06-05,PROD0043,Karachi-Main,0,2,259,22
2026-06-05,PROD0044,Karachi-Main,0,4,338,34
2026-06-05,PROD0045,Karachi-Main,0,5,392,57
2026-06-05,PROD0046,Lahore-Hub,0,1,430,36
2026-06-05,PROD0047,Karachi-Main,100,4,263,45
2026-06-05,PROD0048,Karachi-Main,0,3,227,36
2026-06-05,PROD0049,Karachi-Main,0,2,124,20
2026-06-05,PROD0050,Karachi-Main,0,3,281,53
2026-06-05,PROD0051,Karachi-Main,0,2,41,34
2026-06-05,PROD0052,Karachi-Main,0,3,74,22
2026-06-05,PROD0053,Karachi-Main,0,5,244,34
2026-06-05,PROD0054,Karachi-Main,0,2,209,48
2026-06-05,PROD0055,Lahore-Hub,20,5,470,35
2026-06-05,PROD0056,Lahore-Hub,0,1,215,45
2026-06-05,PROD0057,Lahore-Hub,0,0,210,20
2026-06-05,PROD0058,Karachi-Main,0,4,131,47
2026-06-05,PROD0059,Lahore-Hub,0,6,273,23
2026-06-05,PROD0060,Lahore-Hub,0,4,288,24
2026-06-06,PROD0001,Lahore-Hub,0,3,255,52
2026-06-06,PROD0002,Karachi-Main,50,5,395,32
2026-06-06,PROD0003,Lahore-Hub,0,2,322,33
2026-06-06,PROD0004,Karachi-Main,0,2,328,29
2026-06-06,PROD0005,Karachi-Main,0,2,366,41
2026-06-06,PROD0006,Karachi-Main,0,4,414,52
2026-06-06,PROD0007,Lahore-Hub,0,3,240,37
2026-06-06,PROD0008,Karachi-Main,0,5,172,53
2026-06-06,PROD0009,Lahore-Hub,0,2,271,45
2026-06-06,PROD0010,Lahore-Hub,0,2,163,53
2026-06-06,PROD0011,Karachi-Main,0,3,425,57
2026-06-06,PROD0012,Karachi-Main,0,3,287,59
2026-06-06,PROD0013,Lahore-Hub,0,4,416,59
2026-06-06,PROD0014,Karachi-Main,0,1,199,32
2026-06-06,PROD0015,Lahore-Hub,0,0,201,47
2026-06-06,PROD0016,Lahore-Hub,0,1,47,22
2026-06-06,PROD0017,Karachi-Main,0,4,154,49
2026-06-06,PROD0018,Karachi-Main,0,3,34,57
2026-06-06,PROD0019,Lahore-Hub,0,4,157,55
2026-06-06,PROD0020,Karachi-Main,0,1,252,38
2026-06-06,PROD0021,Lahore-Hub,50,5,197,54
2026-06-06,PROD0022,Lahore-Hub,0,3,360,49
2026-06-06,PROD0023,Karachi-Main,0,4,407,22
2026-06-06,PROD0024,Karachi-Main,0,4,322,38
2026-06-06,PROD0025,Karachi-Main,0,4,296,41
2026-06-06,PROD0026,Lahore-Hub,0,1,385,21
2026-06-06,PROD0027,Lahore-Hub,20,4,299,46
2026-06-06,PROD0028,Lahore-Hub,0,3,306,57
2026-06-06,PROD0029,Karachi-Main,20,2,280,60
2026-06-06,PROD0030,Karachi-Main,0,5,177,24
2026-06-06,PROD0031,Karachi-Main,0,4,413,50
2026-06-06,PROD0032,Karachi-Main,0,3,240,46
2026-06-06,PROD0033,Lahore-Hub,0,4,121,49
2026-06-06,PROD0034,Lahore-Hub,0,4,97,58
2026-06-06,PROD0035,Karachi-Main,0,3,351,56
2026-06-06,PROD0036,Karachi-Main,0,1,230,34
2026-06-06,PROD0037,Lahore-Hub,0,2,188,40
2026-06-06,PROD0038,Karachi-Main,0,0,383,57
2026-06-06,PROD0039,Lahore-Hub,0,4,216,34
2026-06-06,PROD0040,Lahore-Hub,0,1,183,48
2026-06-06,PROD0041,Lahore-Hub,0,5,64,36
2026-06-06,PROD0042,Lahore-Hub,0,1,78,39
2026-06-06,PROD0043,Karachi-Main,0,4,255,22
2026-06-06,PROD0044,Karachi-Main,0,1,337,34
2026-06-06,PROD0045,Karachi-Main,0,6,386,57
2026-06-06,PROD0046,Lahore-Hub,0,4,426,36
2026-06-06,PROD0047,Karachi-Main,0,1,262,45
2026-06-06,PROD0048,Lahore-Hub,0,3,224,36
2026-06-06,PROD0049,Karachi-Main,0,3,121,20
2026-06-06,PROD0050,Lahore-Hub,0,4,277,53
2026-06-06,PROD0051,Karachi-Main,0,2,39,34
2026-06-06,PROD0052,Lahore-Hub,0,4,70,22
2026-06-06,PROD0053,Lahore-Hub,0,3,241,34
2026-06-06,PROD0054,Karachi-Main,0,3,206,48
2026-06-06,PROD0055,Lahore-Hub,0,2,468,35
2026-06-06,PROD0056,Karachi-Main,0,4,211,45
2026-06-06,PROD0057,Karachi-Main,0,3,207,20
2026-06-06,PROD0058,Lahore-Hub,0,1,130,47
2026-06-06,PROD0059,Karachi-Main,0,1,272,23
2026-06-06,PROD0060,Karachi-Main,50,2,336,24
2026-06-07,PROD0001,Lahore-Hub,0,2,253,52
2026-06-07,PROD0002,Lahore-Hub,0,1,394,32
2026-06-07,PROD0003,Karachi-Main,0,6,316,33
2026-06-07,PROD0004,Lahore-Hub,0,2,326,29
2026-06-07,PROD0005,Karachi-Main,0,5,361,41
2026-06-07,PROD0006,Lahore-Hub,0,7,407,52
2026-06-07,PROD0007,Lahore-Hub,0,5,235,37
2026-06-07,PROD0008,Karachi-Main,0,4,168,53
2026-06-07,PROD0009,Lahore-Hub,20,3,288,45
2026-06-07,PROD0010,Lahore-Hub,0,4,159,53
2026-06-07,PROD0011,Karachi-Main,0,1,424,57
2026-06-07,PROD0012,Karachi-Main,0,2,285,59
2026-06-07,PROD0013,Karachi-Main,20,4,432,59
2026-06-07,PROD0014,Lahore-Hub,100,1,298,32
2026-06-07,PROD0015,Karachi-Main,0,4,197,47
2026-06-07,PROD0016,Karachi-Main,0,6,41,22
2026-06-07,PROD0017,Karachi-Main,0,3,151,49
2026-06-07,PROD0018,Karachi-Main,0,1,33,57
2026-06-07,PROD0019,Lahore-Hub,0,2,155,55
2026-06-07,PROD0020,Karachi-Main,0,4,248,38
2026-06-07,PROD0021,Karachi-Main,0,3,194,54
2026-06-07,PROD0022,Lahore-Hub,0,1,359,49
2026-06-07,PROD0023,Lahore-Hub,0,7,400,22
2026-06-07,PROD0024,Karachi-Main,0,2,320,38
2026-06-07,PROD0025,Lahore-Hub,0,5,291,41
2026-06-07,PROD0026,Lahore-Hub,0,6,379,21
2026-06-07,PROD0027,Lahore-Hub,0,1,298,46
2026-06-07,PROD0028,Karachi-Main,0,0,306,57
2026-06-07,PROD0029,Lahore-Hub,0,2,278,60
2026-06-07,PROD0030,Karachi-Main,0,3,174,24
2026-06-07,PROD0031,Karachi-Main,0,5,408,50
2026-06-07,PROD0032,Lahore-Hub,0,0,240,46
2026-06-07,PROD0033,Karachi-Main,0,0,121,49
2026-06-07,PROD0034,Karachi-Main,0,3,94,58
2026-06-07,PROD0035,Lahore-Hub,20,4,367,56
2026-06-07,PROD0036,Karachi-Main,0,3,227,34
2026-06-07,PROD0037,Karachi-Main,0,4,184,40
2026-06-07,PROD0038,Karachi-Main,0,3,380,57
2026-06-07,PROD0039,Lahore-Hub,0,5,211,34
2026-06-07,PROD0040,Lahore-Hub,0,6,177,48
2026-06-07,PROD0041,Lahore-Hub,0,3,61,36
2026-06-07,PROD0042,Karachi-Main,20,4,94,39
2026-06-07,PROD0043,Karachi-Main,0,1,254,22
2026-06-07,PROD0044,Lahore-Hub,0,3,334,34
2026-06-07,PROD0045,Karachi-Main,0,3,383,57
2026-06-07,PROD0046,Lahore-Hub,0,2,424,36
2026-06-07,PROD0047,Karachi-Main,0,4,258,45
2026-06-07,PROD0048,Lahore-Hub,0,3,221,36
2026-06-07,PROD0049,Lahore-Hub,0,5,116,20
2026-06-07,PROD0050,Karachi-Main,0,3,274,53
2026-06-07,PROD0051,Karachi-Main,0,3,36,34
2026-06-07,PROD0052,Lahore-Hub,0,2,68,22
2026-06-07,PROD0053,Karachi-Main,0,0,241,34
2026-06-07,PROD0054,Lahore-Hub,0,4,202,48
2026-06-07,PROD0055,Lahore-Hub,0,3,465,35
2026-06-07,PROD0056,Lahore-Hub,0,2,209,45
2026-06-07,PROD0057,Lahore-Hub,0,4,203,20
2026-06-07,PROD0058,Karachi-Main,0,6,124,47
2026-06-07,PROD0059,Karachi-Main,0,4,268,23
2026-06-07,PROD0060,Karachi-Main,0,4,332,24
2026-06-08,PROD0001,Karachi-Main,0,2,251,52
2026-06-08,PROD0002,Karachi-Main,0,1,393,32
2026-06-08,PROD0003,Karachi-Main,0,1,315,33
2026-06-08,PROD0004,Lahore-Hub,0,1,325,29
2026-06-08,PROD0005,Karachi-Main,0,4,357,41
2026-06-08,PROD0006,Karachi-Main,0,3,404,52
2026-06-08,PROD0007,Lahore-Hub,0,4,231,37
2026-06-08,PROD0008,Karachi-Main,0,4,164,53
2026-06-08,PROD0009,Karachi-Main,0,2,286,45
2026-06-08,PROD0010,Karachi-Main,0,6,153,53
2026-06-08,PROD0011,Lahore-Hub,0,3,421,57
2026-06-08,PROD0012,Lahore-Hub,0,1,284,59
2026-06-08,PROD0013,Lahore-Hub,0,3,429,59
2026-06-08,PROD0014,Karachi-Main,0,2,296,32
2026-06-08,PROD0015,Lahore-Hub,0,2,195,47
2026-06-08,PROD0016,Karachi-Main,0,3,38,22
2026-06-08,PROD0017,Karachi-Main,0,3,148,49
2026-06-08,PROD0018,Karachi-Main,0,3,30,57
2026-06-08,PROD0019,Lahore-Hub,0,3,152,55
2026-06-08,PROD0020,Karachi-Main,0,6,242,38
2026-06-08,PROD0021,Lahore-Hub,0,6,188,54
2026-06-08,PROD0022,Lahore-Hub,0,3,356,49
2026-06-08,PROD0023,Lahore-Hub,0,3,397,22
2026-06-08,PROD0024,Lahore-Hub,0,3,317,38
2026-06-08,PROD0025,Lahore-Hub,0,2,289,41
2026-06-08,PROD0026,Lahore-Hub,0,3,376,21
2026-06-08,PROD0027,Karachi-Main,0,3,295,46
2026-06-08,PROD0028,Karachi-Main,0,3,303,57
2026-06-08,PROD0029,Karachi-Main,0,1,277,60
2026-06-08,PROD0030,Lahore-Hub,0,4,170,24
2026-06-08,PROD0031,Lahore-Hub,0,1,407,50
2026-06-08,PROD0032,Lahore-Hub,0,4,236,46
2026-06-08,PROD0033,Karachi-Main,0,2,119,49
2026-06-08,PROD0034,Karachi-Main,0,2,92,58
2026-06-08,PROD0035,Karachi-Main,0,5,362,56
2026-06-08,PROD0036,Lahore-Hub,0,4,223,34
2026-06-08,PROD0037,Karachi-Main,50,1,233,40
2026-06-08,PROD0038,Lahore-Hub,100,1,479,57
2026-06-08,PROD0039,Lahore-Hub,0,5,206,34
2026-06-08,PROD0040,Karachi-Main,0,3,174,48
2026-06-08,PROD0041,Karachi-Main,0,1,60,36
2026-06-08,PROD0042,Karachi-Main,0,1,93,39
2026-06-08,PROD0043,Lahore-Hub,0,5,249,22
2026-06-08,PROD0044,Lahore-Hub,0,4,330,34
2026-06-08,PROD0045,Lahore-Hub,0,4,379,57
2026-06-08,PROD0046,Karachi-Main,0,1,423,36
2026-06-08,PROD0047,Karachi-Main,0,0,258,45
2026-06-08,PROD0048,Karachi-Main,0,4,217,36
2026-06-08,PROD0049,Lahore-Hub,0,2,114,20
2026-06-08,PROD0050,Lahore-Hub,0,4,270,53
2026-06-08,PROD0051,Karachi-Main,0,1,35,34
2026-06-08,PROD0052,Lahore-Hub,100,1,167,22
2026-06-08,PROD0053,Karachi-Main,0,4,237,34
2026-06-08,PROD0054,Lahore-Hub,0,2,200,48
2026-06-08,PROD0055,Karachi-Main,0,1,464,35
2026-06-08,PROD0056,Lahore-Hub,0,1,208,45
2026-06-08,PROD0057,Lahore-Hub,0,3,200,20
2026-06-08,PROD0058,Lahore-Hub,0,4,120,47
2026-06-08,PROD0059,Karachi-Main,0,2,266,23
2026-06-08,PROD0060,Lahore-Hub,0,2,330,24
2026-06-09,PROD0001,Karachi-Main,0,4,247,52
2026-06-09,PROD0002,Lahore-Hub,0,3,390,32
2026-06-09,PROD0003,Karachi-Main,0,1,314,33
2026-06-09,PROD0004,Lahore-Hub,0,1,324,29
2026-06-09,PROD0005,Karachi-Main,0,3,354,41
2026-06-09,PROD0006,Karachi-Main,0,2,402,52
2026-06-09,PROD0007,Lahore-Hub,0,3,228,37
2026-06-09,PROD0008,Karachi-Main,0,2,162,53
2026-06-09,PROD0009,Karachi-Main,0,6,280,45
2026-06-09,PROD0010,Karachi-Main,0,7,146,53
2026-06-09,PROD0011,Karachi-Main,0,4,417,57
2026-06-09,PROD0012,Karachi-Main,0,2,282,59
2026-06-09,PROD0013,Lahore-Hub,0,2,427,59
2026-06-09,PROD0014,Lahore-Hub,20,0,316,32
2026-06-09,PROD0015,Karachi-Main,0,5,190,47
2026-06-09,PROD0016,Lahore-Hub,0,2,36,22
2026-06-09,PROD0017,Karachi-Main,0,4,144,49
2026-06-09,PROD0018,Lahore-Hub,0,4,26,57
2026-06-09,PROD0019,Karachi-Main,0,4,148,55
2026-06-09,PROD0020,Lahore-Hub,0,5,237,38
2026-06-09,PROD0021,Lahore-Hub,0,3,185,54
2026-06-09,PROD0022,Lahore-Hub,0,3,353,49
2026-06-09,PROD0023,Karachi-Main,0,5,392,22
2026-06-09,PROD0024,Lahore-Hub,0,4,313,38
2026-06-09,PROD0025,Karachi-Main,0,3,286,41
2026-06-09,PROD0026,Lahore-Hub,0,4,372,21
2026-06-09,PROD0027,Karachi-Main,0,3,292,46
2026-06-09,PROD0028,Karachi-Main,0,3,300,57
2026-06-09,PROD0029,Lahore-Hub,0,4,273,60
2026-06-09,PROD0030,Karachi-Main,0,3,167,24
2026-06-09,PROD0031,Karachi-Main,0,1,406,50
2026-06-09,PROD0032,Lahore-Hub,0,3,233,46
2026-06-09,PROD0033,Lahore-Hub,0,2,117,49
2026-06-09,PROD0034,Karachi-Main,0,2,90,58
2026-06-09,PROD0035,Lahore-Hub,0,4,358,56
2026-06-09,PROD0036,Karachi-Main,0,4,219,34
2026-06-09,PROD0037,Karachi-Main,0,1,232,40
2026-06-09,PROD0038,Lahore-Hub,0,7,472,57
2026-06-09,PROD0039,Karachi-Main,0,3,203,34
2026-06-09,PROD0040,Lahore-Hub,0,2,172,48
2026-06-09,PROD0041,Karachi-Main,0,6,54,36
2026-06-09,PROD0042,Karachi-Main,0,0,93,39
2026-06-09,PROD0043,Lahore-Hub,0,6,243,22
2026-06-09,PROD0044,Karachi-Main,0,3,327,34
2026-06-09,PROD0045,Karachi-Main,0,3,376,57
2026-06-09,PROD0046,Karachi-Main,0,5,418,36
2026-06-09,PROD0047,Karachi-Main,0,5,253,45
2026-06-09,PROD0048,Karachi-Main,0,2,215,36
2026-06-09,PROD0049,Karachi-Main,50,4,160,20
2026-06-09,PROD0050,Lahore-Hub,0,3,267,53
2026-06-09,PROD0051,Karachi-Main,0,6,29,34
2026-06-09,PROD0052,Karachi-Main,0,1,166,22
2026-06-09,PROD0053,Lahore-Hub,0,3,234,34
2026-06-09,PROD0054,Karachi-Main,0,5,195,48
2026-06-09,PROD0055,Karachi-Main,0,3,461,35
2026-06-09,PROD0056,Lahore-Hub,0,2,206,45
2026-06-09,PROD0057,Karachi-Main,0,0,200,20
2026-06-09,PROD0058,Karachi-Main,0,1,119,47
2026-06-09,PROD0059,Lahore-Hub,0,4,262,23
2026-06-09,PROD0060,Lahore-Hub,0,6,324,24
2026-06-10,PROD0001,Lahore-Hub,0,2,245,52
2026-06-10,PROD0002,Karachi-Main,0,4,386,32
2026-06-10,PROD0003,Lahore-Hub,20,1,333,33
2026-06-10,PROD0004,Lahore-Hub,0,1,323,29
2026-06-10,PROD0005,Karachi-Main,100,9,445,41
2026-06-10,PROD0006,Karachi-Main,0,2,400,52
2026-06-10,PROD0007,Karachi-Main,0,2,226,37
2026-06-10,PROD0008,Lahore-Hub,0,3,159,53
2026-06-10,PROD0009,Karachi-Main,0,4,276,45
2026-06-10,PROD0010,Lahore-Hub,0,2,144,53
2026-06-10,PROD0011,Karachi-Main,0,1,416,57
2026-06-10,PROD0012,Karachi-Main,0,2,280,59
2026-06-10,PROD0013,Karachi-Main,0,1,426,59
2026-06-10,PROD0014,Karachi-Main,0,0,316,32
2026-06-10,PROD0015,Lahore-Hub,0,3,187,47
2026-06-10,PROD0016,Karachi-Main,0,2,34,22
2026-06-10,PROD0017,Karachi-Main,100,6,238,49
2026-06-10,PROD0018,Karachi-Main,20,2,44,57
2026-06-10,PROD0019,Lahore-Hub,0,2,146,55
2026-06-10,PROD0020,Lahore-Hub,0,2,235,38
2026-06-10,PROD0021,Lahore-Hub,0,6,179,54
2026-06-10,PROD0022,Lahore-Hub,0,1,352,49
2026-06-10,PROD0023,Lahore-Hub,0,4,388,22
2026-06-10,PROD0024,Karachi-Main,0,4,309,38
2026-06-10,PROD0025,Lahore-Hub,0,2,284,41
2026-06-10,PROD0026,Lahore-Hub,0,3,369,21
2026-06-10,PROD0027,Lahore-Hub,0,0,292,46
2026-06-10,PROD0028,Karachi-Main,0,3,297,57
2026-06-10,PROD0029,Karachi-Main,0,4,269,60
2026-06-10,PROD0030,Lahore-Hub,0,2,165,24
2026-06-10,PROD0031,Lahore-Hub,0,4,402,50
2026-06-10,PROD0032,Karachi-Main,0,0,233,46
2026-06-10,PROD0033,Karachi-Main,0,2,115,49
2026-06-10,PROD0034,Lahore-Hub,0,4,86,58
2026-06-10,PROD0035,Lahore-Hub,0,4,354,56
2026-06-10,PROD0036,Lahore-Hub,0,2,217,34
2026-06-10,PROD0037,Karachi-Main,0,3,229,40
2026-06-10,PROD0038,Karachi-Main,0,4,468,57
2026-06-10,PROD0039,Lahore-Hub,0,4,199,34
2026-06-10,PROD0040,Karachi-Main,0,3,169,48
2026-06-10,PROD0041,Karachi-Main,0,3,51,36
2026-06-10,PROD0042,Karachi-Main,0,3,90,39
2026-06-10,PROD0043,Karachi-Main,0,2,241,22
2026-06-10,PROD0044,Karachi-Main,0,3,324,34
2026-06-10,PROD0045,Lahore-Hub,0,4,372,57
2026-06-10,PROD0046,Lahore-Hub,0,5,413,36
2026-06-10,PROD0047,Karachi-Main,0,5,248,45
2026-06-10,PROD0048,Karachi-Main,0,1,214,36
2026-06-10,PROD0049,Karachi-Main,0,5,155,20
2026-06-10,PROD0050,Karachi-Main,0,4,263,53
2026-06-10,PROD0051,Karachi-Main,0,2,27,34
2026-06-10,PROD0052,Karachi-Main,50,2,214,22
2026-06-10,PROD0053,Lahore-Hub,0,1,233,34
2026-06-10,PROD0054,Karachi-Main,0,3,192,48
2026-06-10,PROD0055,Karachi-Main,0,5,456,35
2026-06-10,PROD0056,Lahore-Hub,0,1,205,45
2026-06-10,PROD0057,Karachi-Main,0,2,198,20
2026-06-10,PROD0058,Karachi-Main,0,3,116,47
2026-06-10,PROD0059,Karachi-Main,0,3,259,23
2026-06-10,PROD0060,Karachi-Main,100,3,421,24
2026-06-11,PROD0001,Lahore-Hub,0,3,242,52
2026-06-11,PROD0002,Karachi-Main,0,5,381,32
2026-06-11,PROD0003,Lahore-Hub,0,4,329,33
2026-06-11,PROD0004,Karachi-Main,0,3,320,29
2026-06-11,PROD0005,Karachi-Main,0,5,440,41
2026-06-11,PROD0006,Lahore-Hub,0,4,396,52
2026-06-11,PROD0007,Lahore-Hub,0,1,225,37
2026-06-11,PROD0008,Karachi-Main,0,3,156,53
2026-06-11,PROD0009,Karachi-Main,0,3,273,45
2026-06-11,PROD0010,Karachi-Main,0,1,143,53
2026-06-11,PROD0011,Karachi-Main,0,5,411,57
2026-06-11,PROD0012,Karachi-Main,0,3,277,59
2026-06-11,PROD0013,Lahore-Hub,0,2,424,59
2026-06-11,PROD0014,Karachi-Main,0,3,313,32
2026-06-11,PROD0015,Karachi-Main,0,3,184,47
2026-06-11,PROD0016,Karachi-Main,0,3,31,22
2026-06-11,PROD0017,Karachi-Main,100,1,337,49
2026-06-11,PROD0018,Lahore-Hub,0,5,39,57
2026-06-11,PROD0019,Lahore-Hub,0,1,145,55
2026-06-11,PROD0020,Karachi-Main,0,4,231,38
2026-06-11,PROD0021,Karachi-Main,0,2,177,54
2026-06-11,PROD0022,Lahore-Hub,0,3,349,49
2026-06-11,PROD0023,Karachi-Main,0,4,384,22
2026-06-11,PROD0024,Lahore-Hub,0,3,306,38
2026-06-11,PROD0025,Lahore-Hub,0,8,276,41
2026-06-11,PROD0026,Lahore-Hub,0,2,367,21
2026-06-11,PROD0027,Karachi-Main,0,2,290,46
2026-06-11,PROD0028,Lahore-Hub,0,1,296,57
2026-06-11,PROD0029,Karachi-Main,0,1,268,60
2026-06-11,PROD0030,Lahore-Hub,0,5,160,24
2026-06-11,PROD0031,Karachi-Main,0,2,400,50
2026-06-11,PROD0032,Lahore-Hub,0,0,233,46
2026-06-11,PROD0033,Lahore-Hub,0,2,113,49
2026-06-11,PROD0034,Karachi-Main,0,5,81,58
2026-06-11,PROD0035,Lahore-Hub,0,4,350,56
2026-06-11,PROD0036,Karachi-Main,0,4,213,34
2026-06-11,PROD0037,Karachi-Main,0,4,225,40
2026-06-11,PROD0038,Lahore-Hub,0,4,464,57
2026-06-11,PROD0039,Lahore-Hub,0,1,198,34
2026-06-11,PROD0040,Lahore-Hub,0,3,166,48
2026-06-11,PROD0041,Karachi-Main,0,1,50,36
2026-06-11,PROD0042,Lahore-Hub,0,4,86,39
2026-06-11,PROD0043,Karachi-Main,100,4,337,22
2026-06-11,PROD0044,Lahore-Hub,0,3,321,34
2026-06-11,PROD0045,Lahore-Hub,0,3,369,57
2026-06-11,PROD0046,Lahore-Hub,0,3,410,36
2026-06-11,PROD0047,Lahore-Hub,0,4,244,45
2026-06-11,PROD0048,Karachi-Main,0,2,212,36
2026-06-11,PROD0049,Karachi-Main,20,3,172,20
2026-06-11,PROD0050,Lahore-Hub,0,4,259,53
2026-06-11,PROD0051,Karachi-Main,0,5,22,34
2026-06-11,PROD0052,Lahore-Hub,0,2,212,22
2026-06-11,PROD0053,Lahore-Hub,0,2,231,34
2026-06-11,PROD0054,Karachi-Main,0,1,191,48
2026-06-11,PROD0055,Lahore-Hub,0,2,454,35
2026-06-11,PROD0056,Karachi-Main,0,4,201,45
2026-06-11,PROD0057,Karachi-Main,0,2,196,20
2026-06-11,PROD0058,Lahore-Hub,0,2,114,47
2026-06-11,PROD0059,Karachi-Main,0,4,255,23
2026-06-11,PROD0060,Karachi-Main,0,3,418,24
2026-06-12,PROD0001,Karachi-Main,0,4,238,52
2026-06-12,PROD0002,Lahore-Hub,0,1,380,32
2026-06-12,PROD0003,Karachi-Main,0,3,326,33
2026-06-12,PROD0004,Karachi-Main,0,6,314,29
2026-06-12,PROD0005,Lahore-Hub,50,3,487,41
2026-06-12,PROD0006,Lahore-Hub,0,1,395,52
2026-06-12,PROD0007,Lahore-Hub,0,3,222,37
2026-06-12,PROD0008,Lahore-Hub,0,6,150,53
2026-06-12,PROD0009,Lahore-Hub,0,4,269,45
2026-06-12,PROD0010,Lahore-Hub,0,4,139,53
2026-06-12,PROD0011,Lahore-Hub,0,1,410,57
2026-06-12,PROD0012,Lahore-Hub,0,5,272,59
2026-06-12,PROD0013,Lahore-Hub,0,0,424,59
2026-06-12,PROD0014,Lahore-Hub,0,5,308,32
2026-06-12,PROD0015,Lahore-Hub,0,2,182,47
2026-06-12,PROD0016,Lahore-Hub,0,0,31,22
2026-06-12,PROD0017,Lahore-Hub,0,3,334,49
2026-06-12,PROD0018,Lahore-Hub,0,6,33,57
2026-06-12,PROD0019,Lahore-Hub,0,3,142,55
2026-06-12,PROD0020,Karachi-Main,0,2,229,38
2026-06-12,PROD0021,Lahore-Hub,0,2,175,54
2026-06-12,PROD0022,Lahore-Hub,0,2,347,49
2026-06-12,PROD0023,Karachi-Main,0,3,381,22
2026-06-12,PROD0024,Karachi-Main,0,7,299,38
2026-06-12,PROD0025,Lahore-Hub,0,0,276,41
2026-06-12,PROD0026,Lahore-Hub,0,3,364,21
2026-06-12,PROD0027,Lahore-Hub,0,3,287,46
2026-06-12,PROD0028,Lahore-Hub,0,4,292,57
2026-06-12,PROD0029,Lahore-Hub,0,3,265,60
2026-06-12,PROD0030,Lahore-Hub,0,3,157,24
2026-06-12,PROD0031,Lahore-Hub,0,3,397,50
2026-06-12,PROD0032,Karachi-Main,0,3,230,46
2026-06-12,PROD0033,Lahore-Hub,100,7,206,49
2026-06-12,PROD0034,Karachi-Main,0,2,79,58
2026-06-12,PROD0035,Lahore-Hub,0,2,348,56
2026-06-12,PROD0036,Lahore-Hub,100,3,310,34
2026-06-12,PROD0037,Lahore-Hub,50,3,272,40
2026-06-12,PROD0038,Karachi-Main,0,4,460,57
2026-06-12,PROD0039,Karachi-Main,0,2,196,34
2026-06-12,PROD0040,Karachi-Main,0,3,163,48
2026-06-12,PROD0041,Lahore-Hub,0,3,47,36
2026-06-12,PROD0042,Karachi-Main,0,3,83,39
2026-06-12,PROD0043,Karachi-Main,0,2,335,22
2026-06-12,PROD0044,Lahore-Hub,0,3,318,34
2026-06-12,PROD0045,Lahore-Hub,0,1,368,57
2026-06-12,PROD0046,Karachi-Main,0,5,405,36
2026-06-12,PROD0047,Karachi-Main,50,4,290,45
2026-06-12,PROD0048,Lahore-Hub,0,3,209,36
2026-06-12,PROD0049,Karachi-Main,0,4,168,20
2026-06-12,PROD0050,Karachi-Main,0,3,256,53
2026-06-12,PROD0051,Lahore-Hub,0,3,19,34
2026-06-12,PROD0052,Lahore-Hub,20,4,228,22
2026-06-12,PROD0053,Karachi-Main,0,3,228,34
2026-06-12,PROD0054,Lahore-Hub,0,4,187,48
2026-06-12,PROD0055,Karachi-Main,0,2,452,35
2026-06-12,PROD0056,Lahore-Hub,0,5,196,45
2026-06-12,PROD0057,Lahore-Hub,0,4,192,20
2026-06-12,PROD0058,Karachi-Main,0,2,112,47
2026-06-12,PROD0059,Karachi-Main,0,3,252,23
2026-06-12,PROD0060,Karachi-Main,0,4,414,24
2026-06-13,PROD0001,Lahore-Hub,0,4,234,52
2026-06-13,PROD0002,Karachi-Main,0,4,376,32
2026-06-13,PROD0003,Lahore-Hub,0,5,321,33
2026-06-13,PROD0004,Karachi-Main,0,2,312,29
2026-06-13,PROD0005,Lahore-Hub,0,3,484,41
2026-06-13,PROD0006,Lahore-Hub,0,3,392,52
2026-06-13,PROD0007,Lahore-Hub,0,3,219,37
2026-06-13,PROD0008,Karachi-Main,0,2,148,53
2026-06-13,PROD0009,Karachi-Main,0,3,266,45
2026-06-13,PROD0010,Lahore-Hub,0,2,137,53
2026-06-13,PROD0011,Lahore-Hub,0,6,404,57
2026-06-13,PROD0012,Karachi-Main,0,4,268,59
2026-06-13,PROD0013,Lahore-Hub,0,2,422,59
2026-06-13,PROD0014,Karachi-Main,0,1,307,32
2026-06-13,PROD0015,Lahore-Hub,0,4,178,47
2026-06-13,PROD0016,Karachi-Main,0,4,27,22
2026-06-13,PROD0017,Karachi-Main,0,2,332,49
2026-06-13,PROD0018,Lahore-Hub,0,6,27,57
2026-06-13,PROD0019,Karachi-Main,0,3,139,55
2026-06-13,PROD0020,Lahore-Hub,0,0,229,38
2026-06-13,PROD0021,Karachi-Main,0,3,172,54
2026-06-13,PROD0022,Karachi-Main,0,1,346,49
2026-06-13,PROD0023,Karachi-Main,0,2,379,22
2026-06-13,PROD0024,Karachi-Main,0,3,296,38
2026-06-13,PROD0025,Karachi-Main,0,2,274,41
2026-06-13,PROD0026,Lahore-Hub,0,3,361,21
2026-06-13,PROD0027,Karachi-Main,0,3,284,46
2026-06-13,PROD0028,Lahore-Hub,0,2,290,57
2026-06-13,PROD0029,Karachi-Main,0,5,260,60
2026-06-13,PROD0030,Karachi-Main,0,1,156,24
2026-06-13,PROD0031,Lahore-Hub,0,3,394,50
2026-06-13,PROD0032,Lahore-Hub,0,3,227,46
2026-06-13,PROD0033,Lahore-Hub,0,3,203,49
2026-06-13,PROD0034,Karachi-Main,0,4,75,58
2026-06-13,PROD0035,Karachi-Main,0,4,344,56
2026-06-13,PROD0036,Lahore-Hub,0,1,309,34
2026-06-13,PROD0037,Karachi-Main,0,4,268,40
2026-06-13,PROD0038,Karachi-Main,0,2,458,57
2026-06-13,PROD0039,Lahore-Hub,0,1,195,34
2026-06-13,PROD0040,Karachi-Main,0,3,160,48
2026-06-13,PROD0041,Karachi-Main,0,4,43,36
2026-06-13,PROD0042,Lahore-Hub,0,0,83,39
2026-06-13,PROD0043,Karachi-Main,0,4,331,22
2026-06-13,PROD0044,Karachi-Main,0,3,315,34
2026-06-13,PROD0045,Lahore-Hub,0,4,364,57
2026-06-13,PROD0046,Lahore-Hub,0,0,405,36
2026-06-13,PROD0047,Karachi-Main,0,2,288,45
2026-06-13,PROD0048,Karachi-Main,0,6,203,36
2026-06-13,PROD0049,Karachi-Main,0,4,164,20
2026-06-13,PROD0050,Karachi-Main,0,4,252,53
2026-06-13,PROD0051,Karachi-Main,0,2,17,34
2026-06-13,PROD0052,Lahore-Hub,0,1,227,22
2026-06-13,PROD0053,Karachi-Main,0,2,226,34
2026-06-13,PROD0054,Karachi-Main,0,3,184,48
2026-06-13,PROD0055,Lahore-Hub,0,2,450,35
2026-06-13,PROD0056,Lahore-Hub,0,4,192,45
2026-06-13,PROD0057,Lahore-Hub,0,3,189,20
2026-06-13,PROD0058,Lahore-Hub,0,3,109,47
2026-06-13,PROD0059,Lahore-Hub,0,1,251,23
2026-06-13,PROD0060,Lahore-Hub,0,3,411,24
2026-06-14,PROD0001,Karachi-Main,0,4,230,52
2026-06-14,PROD0002,Karachi-Main,0,3,373,32
2026-06-14,PROD0003,Karachi-Main,0,2,319,33
2026-06-14,PROD0004,Lahore-Hub,0,2,310,29
2026-06-14,PROD0005,Karachi-Main,0,4,480,41
2026-06-14,PROD0006,Karachi-Main,0,1,391,52
2026-06-14,PROD0007,Karachi-Main,0,4,215,37
2026-06-14,PROD0008,Lahore-Hub,0,1,147,53
2026-06-14,PROD0009,Lahore-Hub,0,2,264,45
2026-06-14,PROD0010,Lahore-Hub,0,1,136,53
2026-06-14,PROD0011,Karachi-Main,0,1,403,57
2026-06-14,PROD0012,Karachi-Main,0,2,266,59
2026-06-14,PROD0013,Lahore-Hub,0,4,418,59
2026-06-14,PROD0014,Karachi-Main,0,3,304,32
2026-06-14,PROD0015,Karachi-Main,50,4,224,47
2026-06-14,PROD0016,Lahore-Hub,0,2,25,22
2026-06-14,PROD0017,Lahore-Hub,0,3,329,49
2026-06-14,PROD0018,Karachi-Main,0,5,22,57
2026-06-14,PROD0019,Lahore-Hub,50,5,184,55
2026-06-14,PROD0020,Lahore-Hub,0,3,226,38
2026-06-14,PROD0021,Lahore-Hub,0,4,168,54
2026-06-14,PROD0022,Karachi-Main,50,4,392,49
2026-06-14,PROD0023,Lahore-Hub,0,3,376,22
2026-06-14,PROD0024,Karachi-Main,0,2,294,38
2026-06-14,PROD0025,Lahore-Hub,0,3,271,41
2026-06-14,PROD0026,Karachi-Main,0,3,358,21
2026-06-14,PROD0027,Lahore-Hub,0,5,279,46
2026-06-14,PROD0028,Lahore-Hub,0,3,287,57
2026-06-14,PROD0029,Lahore-Hub,50,2,308,60
2026-06-14,PROD0030,Karachi-Main,0,4,152,24
2026-06-14,PROD0031,Lahore-Hub,0,4,390,50
2026-06-14,PROD0032,Karachi-Main,0,1,226,46
2026-06-14,PROD0033,Karachi-Main,0,5,198,49
2026-06-14,PROD0034,Lahore-Hub,0,2,73,58
2026-06-14,PROD0035,Lahore-Hub,0,1,343,56
2026-06-14,PROD0036,Lahore-Hub,20,2,327,34
2026-06-14,PROD0037,Lahore-Hub,0,5,263,40
2026-06-14,PROD0038,Karachi-Main,50,4,504,57
2026-06-14,PROD0039,Lahore-Hub,0,5,190,34
2026-06-14,PROD0040,Karachi-Main,0,4,156,48
2026-06-14,PROD0041,Lahore-Hub,0,1,42,36
2026-06-14,PROD0042,Lahore-Hub,0,2,81,39
2026-06-14,PROD0043,Karachi-Main,0,1,330,22
2026-06-14,PROD0044,Karachi-Main,0,4,311,34
2026-06-14,PROD0045,Karachi-Main,0,2,362,57
2026-06-14,PROD0046,Lahore-Hub,0,2,403,36
2026-06-14,PROD0047,Karachi-Main,0,3,285,45
2026-06-14,PROD0048,Lahore-Hub,100,4,299,36
2026-06-14,PROD0049,Karachi-Main,50,2,212,20
2026-06-14,PROD0050,Karachi-Main,0,3,249,53
2026-06-14,PROD0051,Lahore-Hub,0,4,13,34
2026-06-14,PROD0052,Lahore-Hub,0,2,225,22
2026-06-14,PROD0053,Lahore-Hub,0,3,223,34
2026-06-14,PROD0054,Lahore-Hub,0,2,182,48
2026-06-14,PROD0055,Karachi-Main,0,5,445,35
2026-06-14,PROD0056,Lahore-Hub,0,7,185,45
2026-06-14,PROD0057,Karachi-Main,0,4,185,20
2026-06-14,PROD0058,Lahore-Hub,50,2,157,47
2026-06-14,PROD0059,Karachi-Main,0,0,251,23
2026-06-14,PROD0060,Lahore-Hub,0,3,408,24
2026-06-15,PROD0001,Lahore-Hub,0,3,227,52
2026-06-15,PROD0002,Lahore-Hub,0,2,371,32
2026-06-15,PROD0003,Karachi-Main,0,1,318,33
2026-06-15,PROD0004,Lahore-Hub,0,7,303,29
2026-06-15,PROD0005,Karachi-Main,0,4,476,41
2026-06-15,PROD0006,Lahore-Hub,0,7,384,52
2026-06-15,PROD0007,Karachi-Main,0,4,211,37
2026-06-15,PROD0008,Lahore-Hub,20,2,165,53
2026-06-15,PROD0009,Karachi-Main,0,2,262,45
2026-06-15,PROD0010,Karachi-Main,0,4,132,53
2026-06-15,PROD0011,Lahore-Hub,0,2,401,57
2026-06-15,PROD0012,Lahore-Hub,0,5,261,59
2026-06-15,PROD0013,Lahore-Hub,0,4,414,59
2026-06-15,PROD0014,Lahore-Hub,0,0,304,32
2026-06-15,PROD0015,Lahore-Hub,0,0,224,47
2026-06-15,PROD0016,Lahore-Hub,0,4,21,22
2026-06-15,PROD0017,Karachi-Main,0,2,327,49
2026-06-15,PROD0018,Lahore-Hub,0,2,20,57
2026-06-15,PROD0019,Lahore-Hub,0,5,179,55
2026-06-15,PROD0020,Lahore-Hub,0,3,223,38
2026-06-15,PROD0021,Lahore-Hub,0,4,164,54
2026-06-15,PROD0022,Lahore-Hub,0,0,392,49
2026-06-15,PROD0023,Karachi-Main,0,2,374,22
2026-06-15,PROD0024,Karachi-Main,0,3,291,38
2026-06-15,PROD0025,Lahore-Hub,0,3,268,41
2026-06-15,PROD0026,Karachi-Main,0,2,356,21
2026-06-15,PROD0027,Lahore-Hub,0,3,276,46
2026-06-15,PROD0028,Karachi-Main,0,2,285,57
2026-06-15,PROD0029,Karachi-Main,0,2,306,60
2026-06-15,PROD0030,Karachi-Main,0,4,148,24
2026-06-15,PROD0031,Lahore-Hub,0,4,386,50
2026-06-15,PROD0032,Lahore-Hub,0,1,225,46
2026-06-15,PROD0033,Lahore-Hub,0,4,194,49
2026-06-15,PROD0034,Karachi-Main,0,1,72,58
2026-06-15,PROD0035,Lahore-Hub,0,5,338,56
2026-06-15,PROD0036,Lahore-Hub,50,1,376,34
2026-06-15,PROD0037,Karachi-Main,0,4,259,40
2026-06-15,PROD0038,Lahore-Hub,0,3,501,57
2026-06-15,PROD0039,Karachi-Main,0,2,188,34
2026-06-15,PROD0040,Karachi-Main,0,2,154,48
2026-06-15,PROD0041,Karachi-Main,0,1,41,36
2026-06-15,PROD0042,Karachi-Main,0,2,79,39
2026-06-15,PROD0043,Karachi-Main,0,1,329,22
2026-06-15,PROD0044,Lahore-Hub,0,3,308,34
2026-06-15,PROD0045,Lahore-Hub,0,1,361,57
2026-06-15,PROD0046,Lahore-Hub,0,1,402,36
2026-06-15,PROD0047,Lahore-Hub,0,2,283,45
2026-06-15,PROD0048,Karachi-Main,0,5,294,36
2026-06-15,PROD0049,Lahore-Hub,0,6,206,20
2026-06-15,PROD0050,Lahore-Hub,0,2,247,53
2026-06-15,PROD0051,Lahore-Hub,0,3,10,34
2026-06-15,PROD0052,Karachi-Main,0,5,220,22
2026-06-15,PROD0053,Lahore-Hub,0,5,218,34
2026-06-15,PROD0054,Lahore-Hub,0,0,182,48
2026-06-15,PROD0055,Karachi-Main,0,3,442,35
2026-06-15,PROD0056,Karachi-Main,0,3,182,45
2026-06-15,PROD0057,Lahore-Hub,0,1,184,20
2026-06-15,PROD0058,Lahore-Hub,0,1,156,47
2026-06-15,PROD0059,Lahore-Hub,0,0,251,23
2026-06-15,PROD0060,Lahore-Hub,0,3,405,24
2026-06-16,PROD0001,Karachi-Main,100,2,325,52
2026-06-16,PROD0002,Lahore-Hub,0,1,370,32
2026-06-16,PROD0003,Karachi-Main,0,6,312,33
2026-06-16,PROD0004,Lahore-Hub,0,0,303,29
2026-06-16,PROD0005,Karachi-Main,0,1,475,41
2026-06-16,PROD0006,Lahore-Hub,0,3,381,52
2026-06-16,PROD0007,Karachi-Main,0,2,209,37
2026-06-16,PROD0008,Lahore-Hub,0,2,163,53
2026-06-16,PROD0009,Karachi-Main,50,6,306,45
2026-06-16,PROD0010,Karachi-Main,0,3,129,53
2026-06-16,PROD0011,Lahore-Hub,0,1,400,57
2026-06-16,PROD0012,Lahore-Hub,0,3,258,59
2026-06-16,PROD0013,Lahore-Hub,0,4,410,59
2026-06-16,PROD0014,Lahore-Hub,0,0,304,32
2026-06-16,PROD0015,Karachi-Main,0,2,222,47
2026-06-16,PROD0016,Karachi-Main,0,1,20,22
2026-06-16,PROD0017,Karachi-Main,0,3,324,49
2026-06-16,PROD0018,Lahore-Hub,0,5,15,57
2026-06-16,PROD0019,Lahore-Hub,0,4,175,55
2026-06-16,PROD0020,Karachi-Main,0,2,221,38
2026-06-16,PROD0021,Karachi-Main,0,3,161,54
2026-06-16,PROD0022,Karachi-Main,0,3,389,49
2026-06-16,PROD0023,Lahore-Hub,50,5,419,22
2026-06-16,PROD0024,Karachi-Main,100,1,390,38
2026-06-16,PROD0025,Lahore-Hub,0,4,264,41
2026-06-16,PROD0026,Lahore-Hub,0,0,356,21
2026-06-16,PROD0027,Lahore-Hub,0,2,274,46
2026-06-16,PROD0028,Lahore-Hub,0,2,283,57
2026-06-16,PROD0029,Lahore-Hub,0,1,305,60
2026-06-16,PROD0030,Lahore-Hub,0,4,144,24
2026-06-16,PROD0031,Karachi-Main,0,5,381,50
2026-06-16,PROD0032,Karachi-Main,0,2,223,46
2026-06-16,PROD0033,Lahore-Hub,0,4,190,49
2026-06-16,PROD0034,Lahore-Hub,0,4,68,58
2026-06-16,PROD0035,Lahore-Hub,0,2,336,56
2026-06-16,PROD0036,Karachi-Main,0,2,374,34
2026-06-16,PROD0037,Lahore-Hub,0,3,256,40
2026-06-16,PROD0038,Lahore-Hub,0,3,498,57
2026-06-16,PROD0039,Karachi-Main,0,3,185,34
2026-06-16,PROD0040,Karachi-Main,0,4,150,48
2026-06-16,PROD0041,Karachi-Main,0,5,36,36
2026-06-16,PROD0042,Karachi-Main,0,4,75,39
2026-06-16,PROD0043,Lahore-Hub,0,4,325,22
2026-06-16,PROD0044,Lahore-Hub,0,2,306,34
2026-06-16,PROD0045,Karachi-Main,0,2,359,57
2026-06-16,PROD0046,Lahore-Hub,0,5,397,36
2026-06-16,PROD0047,Lahore-Hub,0,2,281,45
2026-06-16,PROD0048,Lahore-Hub,0,1,293,36
2026-06-16,PROD0049,Karachi-Main,0,2,204,20
2026-06-16,PROD0050,Lahore-Hub,100,4,343,53
2026-06-16,PROD0051,Karachi-Main,0,2,8,34
2026-06-16,PROD0052,Lahore-Hub,0,4,216,22
2026-06-16,PROD0053,Karachi-Main,0,1,217,34
2026-06-16,PROD0054,Karachi-Main,0,3,179,48
2026-06-16,PROD0055,Lahore-Hub,0,5,437,35
2026-06-16,PROD0056,Lahore-Hub,0,4,178,45
2026-06-16,PROD0057,Karachi-Main,0,1,183,20
2026-06-16,PROD0058,Lahore-Hub,0,2,154,47
2026-06-16,PROD0059,Lahore-Hub,0,2,249,23
2026-06-16,PROD0060,Lahore-Hub,0,7,398,24
2026-06-17,PROD0001,Karachi-Main,0,2,323,52
2026-06-17,PROD0002,Lahore-Hub,0,3,367,32
2026-06-17,PROD0003,Lahore-Hub,0,3,309,33
2026-06-17,PROD0004,Lahore-Hub,0,6,297,29
2026-06-17,PROD0005,Karachi-Main,0,2,473,41
2026-06-17,PROD0006,Karachi-Main,0,2,379,52
2026-06-17,PROD0007,Karachi-Main,0,2,207,37
2026-06-17,PROD0008,Karachi-Main,0,1,162,53
2026-06-17,PROD0009,Karachi-Main,0,3,303,45
2026-06-17,PROD0010,Karachi-Main,0,5,124,53
2026-06-17,PROD0011,Karachi-Main,0,4,396,57
2026-06-17,PROD0012,Karachi-Main,0,4,254,59
2026-06-17,PROD0013,Lahore-Hub,0,3,407,59
2026-06-17,PROD0014,Karachi-Main,0,2,302,32
2026-06-17,PROD0015,Karachi-Main,0,4,218,47
2026-06-17,PROD0016,Lahore-Hub,0,3,17,22
2026-06-17,PROD0017,Lahore-Hub,0,3,321,49
2026-06-17,PROD0018,Karachi-Main,0,1,14,57
2026-06-17,PROD0019,Lahore-Hub,0,4,171,55
2026-06-17,PROD0020,Lahore-Hub,0,3,218,38
2026-06-17,PROD0021,Lahore-Hub,0,1,160,54
2026-06-17,PROD0022,Karachi-Main,0,1,388,49
2026-06-17,PROD0023,Lahore-Hub,0,1,418,22
2026-06-17,PROD0024,Karachi-Main,0,2,388,38
2026-06-17,PROD0025,Karachi-Main,0,3,261,41
2026-06-17,PROD0026,Lahore-Hub,0,3,353,21
2026-06-17,PROD0027,Karachi-Main,0,3,271,46
2026-06-17,PROD0028,Karachi-Main,0,1,282,57
2026-06-17,PROD0029,Karachi-Main,0,3,302,60
2026-06-17,PROD0030,Lahore-Hub,20,2,162,24
2026-06-17,PROD0031,Karachi-Main,0,1,380,50
2026-06-17,PROD0032,Karachi-Main,50,1,272,46
2026-06-17,PROD0033,Karachi-Main,0,1,189,49
2026-06-17,PROD0034,Lahore-Hub,0,4,64,58
2026-06-17,PROD0035,Lahore-Hub,100,3,433,56
2026-06-17,PROD0036,Lahore-Hub,0,2,372,34
2026-06-17,PROD0037,Lahore-Hub,0,2,254,40
2026-06-17,PROD0038,Karachi-Main,0,3,495,57
2026-06-17,PROD0039,Lahore-Hub,0,2,183,34
2026-06-17,PROD0040,Lahore-Hub,0,4,146,48
2026-06-17,PROD0041,Lahore-Hub,0,2,34,36
2026-06-17,PROD0042,Karachi-Main,0,3,72,39
2026-06-17,PROD0043,Karachi-Main,0,5,320,22
2026-06-17,PROD0044,Karachi-Main,0,5,301,34
2026-06-17,PROD0045,Lahore-Hub,0,2,357,57
2026-06-17,PROD0046,Lahore-Hub,0,1,396,36
2026-06-17,PROD0047,Lahore-Hub,0,1,280,45
2026-06-17,PROD0048,Karachi-Main,0,4,289,36
2026-06-17,PROD0049,Lahore-Hub,0,1,203,20
2026-06-17,PROD0050,Lahore-Hub,0,4,339,53
2026-06-17,PROD0051,Lahore-Hub,0,1,7,34
2026-06-17,PROD0052,Karachi-Main,0,5,211,22
2026-06-17,PROD0053,Lahore-Hub,0,1,216,34
2026-06-17,PROD0054,Karachi-Main,0,1,178,48
2026-06-17,PROD0055,Karachi-Main,0,2,435,35
2026-06-17,PROD0056,Karachi-Main,0,4,174,45
2026-06-17,PROD0057,Karachi-Main,0,0,183,20
2026-06-17,PROD0058,Karachi-Main,0,4,150,47
2026-06-17,PROD0059,Lahore-Hub,0,0,249,23
2026-06-17,PROD0060,Lahore-Hub,0,1,397,24
2026-06-18,PROD0001,Karachi-Main,0,3,320,52
2026-06-18,PROD0002,Karachi-Main,0,1,366,32
2026-06-18,PROD0003,Karachi-Main,0,4,305,33
2026-06-18,PROD0004,Lahore-Hub,0,3,294,29
2026-06-18,PROD0005,Karachi-Main,0,2,471,41
2026-06-18,PROD0006,Karachi-Main,0,4,375,52
2026-06-18,PROD0007,Lahore-Hub,0,7,200,37
2026-06-18,PROD0008,Lahore-Hub,20,4,178,53
2026-06-18,PROD0009,Karachi-Main,0,4,299,45
2026-06-18,PROD0010,Karachi-Main,0,3,121,53
2026-06-18,PROD0011,Karachi-Main,0,3,393,57
2026-06-18,PROD0012,Lahore-Hub,0,2,252,59
2026-06-18,PROD0013,Lahore-Hub,0,2,405,59
2026-06-18,PROD0014,Lahore-Hub,0,3,299,32
2026-06-18,PROD0015,Karachi-Main,0,3,215,47
2026-06-18,PROD0016,Lahore-Hub,0,2,15,22
2026-06-18,PROD0017,Lahore-Hub,0,3,318,49
2026-06-18,PROD0018,Lahore-Hub,0,3,11,57
2026-06-18,PROD0019,Lahore-Hub,0,3,168,55
2026-06-18,PROD0020,Lahore-Hub,0,4,214,38
2026-06-18,PROD0021,Karachi-Main,0,3,157,54
2026-06-18,PROD0022,Karachi-Main,0,8,380,49
2026-06-18,PROD0023,Karachi-Main,0,3,415,22
2026-06-18,PROD0024,Lahore-Hub,0,2,386,38
2026-06-18,PROD0025,Lahore-Hub,0,4,257,41
2026-06-18,PROD0026,Karachi-Main,0,0,353,21
2026-06-18,PROD0027,Lahore-Hub,0,4,267,46
2026-06-18,PROD0028,Lahore-Hub,0,2,280,57
2026-06-18,PROD0029,Karachi-Main,0,1,301,60
2026-06-18,PROD0030,Karachi-Main,0,2,160,24
2026-06-18,PROD0031,Lahore-Hub,0,1,379,50
2026-06-18,PROD0032,Lahore-Hub,0,1,271,46
2026-06-18,PROD0033,Lahore-Hub,100,4,285,49
2026-06-18,PROD0034,Lahore-Hub,0,3,61,58
2026-06-18,PROD0035,Karachi-Main,0,2,431,56
2026-06-18,PROD0036,Karachi-Main,0,3,369,34
2026-06-18,PROD0037,Lahore-Hub,0,3,251,40
2026-06-18,PROD0038,Lahore-Hub,0,3,492,57
2026-06-18,PROD0039,Lahore-Hub,0,5,178,34
2026-06-18,PROD0040,Karachi-Main,0,4,142,48
2026-06-18,PROD0041,Lahore-Hub,0,1,33,36
2026-06-18,PROD0042,Karachi-Main,0,2,70,39
2026-06-18,PROD0043,Lahore-Hub,0,3,317,22
2026-06-18,PROD0044,Karachi-Main,0,3,298,34
2026-06-18,PROD0045,Karachi-Main,20,5,372,57
2026-06-18,PROD0046,Karachi-Main,0,2,394,36
2026-06-18,PROD0047,Lahore-Hub,0,3,277,45
2026-06-18,PROD0048,Lahore-Hub,0,4,285,36
2026-06-18,PROD0049,Karachi-Main,0,2,201,20
2026-06-18,PROD0050,Lahore-Hub,0,2,337,53
2026-06-18,PROD0051,Lahore-Hub,0,1,6,34
2026-06-18,PROD0052,Karachi-Main,0,3,208,22
2026-06-18,PROD0053,Karachi-Main,0,4,212,34
2026-06-18,PROD0054,Karachi-Main,0,6,172,48
2026-06-18,PROD0055,Lahore-Hub,0,2,433,35
2026-06-18,PROD0056,Karachi-Main,0,5,169,45
2026-06-18,PROD0057,Karachi-Main,0,4,179,20
2026-06-18,PROD0058,Lahore-Hub,0,7,143,47
2026-06-18,PROD0059,Karachi-Main,0,4,245,23
2026-06-18,PROD0060,Lahore-Hub,0,3,394,24
2026-06-19,PROD0001,Karachi-Main,0,2,318,52
2026-06-19,PROD0002,Karachi-Main,0,5,361,32
2026-06-19,PROD0003,Karachi-Main,20,6,319,33
2026-06-19,PROD0004,Karachi-Main,0,2,292,29
2026-06-19,PROD0005,Karachi-Main,50,2,519,41
2026-06-19,PROD0006,Karachi-Main,0,2,373,52
2026-06-19,PROD0007,Karachi-Main,100,1,299,37
2026-06-19,PROD0008,Lahore-Hub,0,4,174,53
2026-06-19,PROD0009,Karachi-Main,0,5,294,45
2026-06-19,PROD0010,Karachi-Main,0,5,116,53
2026-06-19,PROD0011,Lahore-Hub,0,5,388,57
2026-06-19,PROD0012,Lahore-Hub,0,3,249,59
2026-06-19,PROD0013,Karachi-Main,0,5,400,59
2026-06-19,PROD0014,Karachi-Main,20,3,316,32
2026-06-19,PROD0015,Lahore-Hub,0,0,215,47
2026-06-19,PROD0016,Karachi-Main,0,2,13,22
2026-06-19,PROD0017,Lahore-Hub,0,2,316,49
2026-06-19,PROD0018,Karachi-Main,0,3,8,57
2026-06-19,PROD0019,Karachi-Main,0,3,165,55
2026-06-19,PROD0020,Lahore-Hub,0,4,210,38
2026-06-19,PROD0021,Lahore-Hub,0,4,153,54
2026-06-19,PROD0022,Lahore-Hub,0,3,377,49
2026-06-19,PROD0023,Lahore-Hub,0,2,413,22
2026-06-19,PROD0024,Lahore-Hub,0,2,384,38
2026-06-19,PROD0025,Lahore-Hub,0,4,253,41
2026-06-19,PROD0026,Karachi-Main,0,3,350,21
2026-06-19,PROD0027,Karachi-Main,0,0,267,46
2026-06-19,PROD0028,Karachi-Main,0,4,276,57
2026-06-19,PROD0029,Lahore-Hub,0,3,298,60
2026-06-19,PROD0030,Karachi-Main,0,2,158,24
2026-06-19,PROD0031,Karachi-Main,0,1,378,50
2026-06-19,PROD0032,Karachi-Main,0,3,268,46
2026-06-19,PROD0033,Lahore-Hub,0,3,282,49
2026-06-19,PROD0034,Karachi-Main,0,2,59,58
2026-06-19,PROD0035,Lahore-Hub,0,1,430,56
2026-06-19,PROD0036,Karachi-Main,0,3,366,34
2026-06-19,PROD0037,Lahore-Hub,100,5,346,40
2026-06-19,PROD0038,Lahore-Hub,0,4,488,57
2026-06-19,PROD0039,Lahore-Hub,0,3,175,34
2026-06-19,PROD0040,Karachi-Main,0,4,138,48
2026-06-19,PROD0041,Karachi-Main,0,6,27,36
2026-06-19,PROD0042,Karachi-Main,20,4,86,39
2026-06-19,PROD0043,Lahore-Hub,0,2,315,22
2026-06-19,PROD0044,Karachi-Main,0,2,296,34
2026-06-19,PROD0045,Karachi-Main,0,2,370,57
2026-06-19,PROD0046,Karachi-Main,0,2,392,36
2026-06-19,PROD0047,Karachi-Main,0,2,275,45
2026-06-19,PROD0048,Karachi-Main,0,2,283,36
2026-06-19,PROD0049,Karachi-Main,0,2,199,20
2026-06-19,PROD0050,Karachi-Main,0,1,336,53
2026-06-19,PROD0051,Karachi-Main,0,2,4,34
2026-06-19,PROD0052,Karachi-Main,0,1,207,22
2026-06-19,PROD0053,Karachi-Main,0,4,208,34
2026-06-19,PROD0054,Karachi-Main,0,1,171,48
2026-06-19,PROD0055,Karachi-Main,0,4,429,35
2026-06-19,PROD0056,Karachi-Main,0,2,167,45
2026-06-19,PROD0057,Lahore-Hub,0,1,178,20
2026-06-19,PROD0058,Lahore-Hub,0,4,139,47
2026-06-19,PROD0059,Karachi-Main,0,4,241,23
2026-06-19,PROD0060,Karachi-Main,0,4,390,24
2026-06-20,PROD0001,Karachi-Main,0,2,316,52
2026-06-20,PROD0002,Lahore-Hub,0,2,359,32
2026-06-20,PROD0003,Karachi-Main,0,2,317,33
2026-06-20,PROD0004,Lahore-Hub,0,2,290,29
2026-06-20,PROD0005,Karachi-Main,0,2,517,41
2026-06-20,PROD0006,Karachi-Main,0,5,368,52
2026-06-20,PROD0007,Lahore-Hub,0,1,298,37
2026-06-20,PROD0008,Lahore-Hub,0,1,173,53
2026-06-20,PROD0009,Lahore-Hub,0,5,289,45
2026-06-20,PROD0010,Karachi-Main,0,3,113,53
2026-06-20,PROD0011,Karachi-Main,0,2,386,57
2026-06-20,PROD0012,Karachi-Main,0,4,245,59
2026-06-20,PROD0013,Karachi-Main,0,2,398,59
2026-06-20,PROD0014,Karachi-Main,0,3,313,32
2026-06-20,PROD0015,Karachi-Main,20,3,232,47
2026-06-20,PROD0016,Karachi-Main,0,4,9,22
2026-06-20,PROD0017,Karachi-Main,0,4,312,49
2026-06-20,PROD0018,Lahore-Hub,0,2,6,57
2026-06-20,PROD0019,Karachi-Main,0,2,163,55
2026-06-20,PROD0020,Lahore-Hub,0,1,209,38
2026-06-20,PROD0021,Karachi-Main,0,6,147,54
2026-06-20,PROD0022,Lahore-Hub,0,4,373,49
2026-06-20,PROD0023,Lahore-Hub,0,3,410,22
2026-06-20,PROD0024,Karachi-Main,0,2,382,38
2026-06-20,PROD0025,Karachi-Main,20,2,271,41
2026-06-20,PROD0026,Lahore-Hub,0,2,348,21
2026-06-20,PROD0027,Karachi-Main,0,5,262,46
2026-06-20,PROD0028,Lahore-Hub,0,1,275,57
2026-06-20,PROD0029,Lahore-Hub,0,3,295,60
2026-06-20,PROD0030,Karachi-Main,20,1,177,24
2026-06-20,PROD0031,Lahore-Hub,0,1,377,50
2026-06-20,PROD0032,Karachi-Main,0,7,261,46
2026-06-20,PROD0033,Lahore-Hub,0,6,276,49
2026-06-20,PROD0034,Lahore-Hub,0,1,58,58
2026-06-20,PROD0035,Karachi-Main,0,5,425,56
2026-06-20,PROD0036,Karachi-Main,0,3,363,34
2026-06-20,PROD0037,Lahore-Hub,0,2,344,40
2026-06-20,PROD0038,Lahore-Hub,0,3,485,57
2026-06-20,PROD0039,Karachi-Main,0,3,172,34
2026-06-20,PROD0040,Lahore-Hub,0,4,134,48
2026-06-20,PROD0041,Karachi-Main,0,6,21,36
2026-06-20,PROD0042,Karachi-Main,0,3,83,39
2026-06-20,PROD0043,Karachi-Main,0,3,312,22
2026-06-20,PROD0044,Karachi-Main,0,5,291,34
2026-06-20,PROD0045,Lahore-Hub,0,0,370,57
2026-06-20,PROD0046,Karachi-Main,0,5,387,36
2026-06-20,PROD0047,Lahore-Hub,0,2,273,45
2026-06-20,PROD0048,Karachi-Main,0,1,282,36
2026-06-20,PROD0049,Lahore-Hub,0,4,195,20
2026-06-20,PROD0050,Lahore-Hub,20,4,352,53
2026-06-20,PROD0051,Lahore-Hub,0,5,0,34
2026-06-20,PROD0052,Lahore-Hub,0,2,205,22
2026-06-20,PROD0053,Karachi-Main,0,2,206,34
2026-06-20,PROD0054,Lahore-Hub,0,4,167,48
2026-06-20,PROD0055,Lahore-Hub,0,4,425,35
2026-06-20,PROD0056,Lahore-Hub,0,3,164,45
2026-06-20,PROD0057,Lahore-Hub,0,1,177,20
2026-06-20,PROD0058,Karachi-Main,0,1,138,47
2026-06-20,PROD0059,Karachi-Main,0,1,240,23
2026-06-20,PROD0060,Lahore-Hub,0,1,389,24
2026-06-21,PROD0001,Karachi-Main,0,4,312,52
2026-06-21,PROD0002,Lahore-Hub,0,3,356,32
2026-06-21,PROD0003,Lahore-Hub,0,4,313,33
2026-06-21,PROD0004,Karachi-Main,0,3,287,29
2026-06-21,PROD0005,Lahore-Hub,0,3,514,41
2026-06-21,PROD0006,Karachi-Main,0,3,365,52
2026-06-21,PROD0007,Lahore-Hub,0,0,298,37
2026-06-21,PROD0008,Karachi-Main,20,6,187,53
2026-06-21,PROD0009,Lahore-Hub,0,4,285,45
2026-06-21,PROD0010,Lahore-Hub,0,1,112,53
2026-06-21,PROD0011,Karachi-Main,0,6,380,57
2026-06-21,PROD0012,Karachi-Main,0,1,244,59
2026-06-21,PROD0013,Karachi-Main,0,3,395,59
2026-06-21,PROD0014,Karachi-Main,0,6,307,32
2026-06-21,PROD0015,Lahore-Hub,0,3,229,47
2026-06-21,PROD0016,Karachi-Main,0,1,8,22
2026-06-21,PROD0017,Karachi-Main,20,4,328,49
2026-06-21,PROD0018,Lahore-Hub,0,1,5,57
2026-06-21,PROD0019,Karachi-Main,0,4,159,55
2026-06-21,PROD0020,Karachi-Main,0,5,204,38
2026-06-21,PROD0021,Karachi-Main,0,1,146,54
2026-06-21,PROD0022,Karachi-Main,0,2,371,49
2026-06-21,PROD0023,Lahore-Hub,0,5,405,22
2026-06-21,PROD0024,Karachi-Main,0,9,373,38
2026-06-21,PROD0025,Lahore-Hub,0,5,266,41
2026-06-21,PROD0026,Karachi-Main,0,4,344,21
2026-06-21,PROD0027,Lahore-Hub,0,4,258,46
2026-06-21,PROD0028,Karachi-Main,0,4,271,57
2026-06-21,PROD0029,Lahore-Hub,0,3,292,60
2026-06-21,PROD0030,Karachi-Main,0,2,175,24
2026-06-21,PROD0031,Lahore-Hub,0,2,375,50
2026-06-21,PROD0032,Lahore-Hub,0,7,254,46
2026-06-21,PROD0033,Lahore-Hub,100,4,372,49
2026-06-21,PROD0034,Karachi-Main,0,3,55,58
2026-06-21,PROD0035,Lahore-Hub,0,1,424,56
2026-06-21,PROD0036,Karachi-Main,0,1,362,34
2026-06-21,PROD0037,Karachi-Main,0,2,342,40
2026-06-21,PROD0038,Lahore-Hub,0,2,483,57
2026-06-21,PROD0039,Karachi-Main,0,4,168,34
2026-06-21,PROD0040,Lahore-Hub,0,3,131,48
2026-06-21,PROD0041,Karachi-Main,0,4,17,36
2026-06-21,PROD0042,Lahore-Hub,0,6,77,39
2026-06-21,PROD0043,Karachi-Main,0,2,310,22
2026-06-21,PROD0044,Karachi-Main,50,5,336,34
2026-06-21,PROD0045,Karachi-Main,0,1,369,57
2026-06-21,PROD0046,Lahore-Hub,0,4,383,36
2026-06-21,PROD0047,Lahore-Hub,0,2,271,45
2026-06-21,PROD0048,Karachi-Main,20,5,297,36
2026-06-21,PROD0049,Lahore-Hub,0,2,193,20
2026-06-21,PROD0050,Lahore-Hub,0,4,348,53
2026-06-21,PROD0051,Lahore-Hub,0,2,0,34
2026-06-21,PROD0052,Lahore-Hub,0,6,199,22
2026-06-21,PROD0053,Karachi-Main,0,2,204,34
2026-06-21,PROD0054,Karachi-Main,0,0,167,48
2026-06-21,PROD0055,Lahore-Hub,0,2,423,35
2026-06-21,PROD0056,Karachi-Main,0,3,161,45
2026-06-21,PROD0057,Lahore-Hub,0,2,175,20
2026-06-21,PROD0058,Karachi-Main,0,4,134,47
2026-06-21,PROD0059,Karachi-Main,0,2,238,23
2026-06-21,PROD0060,Lahore-Hub,0,2,387,24
2026-06-22,PROD0001,Lahore-Hub,0,4,308,52
2026-06-22,PROD0002,Karachi-Main,0,1,355,32
2026-06-22,PROD0003,Lahore-Hub,0,1,312,33
2026-06-22,PROD0004,Lahore-Hub,0,4,283,29
2026-06-22,PROD0005,Lahore-Hub,0,3,511,41
2026-06-22,PROD0006,Lahore-Hub,0,8,357,52
2026-06-22,PROD0007,Karachi-Main,0,1,297,37
2026-06-22,PROD0008,Lahore-Hub,0,4,183,53
2026-06-22,PROD0009,Karachi-Main,0,2,283,45
2026-06-22,PROD0010,Lahore-Hub,0,2,110,53
2026-06-22,PROD0011,Karachi-Main,100,3,477,57
2026-06-22,PROD0012,Lahore-Hub,0,4,240,59
2026-06-22,PROD0013,Lahore-Hub,0,3,392,59
2026-06-22,PROD0014,Karachi-Main,0,4,303,32
2026-06-22,PROD0015,Karachi-Main,0,5,224,47
2026-06-22,PROD0016,Lahore-Hub,0,5,3,22
2026-06-22,PROD0017,Karachi-Main,0,2,326,49
2026-06-22,PROD0018,Karachi-Main,0,5,0,57
2026-06-22,PROD0019,Lahore-Hub,0,3,156,55
2026-06-22,PROD0020,Karachi-Main,0,5,199,38
2026-06-22,PROD0021,Lahore-Hub,0,3,143,54
2026-06-22,PROD0022,Lahore-Hub,0,6,365,49
2026-06-22,PROD0023,Karachi-Main,0,1,404,22
2026-06-22,PROD0024,Lahore-Hub,0,1,372,38
2026-06-22,PROD0025,Lahore-Hub,0,4,262,41
2026-06-22,PROD0026,Karachi-Main,0,3,341,21
2026-06-22,PROD0027,Lahore-Hub,0,7,251,46
2026-06-22,PROD0028,Lahore-Hub,0,2,269,57
2026-06-22,PROD0029,Lahore-Hub,100,0,392,60
2026-06-22,PROD0030,Lahore-Hub,0,2,173,24
2026-06-22,PROD0031,Karachi-Main,0,3,372,50
2026-06-22,PROD0032,Karachi-Main,0,2,252,46
2026-06-22,PROD0033,Karachi-Main,0,3,369,49
2026-06-22,PROD0034,Karachi-Main,0,3,52,58
2026-06-22,PROD0035,Karachi-Main,0,1,423,56
2026-06-22,PROD0036,Lahore-Hub,0,4,358,34
2026-06-22,PROD0037,Lahore-Hub,0,4,338,40
2026-06-22,PROD0038,Lahore-Hub,0,4,479,57
2026-06-22,PROD0039,Lahore-Hub,0,3,165,34
2026-06-22,PROD0040,Lahore-Hub,0,2,129,48
2026-06-22,PROD0041,Lahore-Hub,0,2,15,36
2026-06-22,PROD0042,Lahore-Hub,100,2,175,39
2026-06-22,PROD0043,Lahore-Hub,20,0,330,22
2026-06-22,PROD0044,Lahore-Hub,0,4,332,34
2026-06-22,PROD0045,Lahore-Hub,0,2,367,57
2026-06-22,PROD0046,Karachi-Main,0,4,379,36
2026-06-22,PROD0047,Lahore-Hub,0,2,269,45
2026-06-22,PROD0048,Karachi-Main,0,7,290,36
2026-06-22,PROD0049,Karachi-Main,0,5,188,20
2026-06-22,PROD0050,Lahore-Hub,0,3,345,53
2026-06-22,PROD0051,Karachi-Main,100,1,99,34
2026-06-22,PROD0052,Karachi-Main,0,4,195,22
2026-06-22,PROD0053,Karachi-Main,0,1,203,34
2026-06-22,PROD0054,Karachi-Main,0,2,165,48
2026-06-22,PROD0055,Karachi-Main,0,2,421,35
2026-06-22,PROD0056,Karachi-Main,0,4,157,45
2026-06-22,PROD0057,Karachi-Main,0,5,170,20
2026-06-22,PROD0058,Lahore-Hub,0,2,132,47
2026-06-22,PROD0059,Lahore-Hub,0,2,236,23
2026-06-22,PROD0060,Lahore-Hub,0,2,385,24
2026-06-23,PROD0001,Karachi-Main,0,3,305,52
2026-06-23,PROD0002,Karachi-Main,0,4,351,32
2026-06-23,PROD0003,Lahore-Hub,0,1,311,33
2026-06-23,PROD0004,Karachi-Main,0,4,279,29
2026-06-23,PROD0005,Karachi-Main,0,5,506,41
2026-06-23,PROD0006,Karachi-Main,0,1,356,52
2026-06-23,PROD0007,Karachi-Main,20,2,315,37
2026-06-23,PROD0008,Lahore-Hub,0,3,180,53
2026-06-23,PROD0009,Lahore-Hub,0,1,282,45
2026-06-23,PROD0010,Lahore-Hub,0,3,107,53
2026-06-23,PROD0011,Lahore-Hub,0,4,473,57
2026-06-23,PROD0012,Karachi-Main,0,4,236,59
2026-06-23,PROD0013,Lahore-Hub,0,3,389,59
2026-06-23,PROD0014,Karachi-Main,0,5,298,32
2026-06-23,PROD0015,Karachi-Main,0,1,223,47
2026-06-23,PROD0016,Lahore-Hub,0,4,0,22
2026-06-23,PROD0017,Lahore-Hub,20,2,344,49
2026-06-23,PROD0018,Lahore-Hub,0,1,0,57
2026-06-23,PROD0019,Lahore-Hub,0,4,152,55
2026-06-23,PROD0020,Karachi-Main,20,3,216,38
2026-06-23,PROD0021,Karachi-Main,0,2,141,54
2026-06-23,PROD0022,Lahore-Hub,20,2,383,49
2026-06-23,PROD0023,Karachi-Main,0,1,403,22
2026-06-23,PROD0024,Karachi-Main,0,2,370,38
2026-06-23,PROD0025,Lahore-Hub,0,4,258,41
2026-06-23,PROD0026,Karachi-Main,0,4,337,21
2026-06-23,PROD0027,Lahore-Hub,0,6,245,46
2026-06-23,PROD0028,Lahore-Hub,0,1,268,57
2026-06-23,PROD0029,Karachi-Main,0,4,388,60
2026-06-23,PROD0030,Lahore-Hub,0,0,173,24
2026-06-23,PROD0031,Lahore-Hub,0,2,370,50
2026-06-23,PROD0032,Lahore-Hub,0,2,250,46
2026-06-23,PROD0033,Lahore-Hub,0,2,367,49
2026-06-23,PROD0034,Lahore-Hub,0,1,51,58
2026-06-23,PROD0035,Lahore-Hub,0,3,420,56
2026-06-23,PROD0036,Lahore-Hub,0,5,353,34
2026-06-23,PROD0037,Karachi-Main,0,1,337,40
2026-06-23,PROD0038,Karachi-Main,0,2,477,57
2026-06-23,PROD0039,Karachi-Main,0,5,160,34
2026-06-23,PROD0040,Karachi-Main,0,2,127,48
2026-06-23,PROD0041,Lahore-Hub,0,2,13,36
2026-06-23,PROD0042,Karachi-Main,0,4,171,39
2026-06-23,PROD0043,Lahore-Hub,0,2,328,22
2026-06-23,PROD0044,Karachi-Main,0,2,330,34
2026-06-23,PROD0045,Lahore-Hub,0,3,364,57
2026-06-23,PROD0046,Lahore-Hub,0,4,375,36
2026-06-23,PROD0047,Lahore-Hub,0,4,265,45
2026-06-23,PROD0048,Lahore-Hub,0,4,286,36
2026-06-23,PROD0049,Karachi-Main,0,5,183,20
2026-06-23,PROD0050,Karachi-Main,0,2,343,53
2026-06-23,PROD0051,Karachi-Main,0,0,99,34
2026-06-23,PROD0052,Lahore-Hub,0,3,192,22
2026-06-23,PROD0053,Karachi-Main,0,3,200,34
2026-06-23,PROD0054,Karachi-Main,50,2,213,48
2026-06-23,PROD0055,Karachi-Main,0,3,418,35
2026-06-23,PROD0056,Lahore-Hub,0,5,152,45
2026-06-23,PROD0057,Karachi-Main,0,1,169,20
2026-06-23,PROD0058,Karachi-Main,0,2,130,47
2026-06-23,PROD0059,Lahore-Hub,0,4,232,23
2026-06-23,PROD0060,Karachi-Main,0,2,383,24
2026-06-24,PROD0001,Lahore-Hub,0,0,305,52
2026-06-24,PROD0002,Karachi-Main,0,5,346,32
2026-06-24,PROD0003,Karachi-Main,0,0,311,33
2026-06-24,PROD0004,Lahore-Hub,0,2,277,29
2026-06-24,PROD0005,Karachi-Main,0,3,503,41
2026-06-24,PROD0006,Karachi-Main,0,2,354,52
2026-06-24,PROD0007,Lahore-Hub,0,6,309,37
2026-06-24,PROD0008,Karachi-Main,0,5,175,53
2026-06-24,PROD0009,Lahore-Hub,0,3,279,45
2026-06-24,PROD0010,Lahore-Hub,100,4,203,53
2026-06-24,PROD0011,Karachi-Main,0,5,468,57
2026-06-24,PROD0012,Lahore-Hub,0,2,234,59
2026-06-24,PROD0013,Karachi-Main,0,2,387,59
2026-06-24,PROD0014,Lahore-Hub,0,4,294,32
2026-06-24,PROD0015,Lahore-Hub,0,4,219,47
2026-06-24,PROD0016,Karachi-Main,50,7,43,22
2026-06-24,PROD0017,Karachi-Main,0,6,338,49
2026-06-24,PROD0018,Karachi-Main,100,4,96,57
2026-06-24,PROD0019,Lahore-Hub,0,3,149,55
2026-06-24,PROD0020,Lahore-Hub,0,5,211,38
2026-06-24,PROD0021,Karachi-Main,0,2,139,54
2026-06-24,PROD0022,Karachi-Main,0,6,377,49
2026-06-24,PROD0023,Lahore-Hub,0,2,401,22
2026-06-24,PROD0024,Karachi-Main,0,6,364,38
2026-06-24,PROD0025,Karachi-Main,0,3,255,41
2026-06-24,PROD0026,Karachi-Main,0,2,335,21
2026-06-24,PROD0027,Lahore-Hub,0,5,240,46
2026-06-24,PROD0028,Lahore-Hub,0,3,265,57
2026-06-24,PROD0029,Karachi-Main,0,2,386,60
2026-06-24,PROD0030,Lahore-Hub,0,2,171,24
2026-06-24,PROD0031,Lahore-Hub,0,1,369,50
2026-06-24,PROD0032,Karachi-Main,0,4,246,46
2026-06-24,PROD0033,Lahore-Hub,0,2,365,49
2026-06-24,PROD0034,Lahore-Hub,0,3,48,58
2026-06-24,PROD0035,Karachi-Main,0,2,418,56
2026-06-24,PROD0036,Karachi-Main,0,3,350,34
2026-06-24,PROD0037,Lahore-Hub,0,2,335,40
2026-06-24,PROD0038,Lahore-Hub,0,0,477,57
2026-06-24,PROD0039,Lahore-Hub,50,2,208,34
2026-06-24,PROD0040,Karachi-Main,0,3,124,48
2026-06-24,PROD0041,Lahore-Hub,0,1,12,36
2026-06-24,PROD0042,Karachi-Main,0,2,169,39
2026-06-24,PROD0043,Karachi-Main,0,3,325,22
2026-06-24,PROD0044,Karachi-Main,0,1,329,34
2026-06-24,PROD0045,Karachi-Main,0,4,360,57
2026-06-24,PROD0046,Karachi-Main,0,1,374,36
2026-06-24,PROD0047,Karachi-Main,0,5,260,45
2026-06-24,PROD0048,Karachi-Main,0,1,285,36
2026-06-24,PROD0049,Karachi-Main,0,1,182,20
2026-06-24,PROD0050,Lahore-Hub,0,5,338,53
2026-06-24,PROD0051,Lahore-Hub,0,0,99,34
2026-06-24,PROD0052,Lahore-Hub,0,2,190,22
2026-06-24,PROD0053,Lahore-Hub,0,2,198,34
2026-06-24,PROD0054,Karachi-Main,0,4,209,48
2026-06-24,PROD0055,Lahore-Hub,0,2,416,35
2026-06-24,PROD0056,Lahore-Hub,0,4,148,45
2026-06-24,PROD0057,Lahore-Hub,0,5,164,20
2026-06-24,PROD0058,Lahore-Hub,0,2,128,47
2026-06-24,PROD0059,Karachi-Main,0,3,229,23
2026-06-24,PROD0060,Lahore-Hub,0,4,379,24
2026-06-25,PROD0001,Lahore-Hub,0,5,300,52
2026-06-25,PROD0002,Karachi-Main,0,2,344,32
2026-06-25,PROD0003,Karachi-Main,50,4,357,33
2026-06-25,PROD0004,Karachi-Main,0,4,273,29
2026-06-25,PROD0005,Lahore-Hub,0,2,501,41
2026-06-25,PROD0006,Lahore-Hub,0,3,351,52
2026-06-25,PROD0007,Karachi-Main,100,0,409,37
2026-06-25,PROD0008,Lahore-Hub,0,7,168,53
2026-06-25,PROD0009,Lahore-Hub,0,0,279,45
2026-06-25,PROD0010,Karachi-Main,100,0,303,53
2026-06-25,PROD0011,Karachi-Main,0,1,467,57
2026-06-25,PROD0012,Lahore-Hub,0,1,233,59
2026-06-25,PROD0013,Karachi-Main,0,0,387,59
2026-06-25,PROD0014,Lahore-Hub,0,1,293,32
2026-06-25,PROD0015,Karachi-Main,0,5,214,47
2026-06-25,PROD0016,Karachi-Main,0,0,43,22
2026-06-25,PROD0017,Lahore-Hub,0,6,332,49
2026-06-25,PROD0018,Lahore-Hub,0,3,93,57
2026-06-25,PROD0019,Lahore-Hub,0,4,145,55
2026-06-25,PROD0020,Lahore-Hub,0,0,211,38
2026-06-25,PROD0021,Karachi-Main,50,7,182,54
2026-06-25,PROD0022,Lahore-Hub,0,4,373,49
2026-06-25,PROD0023,Lahore-Hub,0,0,401,22
2026-06-25,PROD0024,Karachi-Main,0,2,362,38
2026-06-25,PROD0025,Karachi-Main,0,8,247,41
2026-06-25,PROD0026,Karachi-Main,0,3,332,21
2026-06-25,PROD0027,Lahore-Hub,0,2,238,46
2026-06-25,PROD0028,Lahore-Hub,0,3,262,57
2026-06-25,PROD0029,Karachi-Main,0,4,382,60
2026-06-25,PROD0030,Karachi-Main,0,1,170,24
2026-06-25,PROD0031,Karachi-Main,0,5,364,50
2026-06-25,PROD0032,Karachi-Main,0,1,245,46
2026-06-25,PROD0033,Lahore-Hub,0,5,360,49
2026-06-25,PROD0034,Lahore-Hub,0,2,46,58
2026-06-25,PROD0035,Karachi-Main,0,1,417,56
2026-06-25,PROD0036,Karachi-Main,0,0,350,34
2026-06-25,PROD0037,Lahore-Hub,0,2,333,40
2026-06-25,PROD0038,Lahore-Hub,0,1,476,57
2026-06-25,PROD0039,Karachi-Main,50,2,256,34
2026-06-25,PROD0040,Karachi-Main,0,0,124,48
2026-06-25,PROD0041,Lahore-Hub,0,3,9,36
2026-06-25,PROD0042,Lahore-Hub,0,6,163,39
2026-06-25,PROD0043,Karachi-Main,0,2,323,22
2026-06-25,PROD0044,Lahore-Hub,0,0,329,34
2026-06-25,PROD0045,Karachi-Main,0,2,358,57
2026-06-25,PROD0046,Lahore-Hub,0,1,373,36
2026-06-25,PROD0047,Karachi-Main,100,6,354,45
2026-06-25,PROD0048,Karachi-Main,0,4,281,36
2026-06-25,PROD0049,Karachi-Main,0,1,181,20
2026-06-25,PROD0050,Lahore-Hub,0,2,336,53
2026-06-25,PROD0051,Karachi-Main,0,5,94,34
2026-06-25,PROD0052,Lahore-Hub,100,2,288,22
2026-06-25,PROD0053,Lahore-Hub,0,3,195,34
2026-06-25,PROD0054,Lahore-Hub,0,2,207,48
2026-06-25,PROD0055,Karachi-Main,0,1,415,35
2026-06-25,PROD0056,Karachi-Main,0,5,143,45
2026-06-25,PROD0057,Karachi-Main,0,3,161,20
2026-06-25,PROD0058,Lahore-Hub,0,3,125,47
2026-06-25,PROD0059,Karachi-Main,50,2,277,23
2026-06-25,PROD0060,Lahore-Hub,0,5,374,24
2026-06-26,PROD0001,Lahore-Hub,50,2,348,52
2026-06-26,PROD0002,Lahore-Hub,0,2,342,32
2026-06-26,PROD0003,Lahore-Hub,0,2,355,33
2026-06-26,PROD0004,Karachi-Main,0,0,273,29
2026-06-26,PROD0005,Lahore-Hub,0,3,498,41
2026-06-26,PROD0006,Karachi-Main,0,5,346,52
2026-06-26,PROD0007,Karachi-Main,0,2,407,37
2026-06-26,PROD0008,Karachi-Main,0,2,166,53
2026-06-26,PROD0009,Karachi-Main,0,4,275,45
2026-06-26,PROD0010,Karachi-Main,100,5,398,53
2026-06-26,PROD0011,Lahore-Hub,0,4,463,57
2026-06-26,PROD0012,Karachi-Main,0,2,231,59
2026-06-26,PROD0013,Karachi-Main,0,2,385,59
2026-06-26,PROD0014,Karachi-Main,0,2,291,32
2026-06-26,PROD0015,Lahore-Hub,0,2,212,47
2026-06-26,PROD0016,Karachi-Main,0,2,41,22
2026-06-26,PROD0017,Karachi-Main,0,3,329,49
2026-06-26,PROD0018,Karachi-Main,0,5,88,57
2026-06-26,PROD0019,Lahore-Hub,0,3,142,55
2026-06-26,PROD0020,Karachi-Main,0,3,208,38
2026-06-26,PROD0021,Karachi-Main,0,5,177,54
2026-06-26,PROD0022,Karachi-Main,0,4,369,49
2026-06-26,PROD0023,Lahore-Hub,0,1,400,22
2026-06-26,PROD0024,Karachi-Main,0,2,360,38
2026-06-26,PROD0025,Karachi-Main,0,1,246,41
2026-06-26,PROD0026,Karachi-Main,100,5,427,21
2026-06-26,PROD0027,Karachi-Main,0,0,238,46
2026-06-26,PROD0028,Karachi-Main,0,5,257,57
2026-06-26,PROD0029,Karachi-Main,0,4,378,60
2026-06-26,PROD0030,Karachi-Main,0,3,167,24
2026-06-26,PROD0031,Karachi-Main,0,3,361,50
2026-06-26,PROD0032,Lahore-Hub,0,3,242,46
2026-06-26,PROD0033,Lahore-Hub,0,1,359,49
2026-06-26,PROD0034,Lahore-Hub,0,1,45,58
2026-06-26,PROD0035,Karachi-Main,0,2,415,56
2026-06-26,PROD0036,Lahore-Hub,100,3,447,34
2026-06-26,PROD0037,Lahore-Hub,0,3,330,40
2026-06-26,PROD0038,Karachi-Main,0,3,473,57
2026-06-26,PROD0039,Karachi-Main,0,4,252,34
2026-06-26,PROD0040,Karachi-Main,0,5,119,48
2026-06-26,PROD0041,Karachi-Main,0,2,7,36
2026-06-26,PROD0042,Lahore-Hub,0,2,161,39
2026-06-26,PROD0043,Karachi-Main,0,3,320,22
2026-06-26,PROD0044,Karachi-Main,0,2,327,34
2026-06-26,PROD0045,Lahore-Hub,0,4,354,57
2026-06-26,PROD0046,Karachi-Main,0,5,368,36
2026-06-26,PROD0047,Karachi-Main,0,4,350,45
2026-06-26,PROD0048,Karachi-Main,0,4,277,36
2026-06-26,PROD0049,Karachi-Main,0,5,176,20
2026-06-26,PROD0050,Lahore-Hub,0,2,334,53
2026-06-26,PROD0051,Karachi-Main,0,5,89,34
2026-06-26,PROD0052,Karachi-Main,0,1,287,22
2026-06-26,PROD0053,Lahore-Hub,0,2,193,34
2026-06-26,PROD0054,Lahore-Hub,0,3,204,48
2026-06-26,PROD0055,Lahore-Hub,0,3,412,35
2026-06-26,PROD0056,Lahore-Hub,0,3,140,45
2026-06-26,PROD0057,Karachi-Main,0,2,159,20
2026-06-26,PROD0058,Lahore-Hub,0,5,120,47
2026-06-26,PROD0059,Lahore-Hub,0,3,274,23
2026-06-26,PROD0060,Karachi-Main,0,2,372,24
2026-06-27,PROD0001,Lahore-Hub,0,3,345,52
2026-06-27,PROD0002,Lahore-Hub,0,6,336,32
2026-06-27,PROD0003,Lahore-Hub,0,8,347,33
2026-06-27,PROD0004,Karachi-Main,0,3,270,29
2026-06-27,PROD0005,Karachi-Main,0,0,498,41
2026-06-27,PROD0006,Lahore-Hub,0,5,341,52
2026-06-27,PROD0007,Lahore-Hub,0,3,404,37
2026-06-27,PROD0008,Lahore-Hub,0,4,162,53
2026-06-27,PROD0009,Karachi-Main,0,3,272,45
2026-06-27,PROD0010,Karachi-Main,20,2,416,53
2026-06-27,PROD0011,Karachi-Main,0,3,460,57
2026-06-27,PROD0012,Lahore-Hub,0,1,230,59
2026-06-27,PROD0013,Lahore-Hub,0,3,382,59
2026-06-27,PROD0014,Lahore-Hub,0,0,291,32
2026-06-27,PROD0015,Lahore-Hub,0,1,211,47
2026-06-27,PROD0016,Lahore-Hub,0,3,38,22
2026-06-27,PROD0017,Lahore-Hub,0,1,328,49
2026-06-27,PROD0018,Lahore-Hub,0,0,88,57
2026-06-27,PROD0019,Karachi-Main,0,0,142,55
2026-06-27,PROD0020,Lahore-Hub,0,4,204,38
2026-06-27,PROD0021,Lahore-Hub,0,3,174,54
2026-06-27,PROD0022,Karachi-Main,50,4,415,49
2026-06-27,PROD0023,Karachi-Main,0,7,393,22
2026-06-27,PROD0024,Karachi-Main,0,3,357,38
2026-06-27,PROD0025,Lahore-Hub,0,1,245,41
2026-06-27,PROD0026,Karachi-Main,0,3,424,21
2026-06-27,PROD0027,Karachi-Main,0,3,235,46
2026-06-27,PROD0028,Karachi-Main,20,2,275,57
2026-06-27,PROD0029,Karachi-Main,0,7,371,60
2026-06-27,PROD0030,Lahore-Hub,0,2,165,24
2026-06-27,PROD0031,Lahore-Hub,0,4,357,50
2026-06-27,PROD0032,Lahore-Hub,0,3,239,46
2026-06-27,PROD0033,Karachi-Main,0,2,357,49
2026-06-27,PROD0034,Karachi-Main,0,0,45,58
2026-06-27,PROD0035,Lahore-Hub,0,7,408,56
2026-06-27,PROD0036,Lahore-Hub,0,5,442,34
2026-06-27,PROD0037,Karachi-Main,0,5,325,40
2026-06-27,PROD0038,Karachi-Main,0,1,472,57
2026-06-27,PROD0039,Lahore-Hub,0,4,248,34
2026-06-27,PROD0040,Karachi-Main,0,4,115,48
2026-06-27,PROD0041,Lahore-Hub,0,2,5,36
2026-06-27,PROD0042,Karachi-Main,0,1,160,39
2026-06-27,PROD0043,Karachi-Main,0,4,316,22
2026-06-27,PROD0044,Karachi-Main,0,5,322,34
2026-06-27,PROD0045,Lahore-Hub,0,5,349,57
2026-06-27,PROD0046,Lahore-Hub,0,2,366,36
2026-06-27,PROD0047,Lahore-Hub,0,6,344,45
2026-06-27,PROD0048,Karachi-Main,0,3,274,36
2026-06-27,PROD0049,Karachi-Main,0,4,172,20
2026-06-27,PROD0050,Karachi-Main,0,4,330,53
2026-06-27,PROD0051,Lahore-Hub,0,2,87,34
2026-06-27,PROD0052,Karachi-Main,0,10,277,22
2026-06-27,PROD0053,Karachi-Main,0,4,189,34
2026-06-27,PROD0054,Karachi-Main,0,3,201,48
2026-06-27,PROD0055,Karachi-Main,0,0,412,35
2026-06-27,PROD0056,Karachi-Main,0,2,138,45
2026-06-27,PROD0057,Lahore-Hub,0,2,157,20
2026-06-27,PROD0058,Karachi-Main,0,1,119,47
2026-06-27,PROD0059,Lahore-Hub,0,4,270,23
2026-06-27,PROD0060,Karachi-Main,0,4,368,24
2026-06-28,PROD0001,Lahore-Hub,0,2,343,52
2026-06-28,PROD0002,Lahore-Hub,0,3,333,32
2026-06-28,PROD0003,Karachi-Main,0,6,341,33
2026-06-28,PROD0004,Lahore-Hub,20,2,288,29
2026-06-28,PROD0005,Karachi-Main,0,2,496,41
2026-06-28,PROD0006,Karachi-Main,0,4,337,52
2026-06-28,PROD0007,Karachi-Main,0,5,399,37
2026-06-28,PROD0008,Karachi-Main,0,2,160,53
2026-06-28,PROD0009,Karachi-Main,0,2,270,45
2026-06-28,PROD0010,Lahore-Hub,0,4,412,53
2026-06-28,PROD0011,Lahore-Hub,0,3,457,57
2026-06-28,PROD0012,Lahore-Hub,0,4,226,59
2026-06-28,PROD0013,Karachi-Main,0,3,379,59
2026-06-28,PROD0014,Lahore-Hub,0,2,289,32
2026-06-28,PROD0015,Karachi-Main,0,5,206,47
2026-06-28,PROD0016,Lahore-Hub,0,0,38,22
2026-06-28,PROD0017,Lahore-Hub,0,4,324,49
2026-06-28,PROD0018,Karachi-Main,0,3,85,57
2026-06-28,PROD0019,Lahore-Hub,0,1,141,55
2026-06-28,PROD0020,Lahore-Hub,0,4,200,38
2026-06-28,PROD0021,Lahore-Hub,0,4,170,54
2026-06-28,PROD0022,Lahore-Hub,0,3,412,49
2026-06-28,PROD0023,Karachi-Main,0,0,393,22
2026-06-28,PROD0024,Karachi-Main,20,3,374,38
2026-06-28,PROD0025,Karachi-Main,0,5,240,41
2026-06-28,PROD0026,Karachi-Main,0,1,423,21
2026-06-28,PROD0027,Karachi-Main,0,5,230,46
2026-06-28,PROD0028,Karachi-Main,0,2,273,57
2026-06-28,PROD0029,Lahore-Hub,0,2,369,60
2026-06-28,PROD0030,Karachi-Main,0,2,163,24
2026-06-28,PROD0031,Lahore-Hub,0,3,354,50
2026-06-28,PROD0032,Lahore-Hub,20,5,254,46
2026-06-28,PROD0033,Karachi-Main,0,5,352,49
2026-06-28,PROD0034,Lahore-Hub,0,2,43,58
2026-06-28,PROD0035,Lahore-Hub,0,3,405,56
2026-06-28,PROD0036,Lahore-Hub,0,0,442,34
2026-06-28,PROD0037,Karachi-Main,0,4,321,40
2026-06-28,PROD0038,Karachi-Main,0,2,470,57
2026-06-28,PROD0039,Karachi-Main,0,8,240,34
2026-06-28,PROD0040,Lahore-Hub,0,5,110,48
2026-06-28,PROD0041,Karachi-Main,0,4,1,36
2026-06-28,PROD0042,Karachi-Main,0,3,157,39
2026-06-28,PROD0043,Karachi-Main,0,3,313,22
2026-06-28,PROD0044,Lahore-Hub,0,1,321,34
2026-06-28,PROD0045,Lahore-Hub,0,1,348,57
2026-06-28,PROD0046,Karachi-Main,0,3,363,36
2026-06-28,PROD0047,Lahore-Hub,0,4,340,45
2026-06-28,PROD0048,Karachi-Main,0,2,272,36
2026-06-28,PROD0049,Lahore-Hub,0,2,170,20
2026-06-28,PROD0050,Karachi-Main,0,4,326,53
2026-06-28,PROD0051,Karachi-Main,0,2,85,34
2026-06-28,PROD0052,Lahore-Hub,0,3,274,22
2026-06-28,PROD0053,Karachi-Main,0,2,187,34
2026-06-28,PROD0054,Karachi-Main,0,1,200,48
2026-06-28,PROD0055,Lahore-Hub,0,4,408,35
2026-06-28,PROD0056,Karachi-Main,0,3,135,45
2026-06-28,PROD0057,Karachi-Main,0,2,155,20
2026-06-28,PROD0058,Lahore-Hub,0,4,115,47
2026-06-28,PROD0059,Karachi-Main,0,2,268,23
2026-06-28,PROD0060,Lahore-Hub,0,3,365,24
2026-06-29,PROD0001,Lahore-Hub,50,0,393,52
2026-06-29,PROD0002,Lahore-Hub,0,4,329,32
2026-06-29,PROD0003,Lahore-Hub,0,4,337,33
2026-06-29,PROD0004,Karachi-Main,0,3,285,29
2026-06-29,PROD0005,Lahore-Hub,0,0,496,41
2026-06-29,PROD0006,Karachi-Main,0,0,337,52
2026-06-29,PROD0007,Lahore-Hub,0,3,396,37
2026-06-29,PROD0008,Lahore-Hub,0,2,158,53
2026-06-29,PROD0009,Karachi-Main,0,3,267,45
2026-06-29,PROD0010,Lahore-Hub,0,2,410,53
2026-06-29,PROD0011,Lahore-Hub,0,6,451,57
2026-06-29,PROD0012,Karachi-Main,0,4,222,59
2026-06-29,PROD0013,Lahore-Hub,0,3,376,59
2026-06-29,PROD0014,Karachi-Main,0,4,285,32
2026-06-29,PROD0015,Lahore-Hub,0,6,200,47
2026-06-29,PROD0016,Lahore-Hub,0,3,35,22
2026-06-29,PROD0017,Karachi-Main,0,0,324,49
2026-06-29,PROD0018,Lahore-Hub,0,0,85,57
2026-06-29,PROD0019,Karachi-Main,0,7,134,55
2026-06-29,PROD0020,Karachi-Main,0,5,195,38
2026-06-29,PROD0021,Karachi-Main,0,2,168,54
2026-06-29,PROD0022,Lahore-Hub,0,6,406,49
2026-06-29,PROD0023,Lahore-Hub,0,6,387,22
2026-06-29,PROD0024,Lahore-Hub,0,2,372,38
2026-06-29,PROD0025,Karachi-Main,0,4,236,41
2026-06-29,PROD0026,Karachi-Main,0,2,421,21
2026-06-29,PROD0027,Lahore-Hub,0,1,229,46
2026-06-29,PROD0028,Lahore-Hub,0,5,268,57
2026-06-29,PROD0029,Lahore-Hub,0,7,362,60
2026-06-29,PROD0030,Lahore-Hub,0,0,163,24
2026-06-29,PROD0031,Lahore-Hub,0,2,352,50
2026-06-29,PROD0032,Karachi-Main,0,0,254,46
2026-06-29,PROD0033,Karachi-Main,0,4,348,49
2026-06-29,PROD0034,Lahore-Hub,0,5,38,58
2026-06-29,PROD0035,Karachi-Main,0,2,403,56
2026-06-29,PROD0036,Lahore-Hub,0,1,441,34
2026-06-29,PROD0037,Lahore-Hub,0,3,318,40
2026-06-29,PROD0038,Karachi-Main,0,2,468,57
2026-06-29,PROD0039,Lahore-Hub,0,3,237,34
2026-06-29,PROD0040,Lahore-Hub,0,3,107,48
2026-06-29,PROD0041,Lahore-Hub,50,5,46,36
2026-06-29,PROD0042,Lahore-Hub,0,4,153,39
2026-06-29,PROD0043,Karachi-Main,0,2,311,22
2026-06-29,PROD0044,Lahore-Hub,0,7,314,34
2026-06-29,PROD0045,Lahore-Hub,0,3,345,57
2026-06-29,PROD0046,Lahore-Hub,0,3,360,36
2026-06-29,PROD0047,Lahore-Hub,0,0,340,45
2026-06-29,PROD0048,Karachi-Main,0,6,266,36
2026-06-29,PROD0049,Lahore-Hub,0,3,167,20
2026-06-29,PROD0050,Karachi-Main,0,0,326,53
2026-06-29,PROD0051,Karachi-Main,0,6,79,34
2026-06-29,PROD0052,Lahore-Hub,0,3,271,22
2026-06-29,PROD0053,Karachi-Main,0,6,181,34
2026-06-29,PROD0054,Lahore-Hub,0,1,199,48
2026-06-29,PROD0055,Lahore-Hub,0,5,403,35
2026-06-29,PROD0056,Karachi-Main,0,4,131,45
2026-06-29,PROD0057,Lahore-Hub,0,4,151,20
2026-06-29,PROD0058,Karachi-Main,0,4,111,47
2026-06-29,PROD0059,Lahore-Hub,0,1,267,23
2026-06-29,PROD0060,Lahore-Hub,0,1,364,24
2026-06-30,PROD0001,Lahore-Hub,0,9,384,52
2026-06-30,PROD0002,Karachi-Main,0,6,323,32
2026-06-30,PROD0003,Karachi-Main,0,4,333,33
2026-06-30,PROD0004,Karachi-Main,0,2,283,29
2026-06-30,PROD0005,Karachi-Main,0,3,493,41
2026-06-30,PROD0006,Lahore-Hub,0,4,333,52
2026-06-30,PROD0007,Lahore-Hub,0,4,392,37
2026-06-30,PROD0008,Karachi-Main,50,2,206,53
2026-06-30,PROD0009,Karachi-Main,0,1,266,45
2026-06-30,PROD0010,Karachi-Main,0,4,406,53
2026-06-30,PROD0011,Lahore-Hub,0,1,450,57
2026-06-30,PROD0012,Lahore-Hub,0,4,218,59
2026-06-30,PROD0013,Lahore-Hub,50,5,421,59
2026-06-30,PROD0014,Karachi-Main,0,2,283,32
2026-06-30,PROD0015,Karachi-Main,0,4,196,47
2026-06-30,PROD0016,Karachi-Main,0,2,33,22
2026-06-30,PROD0017,Lahore-Hub,100,3,421,49
2026-06-30,PROD0018,Karachi-Main,0,4,81,57
2026-06-30,PROD0019,Lahore-Hub,0,4,130,55
2026-06-30,PROD0020,Karachi-Main,0,3,192,38
2026-06-30,PROD0021,Lahore-Hub,50,5,213,54
2026-06-30,PROD0022,Lahore-Hub,0,3,403,49
2026-06-30,PROD0023,Lahore-Hub,0,2,385,22
2026-06-30,PROD0024,Karachi-Main,50,1,421,38
2026-06-30,PROD0025,Lahore-Hub,0,4,232,41
2026-06-30,PROD0026,Karachi-Main,0,2,419,21
2026-06-30,PROD0027,Lahore-Hub,0,4,225,46
2026-06-30,PROD0028,Karachi-Main,0,5,263,57
2026-06-30,PROD0029,Lahore-Hub,0,0,362,60
2026-06-30,PROD0030,Lahore-Hub,50,2,211,24
2026-06-30,PROD0031,Lahore-Hub,0,2,350,50
2026-06-30,PROD0032,Lahore-Hub,0,2,252,46
2026-06-30,PROD0033,Karachi-Main,0,1,347,49
2026-06-30,PROD0034,Karachi-Main,0,2,36,58
2026-06-30,PROD0035,Lahore-Hub,0,2,401,56
2026-06-30,PROD0036,Lahore-Hub,0,7,434,34
2026-06-30,PROD0037,Karachi-Main,0,2,316,40
2026-06-30,PROD0038,Lahore-Hub,0,3,465,57
2026-06-30,PROD0039,Karachi-Main,0,1,236,34
2026-06-30,PROD0040,Lahore-Hub,0,4,103,48
2026-06-30,PROD0041,Karachi-Main,0,2,44,36
2026-06-30,PROD0042,Lahore-Hub,0,3,150,39
2026-06-30,PROD0043,Karachi-Main,0,5,306,22
2026-06-30,PROD0044,Karachi-Main,0,3,311,34
2026-06-30,PROD0045,Lahore-Hub,0,3,342,57
2026-06-30,PROD0046,Karachi-Main,0,3,357,36
2026-06-30,PROD0047,Lahore-Hub,0,4,336,45
2026-06-30,PROD0048,Lahore-Hub,0,6,260,36
2026-06-30,PROD0049,Karachi-Main,0,5,162,20
2026-06-30,PROD0050,Karachi-Main,0,1,325,53
2026-06-30,PROD0051,Karachi-Main,0,4,75,34
2026-06-30,PROD0052,Karachi-Main,0,1,270,22
2026-06-30,PROD0053,Lahore-Hub,0,3,178,34
2026-06-30,PROD0054,Lahore-Hub,0,4,195,48
2026-06-30,PROD0055,Lahore-Hub,0,4,399,35
2026-06-30,PROD0056,Karachi-Main,0,5,126,45
2026-06-30,PROD0057,Lahore-Hub,50,3,198,20
2026-06-30,PROD0058,Lahore-Hub,0,1,110,47
2026-06-30,PROD0059,Karachi-Main,0,1,266,23
2026-06-30,PROD0060,Lahore-Hub,0,4,360,24
2026-07-01,PROD0001,Karachi-Main,0,5,379,52
2026-07-01,PROD0002,Karachi-Main,0,2,321,32
2026-07-01,PROD0003,Karachi-Main,0,4,329,33
2026-07-01,PROD0004,Lahore-Hub,0,6,277,29
2026-07-01,PROD0005,Lahore-Hub,0,3,490,41
2026-07-01,PROD0006,Lahore-Hub,0,3,330,52
2026-07-01,PROD0007,Lahore-Hub,0,3,389,37
2026-07-01,PROD0008,Lahore-Hub,100,2,304,53
2026-07-01,PROD0009,Lahore-Hub,0,4,262,45
2026-07-01,PROD0010,Karachi-Main,20,2,424,53
2026-07-01,PROD0011,Lahore-Hub,0,1,449,57
2026-07-01,PROD0012,Karachi-Main,0,2,216,59
2026-07-01,PROD0013,Karachi-Main,0,2,419,59
2026-07-01,PROD0014,Lahore-Hub,0,4,279,32
2026-07-01,PROD0015,Lahore-Hub,0,4,192,47
2026-07-01,PROD0016,Karachi-Main,0,3,30,22
2026-07-01,PROD0017,Lahore-Hub,0,4,417,49
2026-07-01,PROD0018,Lahore-Hub,100,4,177,57
2026-07-01,PROD0019,Karachi-Main,0,1,129,55
2026-07-01,PROD0020,Karachi-Main,0,5,187,38
2026-07-01,PROD0021,Karachi-Main,0,4,209,54
2026-07-01,PROD0022,Karachi-Main,0,1,402,49
2026-07-01,PROD0023,Lahore-Hub,0,5,380,22
2026-07-01,PROD0024,Lahore-Hub,0,4,417,38
2026-07-01,PROD0025,Karachi-Main,0,1,231,41
2026-07-01,PROD0026,Karachi-Main,0,2,417,21
2026-07-01,PROD0027,Karachi-Main,0,4,221,46
2026-07-01,PROD0028,Lahore-Hub,0,2,261,57
2026-07-01,PROD0029,Karachi-Main,0,6,356,60
2026-07-01,PROD0030,Karachi-Main,0,4,207,24
2026-07-01,PROD0031,Lahore-Hub,0,6,344,50
2026-07-01,PROD0032,Lahore-Hub,0,4,248,46
2026-07-01,PROD0033,Lahore-Hub,0,4,343,49
2026-07-01,PROD0034,Karachi-Main,0,2,34,58
2026-07-01,PROD0035,Lahore-Hub,0,1,400,56
2026-07-01,PROD0036,Karachi-Main,0,3,431,34
2026-07-01,PROD0037,Karachi-Main,0,2,314,40
2026-07-01,PROD0038,Lahore-Hub,0,4,461,57
2026-07-01,PROD0039,Lahore-Hub,0,5,231,34
2026-07-01,PROD0040,Karachi-Main,0,0,103,48
2026-07-01,PROD0041,Lahore-Hub,0,5,39,36
2026-07-01,PROD0042,Karachi-Main,0,3,147,39
2026-07-01,PROD0043,Karachi-Main,0,3,303,22
2026-07-01,PROD0044,Lahore-Hub,0,5,306,34
2026-07-01,PROD0045,Karachi-Main,0,0,342,57
2026-07-01,PROD0046,Karachi-Main,100,3,454,36
2026-07-01,PROD0047,Lahore-Hub,0,1,335,45
2026-07-01,PROD0048,Karachi-Main,0,2,258,36
2026-07-01,PROD0049,Lahore-Hub,20,3,179,20
2026-07-01,PROD0050,Lahore-Hub,0,1,324,53
2026-07-01,PROD0051,Lahore-Hub,0,1,74,34
2026-07-01,PROD0052,Karachi-Main,0,4,266,22
2026-07-01,PROD0053,Karachi-Main,0,5,173,34
2026-07-01,PROD0054,Lahore-Hub,0,5,190,48
2026-07-01,PROD0055,Lahore-Hub,0,2,397,35
2026-07-01,PROD0056,Lahore-Hub,0,2,124,45
2026-07-01,PROD0057,Lahore-Hub,0,3,195,20
2026-07-01,PROD0058,Lahore-Hub,0,5,105,47
2026-07-01,PROD0059,Lahore-Hub,0,6,260,23
2026-07-01,PROD0060,Karachi-Main,0,3,357,24
2026-07-02,PROD0001,Karachi-Main,0,1,378,52
2026-07-02,PROD0002,Karachi-Main,0,2,319,32
2026-07-02,PROD0003,Lahore-Hub,0,2,327,33
2026-07-02,PROD0004,Lahore-Hub,0,2,275,29
2026-07-02,PROD0005,Lahore-Hub,0,2,488,41
2026-07-02,PROD0006,Karachi-Main,0,2,328,52
2026-07-02,PROD0007,Karachi-Main,0,3,386,37
2026-07-02,PROD0008,Lahore-Hub,0,4,300,53
2026-07-02,PROD0009,Karachi-Main,0,3,259,45
2026-07-02,PROD0010,Karachi-Main,0,2,422,53
2026-07-02,PROD0011,Lahore-Hub,0,2,447,57
2026-07-02,PROD0012,Lahore-Hub,0,5,211,59
2026-07-02,PROD0013,Lahore-Hub,0,3,416,59
2026-07-02,PROD0014,Karachi-Main,0,2,277,32
2026-07-02,PROD0015,Karachi-Main,0,1,191,47
2026-07-02,PROD0016,Lahore-Hub,0,5,25,22
2026-07-02,PROD0017,Lahore-Hub,0,2,415,49
2026-07-02,PROD0018,Lahore-Hub,0,2,175,57
2026-07-02,PROD0019,Lahore-Hub,0,5,124,55
2026-07-02,PROD0020,Lahore-Hub,0,2,185,38
2026-07-02,PROD0021,Lahore-Hub,0,3,206,54
2026-07-02,PROD0022,Lahore-Hub,0,0,402,49
2026-07-02,PROD0023,Lahore-Hub,0,0,380,22
2026-07-02,PROD0024,Karachi-Main,0,1,416,38
2026-07-02,PROD0025,Karachi-Main,0,4,227,41
2026-07-02,PROD0026,Karachi-Main,0,6,411,21
2026-07-02,PROD0027,Karachi-Main,0,3,218,46
2026-07-02,PROD0028,Lahore-Hub,0,1,260,57
2026-07-02,PROD0029,Karachi-Main,0,0,356,60
2026-07-02,PROD0030,Karachi-Main,0,0,207,24
2026-07-02,PROD0031,Lahore-Hub,0,0,344,50
2026-07-02,PROD0032,Lahore-Hub,0,1,247,46
2026-07-02,PROD0033,Lahore-Hub,0,3,340,49
2026-07-02,PROD0034,Karachi-Main,0,5,29,58
2026-07-02,PROD0035,Lahore-Hub,0,7,393,56
2026-07-02,PROD0036,Karachi-Main,0,0,431,34
2026-07-02,PROD0037,Lahore-Hub,0,4,310,40
2026-07-02,PROD0038,Karachi-Main,0,2,459,57
2026-07-02,PROD0039,Lahore-Hub,0,2,229,34
2026-07-02,PROD0040,Karachi-Main,0,4,99,48
2026-07-02,PROD0041,Lahore-Hub,0,0,39,36
2026-07-02,PROD0042,Lahore-Hub,0,3,144,39
2026-07-02,PROD0043,Lahore-Hub,0,1,302,22
2026-07-02,PROD0044,Lahore-Hub,0,3,303,34
2026-07-02,PROD0045,Lahore-Hub,0,6,336,57
2026-07-02,PROD0046,Lahore-Hub,0,3,451,36
2026-07-02,PROD0047,Karachi-Main,0,5,330,45
2026-07-02,PROD0048,Lahore-Hub,0,2,256,36
2026-07-02,PROD0049,Lahore-Hub,0,1,178,20
2026-07-02,PROD0050,Karachi-Main,0,4,320,53
2026-07-02,PROD0051,Karachi-Main,0,7,67,34
2026-07-02,PROD0052,Karachi-Main,0,2,264,22
2026-07-02,PROD0053,Lahore-Hub,0,4,169,34
2026-07-02,PROD0054,Lahore-Hub,0,4,186,48
2026-07-02,PROD0055,Lahore-Hub,0,0,397,35
2026-07-02,PROD0056,Karachi-Main,0,5,119,45
2026-07-02,PROD0057,Karachi-Main,0,7,188,20
2026-07-02,PROD0058,Karachi-Main,0,1,104,47
2026-07-02,PROD0059,Karachi-Main,0,2,258,23
2026-07-02,PROD0060,Karachi-Main,0,3,354,24
2026-07-03,PROD0001,Lahore-Hub,0,1,377,52
2026-07-03,PROD0002,Lahore-Hub,0,2,317,32
2026-07-03,PROD0003,Karachi-Main,0,2,325,33
2026-07-03,PROD0004,Karachi-Main,0,1,274,29
2026-07-03,PROD0005,Karachi-Main,0,7,481,41
2026-07-03,PROD0006,Karachi-Main,0,0,328,52
2026-07-03,PROD0007,Lahore-Hub,0,8,378,37
2026-07-03,PROD0008,Lahore-Hub,0,3,297,53
2026-07-03,PROD0009,Karachi-Main,0,3,256,45
2026-07-03,PROD0010,Karachi-Main,0,0,422,53
2026-07-03,PROD0011,Karachi-Main,0,3,444,57
2026-07-03,PROD0012,Karachi-Main,0,1,210,59
2026-07-03,PROD0013,Karachi-Main,0,3,413,59
2026-07-03,PROD0014,Karachi-Main,0,1,276,32
2026-07-03,PROD0015,Karachi-Main,0,1,190,47
2026-07-03,PROD0016,Lahore-Hub,0,5,20,22
2026-07-03,PROD0017,Karachi-Main,0,4,411,49
2026-07-03,PROD0018,Karachi-Main,20,9,186,57
2026-07-03,PROD0019,Lahore-Hub,0,2,122,55
2026-07-03,PROD0020,Karachi-Main,0,2,183,38
2026-07-03,PROD0021,Karachi-Main,0,2,204,54
2026-07-03,PROD0022,Karachi-Main,0,2,400,49
2026-07-03,PROD0023,Karachi-Main,0,4,376,22
2026-07-03,PROD0024,Karachi-Main,0,1,415,38
2026-07-03,PROD0025,Lahore-Hub,0,2,225,41
2026-07-03,PROD0026,Karachi-Main,0,2,409,21
2026-07-03,PROD0027,Lahore-Hub,0,3,215,46
2026-07-03,PROD0028,Lahore-Hub,0,1,259,57
2026-07-03,PROD0029,Karachi-Main,0,1,355,60
2026-07-03,PROD0030,Lahore-Hub,0,5,202,24
2026-07-03,PROD0031,Lahore-Hub,0,4,340,50
2026-07-03,PROD0032,Lahore-Hub,0,7,240,46
2026-07-03,PROD0033,Karachi-Main,0,1,339,49
2026-07-03,PROD0034,Karachi-Main,0,2,27,58
2026-07-03,PROD0035,Lahore-Hub,0,5,388,56
2026-07-03,PROD0036,Karachi-Main,0,4,427,34
2026-07-03,PROD0037,Lahore-Hub,0,5,305,40
2026-07-03,PROD0038,Karachi-Main,20,4,475,57
2026-07-03,PROD0039,Karachi-Main,0,3,226,34
2026-07-03,PROD0040,Karachi-Main,50,4,145,48
2026-07-03,PROD0041,Lahore-Hub,0,6,33,36
2026-07-03,PROD0042,Karachi-Main,0,4,140,39
2026-07-03,PROD0043,Karachi-Main,0,6,296,22
2026-07-03,PROD0044,Karachi-Main,0,2,301,34
2026-07-03,PROD0045,Karachi-Main,0,4,332,57
2026-07-03,PROD0046,Lahore-Hub,0,0,451,36
2026-07-03,PROD0047,Lahore-Hub,100,3,427,45
2026-07-03,PROD0048,Lahore-Hub,0,1,255,36
2026-07-03,PROD0049,Lahore-Hub,0,4,174,20
2026-07-03,PROD0050,Lahore-Hub,0,2,318,53
2026-07-03,PROD0051,Lahore-Hub,0,3,64,34
2026-07-03,PROD0052,Karachi-Main,0,4,260,22
2026-07-03,PROD0053,Lahore-Hub,0,5,164,34
2026-07-03,PROD0054,Lahore-Hub,0,2,184,48
2026-07-03,PROD0055,Karachi-Main,50,4,443,35
2026-07-03,PROD0056,Lahore-Hub,0,5,114,45
2026-07-03,PROD0057,Karachi-Main,0,4,184,20
2026-07-03,PROD0058,Lahore-Hub,0,5,99,47
2026-07-03,PROD0059,Lahore-Hub,0,1,257,23
2026-07-03,PROD0060,Karachi-Main,0,3,351,24
2026-07-04,PROD0001,Karachi-Main,0,5,372,52
2026-07-04,PROD0002,Karachi-Main,0,1,316,32
2026-07-04,PROD0003,Karachi-Main,0,0,325,33
2026-07-04,PROD0004,Karachi-Main,0,1,273,29
2026-07-04,PROD0005,Karachi-Main,0,2,479,41
2026-07-04,PROD0006,Lahore-Hub,0,3,325,52
2026-07-04,PROD0007,Karachi-Main,0,1,377,37
2026-07-04,PROD0008,Lahore-Hub,0,2,295,53
2026-07-04,PROD0009,Karachi-Main,0,2,254,45
2026-07-04,PROD0010,Karachi-Main,0,5,417,53
2026-07-04,PROD0011,Lahore-Hub,0,1,443,57
2026-07-04,PROD0012,Karachi-Main,0,3,207,59
2026-07-04,PROD0013,Karachi-Main,0,2,411,59
2026-07-04,PROD0014,Karachi-Main,0,4,272,32
2026-07-04,PROD0015,Karachi-Main,0,5,185,47
2026-07-04,PROD0016,Lahore-Hub,0,3,17,22
2026-07-04,PROD0017,Lahore-Hub,0,3,408,49
2026-07-04,PROD0018,Karachi-Main,0,3,183,57
2026-07-04,PROD0019,Karachi-Main,50,2,170,55
2026-07-04,PROD0020,Lahore-Hub,0,3,180,38
2026-07-04,PROD0021,Karachi-Main,0,6,198,54
2026-07-04,PROD0022,Lahore-Hub,0,2,398,49
2026-07-04,PROD0023,Lahore-Hub,0,1,375,22
2026-07-04,PROD0024,Karachi-Main,0,3,412,38
2026-07-04,PROD0025,Karachi-Main,0,1,224,41
2026-07-04,PROD0026,Karachi-Main,0,4,405,21
2026-07-04,PROD0027,Karachi-Main,0,5,210,46
2026-07-04,PROD0028,Karachi-Main,0,2,257,57
2026-07-04,PROD0029,Karachi-Main,0,3,352,60
2026-07-04,PROD0030,Karachi-Main,20,0,222,24
2026-07-04,PROD0031,Karachi-Main,0,1,339,50
2026-07-04,PROD0032,Lahore-Hub,100,7,333,46
2026-07-04,PROD0033,Karachi-Main,0,6,333,49
2026-07-04,PROD0034,Karachi-Main,0,2,25,58
2026-07-04,PROD0035,Lahore-Hub,0,2,386,56
2026-07-04,PROD0036,Lahore-Hub,0,3,424,34
2026-07-04,PROD0037,Karachi-Main,0,4,301,40
2026-07-04,PROD0038,Karachi-Main,0,3,472,57
2026-07-04,PROD0039,Lahore-Hub,0,4,222,34
2026-07-04,PROD0040,Lahore-Hub,0,1,144,48
2026-07-04,PROD0041,Lahore-Hub,0,4,29,36
2026-07-04,PROD0042,Karachi-Main,0,3,137,39
2026-07-04,PROD0043,Lahore-Hub,0,4,292,22
2026-07-04,PROD0044,Lahore-Hub,0,4,297,34
2026-07-04,PROD0045,Karachi-Main,0,4,328,57
2026-07-04,PROD0046,Lahore-Hub,0,3,448,36
2026-07-04,PROD0047,Karachi-Main,0,0,427,45
2026-07-04,PROD0048,Karachi-Main,0,4,251,36
2026-07-04,PROD0049,Karachi-Main,0,3,171,20
2026-07-04,PROD0050,Karachi-Main,0,6,312,53
2026-07-04,PROD0051,Karachi-Main,0,1,63,34
2026-07-04,PROD0052,Karachi-Main,0,3,257,22
2026-07-04,PROD0053,Lahore-Hub,0,3,161,34
2026-07-04,PROD0054,Karachi-Main,0,3,181,48
2026-07-04,PROD0055,Lahore-Hub,0,3,440,35
2026-07-04,PROD0056,Karachi-Main,0,2,112,45
2026-07-04,PROD0057,Karachi-Main,0,3,181,20
2026-07-04,PROD0058,Lahore-Hub,0,3,96,47
2026-07-04,PROD0059,Karachi-Main,100,3,354,23
2026-07-04,PROD0060,Karachi-Main,20,2,369,24
2026-07-05,PROD0001,Lahore-Hub,0,2,370,52
2026-07-05,PROD0002,Karachi-Main,0,2,314,32
2026-07-05,PROD0003,Karachi-Main,0,5,320,33
2026-07-05,PROD0004,Karachi-Main,0,2,271,29
2026-07-05,PROD0005,Karachi-Main,50,6,523,41
2026-07-05,PROD0006,Lahore-Hub,0,4,321,52
2026-07-05,PROD0007,Lahore-Hub,0,3,374,37
2026-07-05,PROD0008,Karachi-Main,0,3,292,53
2026-07-05,PROD0009,Karachi-Main,50,0,304,45
2026-07-05,PROD0010,Karachi-Main,0,5,412,53
2026-07-05,PROD0011,Lahore-Hub,0,2,441,57
2026-07-05,PROD0012,Lahore-Hub,0,3,204,59
2026-07-05,PROD0013,Lahore-Hub,0,3,408,59
2026-07-05,PROD0014,Karachi-Main,0,4,268,32
2026-07-05,PROD0015,Lahore-Hub,0,2,183,47
2026-07-05,PROD0016,Karachi-Main,0,5,12,22
2026-07-05,PROD0017,Karachi-Main,0,1,407,49
2026-07-05,PROD0018,Lahore-Hub,0,4,179,57
2026-07-05,PROD0019,Lahore-Hub,0,0,170,55
2026-07-05,PROD0020,Karachi-Main,0,6,174,38
2026-07-05,PROD0021,Karachi-Main,0,2,196,54
2026-07-05,PROD0022,Lahore-Hub,0,2,396,49
2026-07-05,PROD0023,Lahore-Hub,0,1,374,22
2026-07-05,PROD0024,Lahore-Hub,0,4,408,38
2026-07-05,PROD0025,Karachi-Main,0,1,223,41
2026-07-05,PROD0026,Karachi-Main,0,4,401,21
2026-07-05,PROD0027,Lahore-Hub,0,3,207,46
2026-07-05,PROD0028,Lahore-Hub,0,2,255,57
2026-07-05,PROD0029,Karachi-Main,0,3,349,60
2026-07-05,PROD0030,Lahore-Hub,0,3,219,24
2026-07-05,PROD0031,Lahore-Hub,0,3,336,50
2026-07-05,PROD0032,Lahore-Hub,0,1,332,46
2026-07-05,PROD0033,Lahore-Hub,20,2,351,49
2026-07-05,PROD0034,Lahore-Hub,0,4,21,58
2026-07-05,PROD0035,Karachi-Main,0,2,384,56
2026-07-05,PROD0036,Karachi-Main,0,5,419,34
2026-07-05,PROD0037,Lahore-Hub,0,4,297,40
2026-07-05,PROD0038,Lahore-Hub,0,4,468,57
2026-07-05,PROD0039,Karachi-Main,100,3,319,34
2026-07-05,PROD0040,Lahore-Hub,20,1,163,48
2026-07-05,PROD0041,Karachi-Main,0,0,29,36
2026-07-05,PROD0042,Karachi-Main,0,2,135,39
2026-07-05,PROD0043,Karachi-Main,0,1,291,22
2026-07-05,PROD0044,Lahore-Hub,0,1,296,34
2026-07-05,PROD0045,Karachi-Main,0,4,324,57
2026-07-05,PROD0046,Lahore-Hub,0,1,447,36
2026-07-05,PROD0047,Karachi-Main,0,3,424,45
2026-07-05,PROD0048,Lahore-Hub,0,5,246,36
2026-07-05,PROD0049,Karachi-Main,0,4,167,20
2026-07-05,PROD0050,Lahore-Hub,0,5,307,53
2026-07-05,PROD0051,Lahore-Hub,0,4,59,34
2026-07-05,PROD0052,Lahore-Hub,0,4,253,22
2026-07-05,PROD0053,Lahore-Hub,0,2,159,34
2026-07-05,PROD0054,Karachi-Main,0,0,181,48
2026-07-05,PROD0055,Karachi-Main,0,2,438,35
2026-07-05,PROD0056,Lahore-Hub,0,5,107,45
2026-07-05,PROD0057,Karachi-Main,20,6,195,20
2026-07-05,PROD0058,Karachi-Main,0,1,95,47
2026-07-05,PROD0059,Lahore-Hub,0,0,354,23
2026-07-05,PROD0060,Lahore-Hub,0,4,365,24
2026-07-06,PROD0001,Lahore-Hub,0,4,366,52
2026-07-06,PROD0002,Lahore-Hub,100,5,409,32
2026-07-06,PROD0003,Karachi-Main,0,3,317,33
2026-07-06,PROD0004,Lahore-Hub,0,1,270,29
2026-07-06,PROD0005,Karachi-Main,0,5,518,41
2026-07-06,PROD0006,Lahore-Hub,100,2,419,52
2026-07-06,PROD0007,Karachi-Main,0,4,370,37
2026-07-06,PROD0008,Karachi-Main,0,1,291,53
2026-07-06,PROD0009,Karachi-Main,100,4,400,45
2026-07-06,PROD0010,Karachi-Main,0,6,406,53
2026-07-06,PROD0011,Karachi-Main,0,1,440,57
2026-07-06,PROD0012,Karachi-Main,0,3,201,59
2026-07-06,PROD0013,Lahore-Hub,0,2,406,59
2026-07-06,PROD0014,Karachi-Main,20,2,286,32
2026-07-06,PROD0015,Karachi-Main,0,4,179,47
2026-07-06,PROD0016,Lahore-Hub,0,5,7,22
2026-07-06,PROD0017,Karachi-Main,0,1,406,49
2026-07-06,PROD0018,Karachi-Main,0,2,177,57
2026-07-06,PROD0019,Lahore-Hub,0,4,166,55
2026-07-06,PROD0020,Lahore-Hub,0,4,170,38
2026-07-06,PROD0021,Karachi-Main,0,4,192,54
2026-07-06,PROD0022,Lahore-Hub,0,6,390,49
2026-07-06,PROD0023,Lahore-Hub,0,3,371,22
2026-07-06,PROD0024,Lahore-Hub,0,4,404,38
2026-07-06,PROD0025,Lahore-Hub,20,4,239,41
2026-07-06,PROD0026,Karachi-Main,0,1,400,21
2026-07-06,PROD0027,Lahore-Hub,0,2,205,46
2026-07-06,PROD0028,Lahore-Hub,100,1,354,57
2026-07-06,PROD0029,Karachi-Main,0,2,347,60
2026-07-06,PROD0030,Karachi-Main,0,1,218,24
2026-07-06,PROD0031,Karachi-Main,0,8,328,50
2026-07-06,PROD0032,Karachi-Main,0,2,330,46
2026-07-06,PROD0033,Lahore-Hub,100,2,449,49
2026-07-06,PROD0034,Karachi-Main,0,6,15,58
2026-07-06,PROD0035,Lahore-Hub,0,2,382,56
2026-07-06,PROD0036,Karachi-Main,0,2,417,34
2026-07-06,PROD0037,Lahore-Hub,0,0,297,40
2026-07-06,PROD0038,Lahore-Hub,0,1,467,57
2026-07-06,PROD0039,Karachi-Main,50,1,368,34
2026-07-06,PROD0040,Lahore-Hub,0,4,159,48
2026-07-06,PROD0041,Lahore-Hub,0,2,27,36
2026-07-06,PROD0042,Lahore-Hub,0,5,130,39
2026-07-06,PROD0043,Karachi-Main,0,3,288,22
2026-07-06,PROD0044,Karachi-Main,0,3,293,34
2026-07-06,PROD0045,Lahore-Hub,0,5,319,57
2026-07-06,PROD0046,Karachi-Main,0,3,444,36
2026-07-06,PROD0047,Lahore-Hub,0,3,421,45
2026-07-06,PROD0048,Lahore-Hub,0,5,241,36
2026-07-06,PROD0049,Lahore-Hub,0,4,163,20
2026-07-06,PROD0050,Lahore-Hub,20,1,326,53
2026-07-06,PROD0051,Lahore-Hub,0,4,55,34
2026-07-06,PROD0052,Karachi-Main,0,3,250,22
2026-07-06,PROD0053,Karachi-Main,0,1,158,34
2026-07-06,PROD0054,Lahore-Hub,0,3,178,48
2026-07-06,PROD0055,Lahore-Hub,0,2,436,35
2026-07-06,PROD0056,Lahore-Hub,0,3,104,45
2026-07-06,PROD0057,Karachi-Main,0,1,194,20
2026-07-06,PROD0058,Lahore-Hub,0,1,94,47
2026-07-06,PROD0059,Lahore-Hub,0,2,352,23
2026-07-06,PROD0060,Lahore-Hub,0,4,361,24
2026-07-07,PROD0001,Lahore-Hub,0,2,364,52
2026-07-07,PROD0002,Karachi-Main,0,2,407,32
2026-07-07,PROD0003,Lahore-Hub,0,4,313,33
2026-07-07,PROD0004,Lahore-Hub,0,2,268,29
2026-07-07,PROD0005,Lahore-Hub,0,3,515,41
2026-07-07,PROD0006,Karachi-Main,0,4,415,52
2026-07-07,PROD0007,Karachi-Main,0,5,365,37
2026-07-07,PROD0008,Lahore-Hub,0,3,288,53
2026-07-07,PROD0009,Lahore-Hub,0,2,398,45
2026-07-07,PROD0010,Lahore-Hub,0,5,401,53
2026-07-07,PROD0011,Karachi-Main,0,4,436,57
2026-07-07,PROD0012,Karachi-Main,0,1,200,59
2026-07-07,PROD0013,Lahore-Hub,0,5,401,59
2026-07-07,PROD0014,Lahore-Hub,0,2,284,32
2026-07-07,PROD0015,Lahore-Hub,0,3,176,47
2026-07-07,PROD0016,Lahore-Hub,0,2,5,22
2026-07-07,PROD0017,Karachi-Main,0,10,396,49
2026-07-07,PROD0018,Karachi-Main,0,4,173,57
2026-07-07,PROD0019,Karachi-Main,0,3,163,55
2026-07-07,PROD0020,Karachi-Main,0,4,166,38
2026-07-07,PROD0021,Karachi-Main,0,5,187,54
2026-07-07,PROD0022,Lahore-Hub,0,3,387,49
2026-07-07,PROD0023,Lahore-Hub,0,1,370,22
2026-07-07,PROD0024,Lahore-Hub,0,2,402,38
2026-07-07,PROD0025,Lahore-Hub,0,3,236,41
2026-07-07,PROD0026,Lahore-Hub,0,2,398,21
2026-07-07,PROD0027,Lahore-Hub,50,4,251,46
2026-07-07,PROD0028,Lahore-Hub,100,5,449,57
2026-07-07,PROD0029,Lahore-Hub,0,0,347,60
2026-07-07,PROD0030,Lahore-Hub,0,2,216,24
2026-07-07,PROD0031,Lahore-Hub,0,3,325,50
2026-07-07,PROD0032,Karachi-Main,0,4,326,46
2026-07-07,PROD0033,Karachi-Main,0,2,447,49
2026-07-07,PROD0034,Lahore-Hub,0,0,15,58
2026-07-07,PROD0035,Karachi-Main,0,2,380,56
2026-07-07,PROD0036,Karachi-Main,0,1,416,34
2026-07-07,PROD0037,Karachi-Main,0,4,293,40
2026-07-07,PROD0038,Karachi-Main,0,1,466,57
2026-07-07,PROD0039,Karachi-Main,0,2,366,34
2026-07-07,PROD0040,Lahore-Hub,20,1,178,48
2026-07-07,PROD0041,Lahore-Hub,0,4,23,36
2026-07-07,PROD0042,Lahore-Hub,0,1,129,39
2026-07-07,PROD0043,Lahore-Hub,0,2,286,22
2026-07-07,PROD0044,Lahore-Hub,0,4,289,34
2026-07-07,PROD0045,Karachi-Main,0,3,316,57
2026-07-07,PROD0046,Lahore-Hub,0,9,435,36
2026-07-07,PROD0047,Lahore-Hub,0,1,420,45
2026-07-07,PROD0048,Karachi-Main,0,0,241,36
2026-07-07,PROD0049,Lahore-Hub,0,1,162,20
2026-07-07,PROD0050,Lahore-Hub,0,2,324,53
2026-07-07,PROD0051,Karachi-Main,0,1,54,34
2026-07-07,PROD0052,Lahore-Hub,0,0,250,22
2026-07-07,PROD0053,Karachi-Main,0,5,153,34
2026-07-07,PROD0054,Karachi-Main,0,5,173,48
2026-07-07,PROD0055,Karachi-Main,0,7,429,35
2026-07-07,PROD0056,Lahore-Hub,0,2,102,45
2026-07-07,PROD0057,Lahore-Hub,0,4,190,20
2026-07-07,PROD0058,Karachi-Main,0,6,88,47
2026-07-07,PROD0059,Lahore-Hub,0,3,349,23
2026-07-07,PROD0060,Lahore-Hub,0,7,354,24
2026-07-08,PROD0001,Lahore-Hub,0,3,361,52
2026-07-08,PROD0002,Karachi-Main,0,4,403,32
2026-07-08,PROD0003,Karachi-Main,0,2,311,33
2026-07-08,PROD0004,Karachi-Main,0,3,265,29
2026-07-08,PROD0005,Karachi-Main,0,2,513,41
2026-07-08,PROD0006,Lahore-Hub,0,2,413,52
2026-07-08,PROD0007,Karachi-Main,0,5,360,37
2026-07-08,PROD0008,Lahore-Hub,0,2,286,53
2026-07-08,PROD0009,Lahore-Hub,0,3,395,45
2026-07-08,PROD0010,Lahore-Hub,0,4,397,53
2026-07-08,PROD0011,Karachi-Main,0,1,435,57
2026-07-08,PROD0012,Lahore-Hub,0,1,199,59
2026-07-08,PROD0013,Lahore-Hub,50,3,448,59
2026-07-08,PROD0014,Karachi-Main,0,3,281,32
2026-07-08,PROD0015,Lahore-Hub,0,3,173,47
2026-07-08,PROD0016,Lahore-Hub,0,3,2,22
2026-07-08,PROD0017,Karachi-Main,0,1,395,49
2026-07-08,PROD0018,Karachi-Main,0,3,170,57
2026-07-08,PROD0019,Lahore-Hub,0,3,160,55
2026-07-08,PROD0020,Karachi-Main,0,0,166,38
2026-07-08,PROD0021,Karachi-Main,0,2,185,54
2026-07-08,PROD0022,Karachi-Main,0,1,386,49
2026-07-08,PROD0023,Karachi-Main,0,3,367,22
2026-07-08,PROD0024,Karachi-Main,0,2,400,38
2026-07-08,PROD0025,Lahore-Hub,0,1,235,41
2026-07-08,PROD0026,Karachi-Main,0,3,395,21
2026-07-08,PROD0027,Karachi-Main,0,3,248,46
2026-07-08,PROD0028,Lahore-Hub,0,4,445,57
2026-07-08,PROD0029,Karachi-Main,0,1,346,60
2026-07-08,PROD0030,Lahore-Hub,0,1,215,24
2026-07-08,PROD0031,Karachi-Main,0,7,318,50
2026-07-08,PROD0032,Lahore-Hub,0,1,325,46
2026-07-08,PROD0033,Karachi-Main,0,5,442,49
2026-07-08,PROD0034,Karachi-Main,0,0,15,58
2026-07-08,PROD0035,Karachi-Main,0,7,373,56
2026-07-08,PROD0036,Karachi-Main,0,3,413,34
2026-07-08,PROD0037,Lahore-Hub,0,1,292,40
2026-07-08,PROD0038,Karachi-Main,0,4,462,57
2026-07-08,PROD0039,Lahore-Hub,0,5,361,34
2026-07-08,PROD0040,Lahore-Hub,0,2,176,48
2026-07-08,PROD0041,Karachi-Main,0,1,22,36
2026-07-08,PROD0042,Lahore-Hub,0,2,127,39
2026-07-08,PROD0043,Lahore-Hub,0,6,280,22
2026-07-08,PROD0044,Karachi-Main,0,1,288,34
2026-07-08,PROD0045,Lahore-Hub,0,4,312,57
2026-07-08,PROD0046,Lahore-Hub,0,4,431,36
2026-07-08,PROD0047,Karachi-Main,0,2,418,45
2026-07-08,PROD0048,Karachi-Main,0,1,240,36
2026-07-08,PROD0049,Karachi-Main,0,0,162,20
2026-07-08,PROD0050,Karachi-Main,0,2,322,53
2026-07-08,PROD0051,Karachi-Main,0,4,50,34
2026-07-08,PROD0052,Lahore-Hub,0,4,246,22
2026-07-08,PROD0053,Lahore-Hub,0,3,150,34
2026-07-08,PROD0054,Karachi-Main,0,5,168,48
2026-07-08,PROD0055,Karachi-Main,0,5,424,35
2026-07-08,PROD0056,Lahore-Hub,50,2,150,45
2026-07-08,PROD0057,Karachi-Main,0,2,188,20
2026-07-08,PROD0058,Karachi-Main,0,4,84,47
2026-07-08,PROD0059,Karachi-Main,0,1,348,23
2026-07-08,PROD0060,Karachi-Main,0,4,350,24
2026-07-09,PROD0001,Karachi-Main,0,5,356,52
2026-07-09,PROD0002,Lahore-Hub,0,3,400,32
2026-07-09,PROD0003,Karachi-Main,0,3,308,33
2026-07-09,PROD0004,Karachi-Main,50,4,311,29
2026-07-09,PROD0005,Karachi-Main,0,1,512,41
2026-07-09,PROD0006,Lahore-Hub,0,3,410,52
2026-07-09,PROD0007,Karachi-Main,0,4,356,37
2026-07-09,PROD0008,Lahore-Hub,0,3,283,53
2026-07-09,PROD0009,Lahore-Hub,0,1,394,45
2026-07-09,PROD0010,Lahore-Hub,0,4,393,53
2026-07-09,PROD0011,Karachi-Main,0,2,433,57
2026-07-09,PROD0012,Karachi-Main,0,4,195,59
2026-07-09,PROD0013,Lahore-Hub,0,1,447,59
2026-07-09,PROD0014,Karachi-Main,0,4,277,32
2026-07-09,PROD0015,Lahore-Hub,0,2,171,47
2026-07-09,PROD0016,Karachi-Main,0,4,0,22
2026-07-09,PROD0017,Karachi-Main,20,2,413,49
2026-07-09,PROD0018,Karachi-Main,0,7,163,57
2026-07-09,PROD0019,Lahore-Hub,0,3,157,55
2026-07-09,PROD0020,Karachi-Main,0,2,164,38
2026-07-09,PROD0021,Lahore-Hub,0,2,183,54
2026-07-09,PROD0022,Karachi-Main,0,3,383,49
2026-07-09,PROD0023,Karachi-Main,0,2,365,22
2026-07-09,PROD0024,Karachi-Main,0,0,400,38
2026-07-09,PROD0025,Lahore-Hub,0,0,235,41
2026-07-09,PROD0026,Karachi-Main,100,4,491,21
2026-07-09,PROD0027,Lahore-Hub,0,3,245,46
2026-07-09,PROD0028,Lahore-Hub,0,2,443,57
2026-07-09,PROD0029,Karachi-Main,0,0,346,60
2026-07-09,PROD0030,Lahore-Hub,0,3,212,24
2026-07-09,PROD0031,Karachi-Main,0,9,309,50
2026-07-09,PROD0032,Lahore-Hub,0,3,322,46
2026-07-09,PROD0033,Lahore-Hub,0,5,437,49
2026-07-09,PROD0034,Karachi-Main,0,7,8,58
2026-07-09,PROD0035,Lahore-Hub,0,4,369,56
2026-07-09,PROD0036,Karachi-Main,0,4,409,34
2026-07-09,PROD0037,Lahore-Hub,0,1,291,40
2026-07-09,PROD0038,Karachi-Main,0,2,460,57
2026-07-09,PROD0039,Karachi-Main,0,3,358,34
2026-07-09,PROD0040,Lahore-Hub,0,4,172,48
2026-07-09,PROD0041,Karachi-Main,0,2,20,36
2026-07-09,PROD0042,Lahore-Hub,0,2,125,39
2026-07-09,PROD0043,Lahore-Hub,0,0,280,22
2026-07-09,PROD0044,Karachi-Main,0,2,286,34
2026-07-09,PROD0045,Lahore-Hub,0,2,310,57
2026-07-09,PROD0046,Lahore-Hub,0,2,429,36
2026-07-09,PROD0047,Lahore-Hub,100,4,514,45
2026-07-09,PROD0048,Lahore-Hub,0,2,238,36
2026-07-09,PROD0049,Lahore-Hub,100,4,258,20
2026-07-09,PROD0050,Karachi-Main,0,3,319,53
2026-07-09,PROD0051,Lahore-Hub,0,1,49,34
2026-07-09,PROD0052,Karachi-Main,0,3,243,22
2026-07-09,PROD0053,Lahore-Hub,0,6,144,34
2026-07-09,PROD0054,Lahore-Hub,0,4,164,48
2026-07-09,PROD0055,Karachi-Main,0,2,422,35
2026-07-09,PROD0056,Lahore-Hub,0,6,144,45
2026-07-09,PROD0057,Karachi-Main,0,3,185,20
2026-07-09,PROD0058,Lahore-Hub,100,2,182,47
2026-07-09,PROD0059,Karachi-Main,0,5,343,23
2026-07-09,PROD0060,Lahore-Hub,0,4,346,24
2026-07-10,PROD0001,Lahore-Hub,0,2,354,52
2026-07-10,PROD0002,Karachi-Main,0,4,396,32
2026-07-10,PROD0003,Karachi-Main,0,2,306,33
2026-07-10,PROD0004,Lahore-Hub,0,1,310,29
2026-07-10,PROD0005,Lahore-Hub,0,3,509,41
2026-07-10,PROD0006,Lahore-Hub,0,2,408,52
2026-07-10,PROD0007,Karachi-Main,0,3,353,37
2026-07-10,PROD0008,Lahore-Hub,20,5,298,53
2026-07-10,PROD0009,Lahore-Hub,0,3,391,45
2026-07-10,PROD0010,Karachi-Main,0,2,391,53
2026-07-10,PROD0011,Lahore-Hub,0,0,433,57
2026-07-10,PROD0012,Lahore-Hub,0,2,193,59
2026-07-10,PROD0013,Lahore-Hub,0,2,445,59
2026-07-10,PROD0014,Karachi-Main,0,5,272,32
2026-07-10,PROD0015,Lahore-Hub,0,1,170,47
2026-07-10,PROD0016,Lahore-Hub,0,1,0,22
2026-07-10,PROD0017,Lahore-Hub,0,2,411,49
2026-07-10,PROD0018,Karachi-Main,0,2,161,57
2026-07-10,PROD0019,Karachi-Main,0,3,154,55
2026-07-10,PROD0020,Lahore-Hub,0,1,163,38
2026-07-10,PROD0021,Lahore-Hub,0,2,181,54
2026-07-10,PROD0022,Lahore-Hub,0,1,382,49
2026-07-10,PROD0023,Lahore-Hub,0,0,365,22
2026-07-10,PROD0024,Lahore-Hub,0,4,396,38
2026-07-10,PROD0025,Lahore-Hub,0,2,233,41
2026-07-10,PROD0026,Karachi-Main,0,3,488,21
2026-07-10,PROD0027,Karachi-Main,0,4,241,46
2026-07-10,PROD0028,Lahore-Hub,100,4,539,57
2026-07-10,PROD0029,Karachi-Main,0,6,340,60
2026-07-10,PROD0030,Karachi-Main,0,3,209,24
2026-07-10,PROD0031,Karachi-Main,0,4,305,50
2026-07-10,PROD0032,Karachi-Main,0,1,321,46
2026-07-10,PROD0033,Karachi-Main,0,4,433,49
2026-07-10,PROD0034,Lahore-Hub,0,5,3,58
2026-07-10,PROD0035,Lahore-Hub,0,0,369,56
2026-07-10,PROD0036,Karachi-Main,0,1,408,34
2026-07-10,PROD0037,Karachi-Main,0,5,286,40
2026-07-10,PROD0038,Lahore-Hub,0,5,455,57
2026-07-10,PROD0039,Karachi-Main,0,5,353,34
2026-07-10,PROD0040,Lahore-Hub,0,3,169,48
2026-07-10,PROD0041,Karachi-Main,0,3,17,36
2026-07-10,PROD0042,Karachi-Main,0,5,120,39
2026-07-10,PROD0043,Lahore-Hub,20,4,296,22
2026-07-10,PROD0044,Lahore-Hub,0,2,284,34
2026-07-10,PROD0045,Lahore-Hub,20,1,329,57
2026-07-10,PROD0046,Lahore-Hub,0,3,426,36
2026-07-10,PROD0047,Karachi-Main,0,3,511,45
2026-07-10,PROD0048,Karachi-Main,0,5,233,36
2026-07-10,PROD0049,Karachi-Main,0,5,253,20
2026-07-10,PROD0050,Karachi-Main,0,4,315,53
2026-07-10,PROD0051,Karachi-Main,0,2,47,34
2026-07-10,PROD0052,Lahore-Hub,0,1,242,22
2026-07-10,PROD0053,Karachi-Main,0,4,140,34
2026-07-10,PROD0054,Lahore-Hub,0,2,162,48
2026-07-10,PROD0055,Lahore-Hub,0,2,420,35
2026-07-10,PROD0056,Karachi-Main,20,3,161,45
2026-07-10,PROD0057,Lahore-Hub,0,1,184,20
2026-07-10,PROD0058,Karachi-Main,0,3,179,47
2026-07-10,PROD0059,Karachi-Main,0,3,340,23
2026-07-10,PROD0060,Lahore-Hub,0,10,336,24
2026-07-11,PROD0001,Karachi-Main,0,2,352,52
2026-07-11,PROD0002,Lahore-Hub,0,2,394,32
2026-07-11,PROD0003,Lahore-Hub,0,3,303,33
2026-07-11,PROD0004,Lahore-Hub,0,9,301,29
2026-07-11,PROD0005,Lahore-Hub,0,3,506,41
2026-07-11,PROD0006,Karachi-Main,0,2,406,52
2026-07-11,PROD0007,Lahore-Hub,0,2,351,37
2026-07-11,PROD0008,Karachi-Main,0,2,296,53
2026-07-11,PROD0009,Lahore-Hub,0,2,389,45
2026-07-11,PROD0010,Karachi-Main,0,2,389,53
2026-07-11,PROD0011,Lahore-Hub,0,4,429,57
2026-07-11,PROD0012,Lahore-Hub,0,1,192,59
2026-07-11,PROD0013,Karachi-Main,0,0,445,59
2026-07-11,PROD0014,Lahore-Hub,0,2,270,32
2026-07-11,PROD0015,Karachi-Main,0,7,163,47
2026-07-11,PROD0016,Karachi-Main,0,2,0,22
2026-07-11,PROD0017,Karachi-Main,0,2,409,49
2026-07-11,PROD0018,Karachi-Main,0,3,158,57
2026-07-11,PROD0019,Karachi-Main,0,3,151,55
2026-07-11,PROD0020,Karachi-Main,0,2,161,38
2026-07-11,PROD0021,Lahore-Hub,0,4,177,54
2026-07-11,PROD0022,Lahore-Hub,0,5,377,49
2026-07-11,PROD0023,Karachi-Main,0,4,361,22
2026-07-11,PROD0024,Lahore-Hub,0,2,394,38
2026-07-11,PROD0025,Lahore-Hub,0,5,228,41
2026-07-11,PROD0026,Karachi-Main,0,2,486,21
2026-07-11,PROD0027,Lahore-Hub,0,2,239,46
2026-07-11,PROD0028,Lahore-Hub,0,4,535,57
2026-07-11,PROD0029,Lahore-Hub,0,4,336,60
2026-07-11,PROD0030,Karachi-Main,0,2,207,24
2026-07-11,PROD0031,Karachi-Main,0,6,299,50
2026-07-11,PROD0032,Karachi-Main,0,3,318,46
2026-07-11,PROD0033,Lahore-Hub,0,7,426,49
2026-07-11,PROD0034,Karachi-Main,0,1,2,58
2026-07-11,PROD0035,Karachi-Main,0,1,368,56
2026-07-11,PROD0036,Karachi-Main,0,2,406,34
2026-07-11,PROD0037,Lahore-Hub,0,0,286,40
2026-07-11,PROD0038,Karachi-Main,50,4,501,57
2026-07-11,PROD0039,Karachi-Main,0,5,348,34
2026-07-11,PROD0040,Lahore-Hub,0,2,167,48
2026-07-11,PROD0041,Lahore-Hub,0,1,16,36
2026-07-11,PROD0042,Lahore-Hub,0,2,118,39
2026-07-11,PROD0043,Karachi-Main,100,9,387,22
2026-07-11,PROD0044,Lahore-Hub,0,3,281,34
2026-07-11,PROD0045,Lahore-Hub,0,2,327,57
2026-07-11,PROD0046,Karachi-Main,0,6,420,36
2026-07-11,PROD0047,Karachi-Main,0,5,506,45
2026-07-11,PROD0048,Lahore-Hub,0,1,232,36
2026-07-11,PROD0049,Lahore-Hub,0,1,252,20
2026-07-11,PROD0050,Karachi-Main,0,4,311,53
2026-07-11,PROD0051,Karachi-Main,0,0,47,34
2026-07-11,PROD0052,Karachi-Main,0,1,241,22
2026-07-11,PROD0053,Lahore-Hub,0,1,139,34
2026-07-11,PROD0054,Karachi-Main,0,2,160,48
2026-07-11,PROD0055,Karachi-Main,0,6,414,35
2026-07-11,PROD0056,Lahore-Hub,0,2,159,45
2026-07-11,PROD0057,Karachi-Main,0,8,176,20
2026-07-11,PROD0058,Karachi-Main,0,2,177,47
2026-07-11,PROD0059,Karachi-Main,0,1,339,23
2026-07-11,PROD0060,Karachi-Main,0,3,333,24
2026-07-12,PROD0001,Karachi-Main,0,2,350,52
2026-07-12,PROD0002,Lahore-Hub,0,2,392,32
2026-07-12,PROD0003,Karachi-Main,0,1,302,33
2026-07-12,PROD0004,Karachi-Main,0,4,297,29
2026-07-12,PROD0005,Lahore-Hub,0,3,503,41
2026-07-12,PROD0006,Lahore-Hub,0,1,405,52
2026-07-12,PROD0007,Lahore-Hub,0,2,349,37
2026-07-12,PROD0008,Karachi-Main,0,2,294,53
2026-07-12,PROD0009,Karachi-Main,0,2,387,45
2026-07-12,PROD0010,Lahore-Hub,0,4,385,53
2026-07-12,PROD0011,Lahore-Hub,0,8,421,57
2026-07-12,PROD0012,Lahore-Hub,0,5,187,59
2026-07-12,PROD0013,Karachi-Main,0,2,443,59
2026-07-12,PROD0014,Karachi-Main,0,4,266,32
2026-07-12,PROD0015,Lahore-Hub,0,2,161,47
2026-07-12,PROD0016,Karachi-Main,0,3,0,22
2026-07-12,PROD0017,Lahore-Hub,0,3,406,49
2026-07-12,PROD0018,Karachi-Main,0,6,152,57
2026-07-12,PROD0019,Karachi-Main,0,7,144,55
2026-07-12,PROD0020,Lahore-Hub,0,3,158,38
2026-07-12,PROD0021,Lahore-Hub,0,3,174,54
2026-07-12,PROD0022,Karachi-Main,0,2,375,49
2026-07-12,PROD0023,Karachi-Main,0,2,359,22
2026-07-12,PROD0024,Karachi-Main,0,1,393,38
2026-07-12,PROD0025,Karachi-Main,0,4,224,41
2026-07-12,PROD0026,Lahore-Hub,0,3,483,21
2026-07-12,PROD0027,Karachi-Main,0,1,238,46
2026-07-12,PROD0028,Karachi-Main,50,4,581,57
2026-07-12,PROD0029,Lahore-Hub,0,1,335,60
2026-07-12,PROD0030,Lahore-Hub,0,5,202,24
2026-07-12,PROD0031,Karachi-Main,0,4,295,50
2026-07-12,PROD0032,Lahore-Hub,0,3,315,46
2026-07-12,PROD0033,Karachi-Main,0,5,421,49
2026-07-12,PROD0034,Lahore-Hub,50,0,52,58
2026-07-12,PROD0035,Karachi-Main,0,1,367,56
2026-07-12,PROD0036,Karachi-Main,0,1,405,34
2026-07-12,PROD0037,Lahore-Hub,0,4,282,40
2026-07-12,PROD0038,Lahore-Hub,0,2,499,57
2026-07-12,PROD0039,Lahore-Hub,0,6,342,34
2026-07-12,PROD0040,Lahore-Hub,0,1,166,48
2026-07-12,PROD0041,Karachi-Main,0,4,12,36
2026-07-12,PROD0042,Karachi-Main,0,4,114,39
2026-07-12,PROD0043,Karachi-Main,0,1,386,22
2026-07-12,PROD0044,Karachi-Main,100,2,379,34
2026-07-12,PROD0045,Karachi-Main,0,3,324,57
2026-07-12,PROD0046,Lahore-Hub,0,8,412,36
2026-07-12,PROD0047,Lahore-Hub,0,0,506,45
2026-07-12,PROD0048,Lahore-Hub,0,1,231,36
2026-07-12,PROD0049,Lahore-Hub,0,3,249,20
2026-07-12,PROD0050,Karachi-Main,0,1,310,53
2026-07-12,PROD0051,Lahore-Hub,0,4,43,34
2026-07-12,PROD0052,Lahore-Hub,0,4,237,22
2026-07-12,PROD0053,Karachi-Main,0,0,139,34
2026-07-12,PROD0054,Karachi-Main,0,1,159,48
2026-07-12,PROD0055,Lahore-Hub,0,6,408,35
2026-07-12,PROD0056,Lahore-Hub,0,5,154,45
2026-07-12,PROD0057,Lahore-Hub,0,2,174,20
2026-07-12,PROD0058,Lahore-Hub,0,3,174,47
2026-07-12,PROD0059,Karachi-Main,100,7,432,23
2026-07-12,PROD0060,Karachi-Main,0,1,332,24
2026-07-13,PROD0001,Karachi-Main,0,4,346,52
2026-07-13,PROD0002,Karachi-Main,0,3,389,32
2026-07-13,PROD0003,Karachi-Main,0,2,300,33
2026-07-13,PROD0004,Karachi-Main,0,2,295,29
2026-07-13,PROD0005,Lahore-Hub,0,3,500,41
2026-07-13,PROD0006,Karachi-Main,0,6,399,52
2026-07-13,PROD0007,Karachi-Main,0,4,345,37
2026-07-13,PROD0008,Karachi-Main,0,1,293,53
2026-07-13,PROD0009,Karachi-Main,0,3,384,45
2026-07-13,PROD0010,Karachi-Main,50,3,432,53
2026-07-13,PROD0011,Karachi-Main,0,1,420,57
2026-07-13,PROD0012,Karachi-Main,0,2,185,59
2026-07-13,PROD0013,Lahore-Hub,0,1,442,59
2026-07-13,PROD0014,Karachi-Main,0,2,264,32
2026-07-13,PROD0015,Lahore-Hub,0,4,157,47
2026-07-13,PROD0016,Lahore-Hub,0,0,0,22
2026-07-13,PROD0017,Lahore-Hub,0,2,404,49
2026-07-13,PROD0018,Karachi-Main,0,0,152,57
2026-07-13,PROD0019,Karachi-Main,0,5,139,55
2026-07-13,PROD0020,Karachi-Main,0,1,157,38
2026-07-13,PROD0021,Lahore-Hub,50,1,223,54
2026-07-13,PROD0022,Lahore-Hub,100,1,474,49
2026-07-13,PROD0023,Lahore-Hub,0,5,354,22
2026-07-13,PROD0024,Lahore-Hub,0,2,391,38
2026-07-13,PROD0025,Lahore-Hub,0,2,222,41
2026-07-13,PROD0026,Karachi-Main,0,2,481,21
2026-07-13,PROD0027,Lahore-Hub,0,1,237,46
2026-07-13,PROD0028,Lahore-Hub,0,2,579,57
2026-07-13,PROD0029,Karachi-Main,0,1,334,60
2026-07-13,PROD0030,Karachi-Main,0,8,194,24
2026-07-13,PROD0031,Lahore-Hub,0,10,285,50
2026-07-13,PROD0032,Lahore-Hub,0,3,312,46
2026-07-13,PROD0033,Lahore-Hub,0,3,418,49
2026-07-13,PROD0034,Lahore-Hub,0,5,47,58
2026-07-13,PROD0035,Lahore-Hub,0,0,367,56
2026-07-13,PROD0036,Karachi-Main,0,2,403,34
2026-07-13,PROD0037,Lahore-Hub,0,3,279,40
2026-07-13,PROD0038,Lahore-Hub,0,1,498,57
2026-07-13,PROD0039,Lahore-Hub,50,0,392,34
2026-07-13,PROD0040,Karachi-Main,0,1,165,48
2026-07-13,PROD0041,Lahore-Hub,0,2,10,36
2026-07-13,PROD0042,Karachi-Main,0,0,114,39
2026-07-13,PROD0043,Lahore-Hub,0,6,380,22
2026-07-13,PROD0044,Lahore-Hub,0,5,374,34
2026-07-13,PROD0045,Karachi-Main,0,3,321,57
2026-07-13,PROD0046,Lahore-Hub,0,3,409,36
2026-07-13,PROD0047,Lahore-Hub,0,1,505,45
2026-07-13,PROD0048,Karachi-Main,0,2,229,36
2026-07-13,PROD0049,Lahore-Hub,0,6,243,20
2026-07-13,PROD0050,Karachi-Main,0,2,308,53
2026-07-13,PROD0051,Karachi-Main,0,5,38,34
2026-07-13,PROD0052,Karachi-Main,0,5,232,22
2026-07-13,PROD0053,Karachi-Main,0,2,137,34
2026-07-13,PROD0054,Karachi-Main,0,5,154,48
2026-07-13,PROD0055,Lahore-Hub,0,5,403,35
2026-07-13,PROD0056,Lahore-Hub,0,4,150,45
2026-07-13,PROD0057,Lahore-Hub,0,4,170,20
2026-07-13,PROD0058,Lahore-Hub,0,1,173,47
2026-07-13,PROD0059,Lahore-Hub,0,0,432,23
2026-07-13,PROD0060,Lahore-Hub,0,1,331,24
2026-07-14,PROD0001,Lahore-Hub,0,1,345,52
2026-07-14,PROD0002,Lahore-Hub,0,4,385,32
2026-07-14,PROD0003,Lahore-Hub,0,1,299,33
2026-07-14,PROD0004,Lahore-Hub,0,4,291,29
2026-07-14,PROD0005,Karachi-Main,0,3,497,41
2026-07-14,PROD0006,Karachi-Main,0,1,398,52
2026-07-14,PROD0007,Lahore-Hub,0,7,338,37
2026-07-14,PROD0008,Lahore-Hub,0,2,291,53
2026-07-14,PROD0009,Lahore-Hub,0,7,377,45
2026-07-14,PROD0010,Lahore-Hub,0,3,429,53
2026-07-14,PROD0011,Karachi-Main,0,4,416,57
2026-07-14,PROD0012,Karachi-Main,0,3,182,59
2026-07-14,PROD0013,Lahore-Hub,0,3,439,59
2026-07-14,PROD0014,Lahore-Hub,0,2,262,32
2026-07-14,PROD0015,Karachi-Main,0,3,154,47
2026-07-14,PROD0016,Lahore-Hub,0,3,0,22
2026-07-14,PROD0017,Karachi-Main,0,4,400,49
2026-07-14,PROD0018,Lahore-Hub,0,2,150,57
2026-07-14,PROD0019,Karachi-Main,0,1,138,55
2026-07-14,PROD0020,Karachi-Main,0,3,154,38
2026-07-14,PROD0021,Karachi-Main,0,5,218,54
2026-07-14,PROD0022,Karachi-Main,0,5,469,49
2026-07-14,PROD0023,Lahore-Hub,0,1,353,22
2026-07-14,PROD0024,Karachi-Main,0,1,390,38
2026-07-14,PROD0025,Karachi-Main,0,5,217,41
2026-07-14,PROD0026,Lahore-Hub,0,2,479,21
2026-07-14,PROD0027,Karachi-Main,0,9,228,46
2026-07-14,PROD0028,Lahore-Hub,0,1,578,57
2026-07-14,PROD0029,Karachi-Main,0,5,329,60
2026-07-14,PROD0030,Karachi-Main,0,7,187,24
2026-07-14,PROD0031,Karachi-Main,0,4,281,50
2026-07-14,PROD0032,Lahore-Hub,0,4,308,46
2026-07-14,PROD0033,Karachi-Main,0,2,416,49
2026-07-14,PROD0034,Lahore-Hub,0,5,42,58
2026-07-14,PROD0035,Karachi-Main,0,4,363,56
2026-07-14,PROD0036,Karachi-Main,0,7,396,34
2026-07-14,PROD0037,Lahore-Hub,0,3,276,40
2026-07-14,PROD0038,Karachi-Main,0,5,493,57
2026-07-14,PROD0039,Karachi-Main,50,5,437,34
2026-07-14,PROD0040,Lahore-Hub,0,2,163,48
2026-07-14,PROD0041,Karachi-Main,0,4,6,36
2026-07-14,PROD0042,Karachi-Main,20,2,132,39
2026-07-14,PROD0043,Karachi-Main,0,4,376,22
2026-07-14,PROD0044,Lahore-Hub,0,0,374,34
2026-07-14,PROD0045,Lahore-Hub,0,3,318,57
2026-07-14,PROD0046,Karachi-Main,0,5,404,36
2026-07-14,PROD0047,Karachi-Main,0,3,502,45
2026-07-14,PROD0048,Lahore-Hub,0,2,227,36
2026-07-14,PROD0049,Lahore-Hub,0,2,241,20
2026-07-14,PROD0050,Lahore-Hub,0,5,303,53
2026-07-14,PROD0051,Lahore-Hub,0,1,37,34
2026-07-14,PROD0052,Karachi-Main,0,1,231,22
2026-07-14,PROD0053,Lahore-Hub,0,3,134,34
2026-07-14,PROD0054,Karachi-Main,0,4,150,48
2026-07-14,PROD0055,Karachi-Main,0,1,402,35
2026-07-14,PROD0056,Lahore-Hub,0,7,143,45
2026-07-14,PROD0057,Karachi-Main,0,1,169,20
2026-07-14,PROD0058,Karachi-Main,0,2,171,47
2026-07-14,PROD0059,Lahore-Hub,0,2,430,23
2026-07-14,PROD0060,Karachi-Main,0,5,326,24
2026-07-15,PROD0001,Lahore-Hub,0,3,342,52
2026-07-15,PROD0002,Lahore-Hub,0,2,383,32
2026-07-15,PROD0003,Karachi-Main,0,4,295,33
2026-07-15,PROD0004,Karachi-Main,0,2,289,29
2026-07-15,PROD0005,Lahore-Hub,0,2,495,41
2026-07-15,PROD0006,Lahore-Hub,0,5,393,52
2026-07-15,PROD0007,Lahore-Hub,100,2,436,37
2026-07-15,PROD0008,Lahore-Hub,20,4,307,53
2026-07-15,PROD0009,Karachi-Main,0,0,377,45
2026-07-15,PROD0010,Lahore-Hub,0,8,421,53
2026-07-15,PROD0011,Lahore-Hub,0,1,415,57
2026-07-15,PROD0012,Karachi-Main,0,5,177,59
2026-07-15,PROD0013,Karachi-Main,0,2,437,59
2026-07-15,PROD0014,Lahore-Hub,0,5,257,32
2026-07-15,PROD0015,Karachi-Main,0,1,153,47
2026-07-15,PROD0016,Lahore-Hub,0,4,0,22
2026-07-15,PROD0017,Lahore-Hub,50,3,447,49
2026-07-15,PROD0018,Lahore-Hub,0,3,147,57
2026-07-15,PROD0019,Lahore-Hub,0,2,136,55
2026-07-15,PROD0020,Karachi-Main,0,2,152,38
2026-07-15,PROD0021,Karachi-Main,0,2,216,54
2026-07-15,PROD0022,Lahore-Hub,0,5,464,49
2026-07-15,PROD0023,Karachi-Main,0,4,349,22
2026-07-15,PROD0024,Karachi-Main,0,2,388,38
2026-07-15,PROD0025,Karachi-Main,0,4,213,41
2026-07-15,PROD0026,Lahore-Hub,0,6,473,21
2026-07-15,PROD0027,Lahore-Hub,0,6,222,46
2026-07-15,PROD0028,Lahore-Hub,0,2,576,57
2026-07-15,PROD0029,Karachi-Main,0,1,328,60
2026-07-15,PROD0030,Lahore-Hub,0,2,185,24
2026-07-15,PROD0031,Lahore-Hub,0,2,279,50
2026-07-15,PROD0032,Karachi-Main,0,4,304,46
2026-07-15,PROD0033,Lahore-Hub,0,2,414,49
2026-07-15,PROD0034,Lahore-Hub,0,3,39,58
2026-07-15,PROD0035,Karachi-Main,0,3,360,56
2026-07-15,PROD0036,Lahore-Hub,0,4,392,34
2026-07-15,PROD0037,Lahore-Hub,50,2,324,40
2026-07-15,PROD0038,Karachi-Main,0,2,491,57
2026-07-15,PROD0039,Karachi-Main,0,2,435,34
2026-07-15,PROD0040,Lahore-Hub,0,1,162,48
2026-07-15,PROD0041,Karachi-Main,0,4,2,36
2026-07-15,PROD0042,Lahore-Hub,0,1,131,39
2026-07-15,PROD0043,Karachi-Main,0,4,372,22
2026-07-15,PROD0044,Karachi-Main,0,7,367,34
2026-07-15,PROD0045,Karachi-Main,0,4,314,57
2026-07-15,PROD0046,Lahore-Hub,0,2,402,36
2026-07-15,PROD0047,Lahore-Hub,0,2,500,45
2026-07-15,PROD0048,Karachi-Main,0,6,221,36
2026-07-15,PROD0049,Karachi-Main,0,1,240,20
2026-07-15,PROD0050,Lahore-Hub,0,2,301,53
2026-07-15,PROD0051,Karachi-Main,0,3,34,34
2026-07-15,PROD0052,Lahore-Hub,0,2,229,22
2026-07-15,PROD0053,Lahore-Hub,0,6,128,34
2026-07-15,PROD0054,Karachi-Main,0,3,147,48
2026-07-15,PROD0055,Lahore-Hub,0,3,399,35
2026-07-15,PROD0056,Lahore-Hub,0,4,139,45
2026-07-15,PROD0057,Karachi-Main,20,0,189,20
2026-07-15,PROD0058,Karachi-Main,0,3,168,47
2026-07-15,PROD0059,Lahore-Hub,0,4,426,23
2026-07-15,PROD0060,Lahore-Hub,50,8,368,24
2026-07-16,PROD0001,Karachi-Main,20,3,359,52
2026-07-16,PROD0002,Karachi-Main,0,1,382,32
2026-07-16,PROD0003,Karachi-Main,0,4,291,33
2026-07-16,PROD0004,Lahore-Hub,0,1,288,29
2026-07-16,PROD0005,Lahore-Hub,0,3,492,41
2026-07-16,PROD0006,Lahore-Hub,0,1,392,52
2026-07-16,PROD0007,Lahore-Hub,0,6,430,37
2026-07-16,PROD0008,Lahore-Hub,0,3,304,53
2026-07-16,PROD0009,Lahore-Hub,0,3,374,45
2026-07-16,PROD0010,Lahore-Hub,0,5,416,53
2026-07-16,PROD0011,Karachi-Main,0,6,409,57
2026-07-16,PROD0012,Lahore-Hub,0,1,176,59
2026-07-16,PROD0013,Lahore-Hub,0,3,434,59
2026-07-16,PROD0014,Karachi-Main,0,2,255,32
2026-07-16,PROD0015,Karachi-Main,0,3,150,47
2026-07-16,PROD0016,Karachi-Main,0,3,0,22
2026-07-16,PROD0017,Lahore-Hub,0,3,444,49
2026-07-16,PROD0018,Karachi-Main,0,1,146,57
2026-07-16,PROD0019,Lahore-Hub,0,1,135,55
2026-07-16,PROD0020,Lahore-Hub,0,1,151,38
2026-07-16,PROD0021,Lahore-Hub,0,4,212,54
2026-07-16,PROD0022,Lahore-Hub,0,1,463,49
2026-07-16,PROD0023,Lahore-Hub,0,2,347,22
2026-07-16,PROD0024,Lahore-Hub,0,1,387,38
2026-07-16,PROD0025,Lahore-Hub,0,3,210,41
2026-07-16,PROD0026,Lahore-Hub,0,1,472,21
2026-07-16,PROD0027,Lahore-Hub,0,2,220,46
2026-07-16,PROD0028,Lahore-Hub,0,2,574,57
2026-07-16,PROD0029,Lahore-Hub,0,4,324,60
2026-07-16,PROD0030,Lahore-Hub,0,3,182,24
2026-07-16,PROD0031,Karachi-Main,0,1,278,50
2026-07-16,PROD0032,Karachi-Main,0,4,300,46
2026-07-16,PROD0033,Lahore-Hub,0,2,412,49
2026-07-16,PROD0034,Lahore-Hub,0,3,36,58
2026-07-16,PROD0035,Karachi-Main,0,4,356,56
2026-07-16,PROD0036,Lahore-Hub,0,2,390,34
2026-07-16,PROD0037,Lahore-Hub,0,3,321,40
2026-07-16,PROD0038,Lahore-Hub,20,4,507,57
2026-07-16,PROD0039,Karachi-Main,0,2,433,34
2026-07-16,PROD0040,Karachi-Main,100,2,260,48
2026-07-16,PROD0041,Lahore-Hub,0,3,0,36
2026-07-16,PROD0042,Lahore-Hub,0,8,123,39
2026-07-16,PROD0043,Karachi-Main,100,5,467,22
2026-07-16,PROD0044,Lahore-Hub,0,2,365,34
2026-07-16,PROD0045,Karachi-Main,0,3,311,57
2026-07-16,PROD0046,Karachi-Main,0,2,400,36
2026-07-16,PROD0047,Karachi-Main,0,0,500,45
2026-07-16,PROD0048,Lahore-Hub,0,3,218,36
2026-07-16,PROD0049,Lahore-Hub,0,2,238,20
2026-07-16,PROD0050,Karachi-Main,0,4,297,53
2026-07-16,PROD0051,Lahore-Hub,0,1,33,34
2026-07-16,PROD0052,Lahore-Hub,0,3,226,22
2026-07-16,PROD0053,Karachi-Main,0,3,125,34
2026-07-16,PROD0054,Lahore-Hub,20,2,165,48
2026-07-16,PROD0055,Karachi-Main,0,2,397,35
2026-07-16,PROD0056,Karachi-Main,0,4,135,45
2026-07-16,PROD0057,Lahore-Hub,0,3,186,20
2026-07-16,PROD0058,Lahore-Hub,0,4,164,47
2026-07-16,PROD0059,Lahore-Hub,0,2,424,23
2026-07-16,PROD0060,Lahore-Hub,0,2,366,24
2026-07-17,PROD0001,Lahore-Hub,0,2,357,52
2026-07-17,PROD0002,Lahore-Hub,0,6,376,32
2026-07-17,PROD0003,Karachi-Main,0,0,291,33
2026-07-17,PROD0004,Karachi-Main,0,2,286,29
2026-07-17,PROD0005,Lahore-Hub,0,4,488,41
2026-07-17,PROD0006,Lahore-Hub,0,1,391,52
2026-07-17,PROD0007,Lahore-Hub,0,3,427,37
2026-07-17,PROD0008,Karachi-Main,0,4,300,53
2026-07-17,PROD0009,Lahore-Hub,0,2,372,45
2026-07-17,PROD0010,Karachi-Main,0,2,414,53
2026-07-17,PROD0011,Karachi-Main,0,3,406,57
2026-07-17,PROD0012,Karachi-Main,0,5,171,59
2026-07-17,PROD0013,Karachi-Main,0,4,430,59
2026-07-17,PROD0014,Lahore-Hub,0,2,253,32
2026-07-17,PROD0015,Karachi-Main,0,1,149,47
2026-07-17,PROD0016,Karachi-Main,0,4,0,22
2026-07-17,PROD0017,Karachi-Main,0,7,437,49
2026-07-17,PROD0018,Lahore-Hub,0,8,138,57
2026-07-17,PROD0019,Karachi-Main,0,4,131,55
2026-07-17,PROD0020,Lahore-Hub,0,4,147,38
2026-07-17,PROD0021,Karachi-Main,0,2,210,54
2026-07-17,PROD0022,Lahore-Hub,50,3,510,49
2026-07-17,PROD0023,Lahore-Hub,0,3,344,22
2026-07-17,PROD0024,Lahore-Hub,0,2,385,38
2026-07-17,PROD0025,Lahore-Hub,0,5,205,41
2026-07-17,PROD0026,Karachi-Main,0,4,468,21
2026-07-17,PROD0027,Karachi-Main,0,2,218,46
2026-07-17,PROD0028,Lahore-Hub,0,5,569,57
2026-07-17,PROD0029,Karachi-Main,0,2,322,60
2026-07-17,PROD0030,Karachi-Main,0,3,179,24
2026-07-17,PROD0031,Lahore-Hub,0,4,274,50
2026-07-17,PROD0032,Lahore-Hub,0,1,299,46
2026-07-17,PROD0033,Lahore-Hub,0,6,406,49
2026-07-17,PROD0034,Karachi-Main,0,3,33,58
2026-07-17,PROD0035,Karachi-Main,0,1,355,56
2026-07-17,PROD0036,Lahore-Hub,0,1,389,34
2026-07-17,PROD0037,Lahore-Hub,50,2,369,40
2026-07-17,PROD0038,Lahore-Hub,0,2,505,57
2026-07-17,PROD0039,Lahore-Hub,0,2,431,34
2026-07-17,PROD0040,Lahore-Hub,0,6,254,48
2026-07-17,PROD0041,Lahore-Hub,0,0,0,36
2026-07-17,PROD0042,Karachi-Main,0,4,119,39
2026-07-17,PROD0043,Karachi-Main,0,4,463,22
2026-07-17,PROD0044,Lahore-Hub,0,5,360,34
2026-07-17,PROD0045,Karachi-Main,0,4,307,57
2026-07-17,PROD0046,Karachi-Main,0,3,397,36
2026-07-17,PROD0047,Karachi-Main,0,3,497,45
2026-07-17,PROD0048,Karachi-Main,0,4,214,36
2026-07-17,PROD0049,Karachi-Main,0,3,235,20
2026-07-17,PROD0050,Lahore-Hub,0,5,292,53
2026-07-17,PROD0051,Lahore-Hub,0,2,31,34
2026-07-17,PROD0052,Karachi-Main,0,5,221,22
2026-07-17,PROD0053,Karachi-Main,0,1,124,34
2026-07-17,PROD0054,Lahore-Hub,0,1,164,48
2026-07-17,PROD0055,Karachi-Main,0,3,394,35
2026-07-17,PROD0056,Karachi-Main,0,3,132,45
2026-07-17,PROD0057,Karachi-Main,0,3,183,20
2026-07-17,PROD0058,Karachi-Main,0,3,161,47
2026-07-17,PROD0059,Karachi-Main,0,1,423,23
2026-07-17,PROD0060,Lahore-Hub,100,4,462,24
2026-07-18,PROD0001,Lahore-Hub,0,7,350,52
2026-07-18,PROD0002,Lahore-Hub,0,2,374,32
2026-07-18,PROD0003,Lahore-Hub,20,1,310,33
2026-07-18,PROD0004,Lahore-Hub,0,4,282,29
2026-07-18,PROD0005,Lahore-Hub,0,5,483,41
2026-07-18,PROD0006,Lahore-Hub,100,1,490,52
2026-07-18,PROD0007,Lahore-Hub,0,3,424,37
2026-07-18,PROD0008,Karachi-Main,0,4,296,53
2026-07-18,PROD0009,Karachi-Main,0,1,371,45
2026-07-18,PROD0010,Karachi-Main,0,7,407,53
2026-07-18,PROD0011,Karachi-Main,0,2,404,57
2026-07-18,PROD0012,Karachi-Main,0,4,167,59
2026-07-18,PROD0013,Karachi-Main,0,1,429,59
2026-07-18,PROD0014,Lahore-Hub,0,2,251,32
2026-07-18,PROD0015,Lahore-Hub,0,4,145,47
2026-07-18,PROD0016,Karachi-Main,0,4,0,22
2026-07-18,PROD0017,Lahore-Hub,0,3,434,49
2026-07-18,PROD0018,Karachi-Main,0,5,133,57
2026-07-18,PROD0019,Karachi-Main,0,1,130,55
2026-07-18,PROD0020,Lahore-Hub,0,5,142,38
2026-07-18,PROD0021,Lahore-Hub,0,3,207,54
2026-07-18,PROD0022,Karachi-Main,0,1,509,49
2026-07-18,PROD0023,Karachi-Main,50,8,386,22
2026-07-18,PROD0024,Lahore-Hub,0,2,383,38
2026-07-18,PROD0025,Karachi-Main,0,1,204,41
2026-07-18,PROD0026,Lahore-Hub,0,4,464,21
2026-07-18,PROD0027,Karachi-Main,0,2,216,46
2026-07-18,PROD0028,Karachi-Main,0,5,564,57
2026-07-18,PROD0029,Karachi-Main,0,2,320,60
2026-07-18,PROD0030,Lahore-Hub,0,2,177,24
2026-07-18,PROD0031,Lahore-Hub,0,0,274,50
2026-07-18,PROD0032,Karachi-Main,0,4,295,46
2026-07-18,PROD0033,Karachi-Main,0,1,405,49
2026-07-18,PROD0034,Karachi-Main,0,3,30,58
2026-07-18,PROD0035,Karachi-Main,0,4,351,56
2026-07-18,PROD0036,Karachi-Main,0,6,383,34
2026-07-18,PROD0037,Karachi-Main,0,4,365,40
2026-07-18,PROD0038,Lahore-Hub,0,6,499,57
2026-07-18,PROD0039,Lahore-Hub,0,4,427,34
2026-07-18,PROD0040,Karachi-Main,0,5,249,48
2026-07-18,PROD0041,Karachi-Main,0,2,0,36
2026-07-18,PROD0042,Lahore-Hub,0,4,115,39
2026-07-18,PROD0043,Lahore-Hub,0,4,459,22
2026-07-18,PROD0044,Karachi-Main,0,1,359,34
2026-07-18,PROD0045,Karachi-Main,0,2,305,57
2026-07-18,PROD0046,Lahore-Hub,0,4,393,36
2026-07-18,PROD0047,Lahore-Hub,0,2,495,45
2026-07-18,PROD0048,Karachi-Main,0,5,209,36
2026-07-18,PROD0049,Karachi-Main,0,1,234,20
2026-07-18,PROD0050,Lahore-Hub,0,6,286,53
2026-07-18,PROD0051,Lahore-Hub,0,4,27,34
2026-07-18,PROD0052,Karachi-Main,0,0,221,22
2026-07-18,PROD0053,Karachi-Main,0,5,119,34
2026-07-18,PROD0054,Karachi-Main,0,4,160,48
2026-07-18,PROD0055,Lahore-Hub,0,5,389,35
2026-07-18,PROD0056,Lahore-Hub,0,1,131,45
2026-07-18,PROD0057,Karachi-Main,0,1,182,20
2026-07-18,PROD0058,Lahore-Hub,0,2,159,47
2026-07-18,PROD0059,Karachi-Main,0,0,423,23
2026-07-18,PROD0060,Karachi-Main,0,2,460,24
2026-07-19,PROD0001,Karachi-Main,0,3,347,52
2026-07-19,PROD0002,Lahore-Hub,0,1,373,32
2026-07-19,PROD0003,Karachi-Main,0,4,306,33
2026-07-19,PROD0004,Lahore-Hub,0,3,279,29
2026-07-19,PROD0005,Lahore-Hub,50,3,530,41
2026-07-19,PROD0006,Karachi-Main,0,5,485,52
2026-07-19,PROD0007,Lahore-Hub,0,3,421,37
2026-07-19,PROD0008,Lahore-Hub,0,6,290,53
2026-07-19,PROD0009,Karachi-Main,0,1,370,45
2026-07-19,PROD0010,Karachi-Main,0,0,407,53
2026-07-19,PROD0011,Lahore-Hub,0,3,401,57
2026-07-19,PROD0012,Lahore-Hub,0,4,163,59
2026-07-19,PROD0013,Lahore-Hub,0,0,429,59
2026-07-19,PROD0014,Lahore-Hub,0,1,250,32
2026-07-19,PROD0015,Lahore-Hub,0,1,144,47
2026-07-19,PROD0016,Karachi-Main,100,1,99,22
2026-07-19,PROD0017,Lahore-Hub,0,4,430,49
2026-07-19,PROD0018,Lahore-Hub,0,1,132,57
2026-07-19,PROD0019,Karachi-Main,0,5,125,55
2026-07-19,PROD0020,Karachi-Main,0,3,139,38
2026-07-19,PROD0021,Lahore-Hub,0,3,204,54
2026-07-19,PROD0022,Lahore-Hub,0,4,505,49
2026-07-19,PROD0023,Karachi-Main,0,2,384,22
2026-07-19,PROD0024,Lahore-Hub,0,3,380,38
2026-07-19,PROD0025,Lahore-Hub,0,2,202,41
2026-07-19,PROD0026,Karachi-Main,0,3,461,21
2026-07-19,PROD0027,Karachi-Main,0,3,213,46
2026-07-19,PROD0028,Karachi-Main,0,1,563,57
2026-07-19,PROD0029,Karachi-Main,0,6,314,60
2026-07-19,PROD0030,Karachi-Main,0,1,176,24
2026-07-19,PROD0031,Karachi-Main,0,3,271,50
2026-07-19,PROD0032,Lahore-Hub,0,2,293,46
2026-07-19,PROD0033,Lahore-Hub,0,1,404,49
2026-07-19,PROD0034,Karachi-Main,0,3,27,58
2026-07-19,PROD0035,Lahore-Hub,0,8,343,56
2026-07-19,PROD0036,Lahore-Hub,100,1,482,34
2026-07-19,PROD0037,Lahore-Hub,0,3,362,40
2026-07-19,PROD0038,Lahore-Hub,0,3,496,57
2026-07-19,PROD0039,Karachi-Main,0,4,423,34
2026-07-19,PROD0040,Karachi-Main,0,0,249,48
2026-07-19,PROD0041,Lahore-Hub,0,1,0,36
2026-07-19,PROD0042,Lahore-Hub,0,4,111,39
2026-07-19,PROD0043,Karachi-Main,0,5,454,22
2026-07-19,PROD0044,Lahore-Hub,0,4,355,34
2026-07-19,PROD0045,Karachi-Main,0,0,305,57
2026-07-19,PROD0046,Lahore-Hub,0,1,392,36
2026-07-19,PROD0047,Karachi-Main,0,0,495,45
2026-07-19,PROD0048,Lahore-Hub,0,2,207,36
2026-07-19,PROD0049,Karachi-Main,0,3,231,20
2026-07-19,PROD0050,Karachi-Main,0,2,284,53
2026-07-19,PROD0051,Karachi-Main,0,4,23,34
2026-07-19,PROD0052,Karachi-Main,0,2,219,22
2026-07-19,PROD0053,Lahore-Hub,0,1,118,34
2026-07-19,PROD0054,Karachi-Main,0,2,158,48
2026-07-19,PROD0055,Lahore-Hub,0,1,388,35
2026-07-19,PROD0056,Lahore-Hub,0,2,129,45
2026-07-19,PROD0057,Karachi-Main,0,4,178,20
2026-07-19,PROD0058,Lahore-Hub,0,4,155,47
2026-07-19,PROD0059,Karachi-Main,0,5,418,23
2026-07-19,PROD0060,Lahore-Hub,0,3,457,24
2026-07-20,PROD0001,Karachi-Main,0,1,346,52
2026-07-20,PROD0002,Karachi-Main,0,2,371,32
2026-07-20,PROD0003,Lahore-Hub,0,1,305,33
2026-07-20,PROD0004,Karachi-Main,0,2,277,29
2026-07-20,PROD0005,Karachi-Main,0,4,526,41
2026-07-20,PROD0006,Lahore-Hub,0,2,483,52
2026-07-20,PROD0007,Lahore-Hub,0,4,417,37
2026-07-20,PROD0008,Karachi-Main,0,2,288,53
2026-07-20,PROD0009,Lahore-Hub,0,4,366,45
2026-07-20,PROD0010,Karachi-Main,0,4,403,53
2026-07-20,PROD0011,Lahore-Hub,0,3,398,57
2026-07-20,PROD0012,Lahore-Hub,0,2,161,59
2026-07-20,PROD0013,Lahore-Hub,50,6,473,59
2026-07-20,PROD0014,Lahore-Hub,0,5,245,32
2026-07-20,PROD0015,Karachi-Main,0,4,140,47
2026-07-20,PROD0016,Lahore-Hub,0,5,94,22
2026-07-20,PROD0017,Lahore-Hub,0,4,426,49
2026-07-20,PROD0018,Karachi-Main,0,0,132,57
2026-07-20,PROD0019,Karachi-Main,100,1,224,55
2026-07-20,PROD0020,Karachi-Main,50,3,186,38
2026-07-20,PROD0021,Karachi-Main,0,2,202,54
2026-07-20,PROD0022,Lahore-Hub,0,3,502,49
2026-07-20,PROD0023,Karachi-Main,0,7,377,22
2026-07-20,PROD0024,Lahore-Hub,0,5,375,38
2026-07-20,PROD0025,Karachi-Main,0,4,198,41
2026-07-20,PROD0026,Lahore-Hub,100,5,556,21
2026-07-20,PROD0027,Lahore-Hub,0,2,211,46
2026-07-20,PROD0028,Lahore-Hub,0,4,559,57
2026-07-20,PROD0029,Karachi-Main,0,8,306,60
2026-07-20,PROD0030,Karachi-Main,0,2,174,24
2026-07-20,PROD0031,Karachi-Main,0,1,270,50
2026-07-20,PROD0032,Lahore-Hub,0,1,292,46
2026-07-20,PROD0033,Lahore-Hub,0,1,403,49
2026-07-20,PROD0034,Lahore-Hub,0,1,26,58
2026-07-20,PROD0035,Karachi-Main,0,1,342,56
2026-07-20,PROD0036,Lahore-Hub,0,5,477,34
2026-07-20,PROD0037,Karachi-Main,0,1,361,40
2026-07-20,PROD0038,Karachi-Main,0,2,494,57
2026-07-20,PROD0039,Karachi-Main,0,3,420,34
2026-07-20,PROD0040,Karachi-Main,0,6,243,48
2026-07-20,PROD0041,Lahore-Hub,0,5,0,36
2026-07-20,PROD0042,Lahore-Hub,0,3,108,39
2026-07-20,PROD0043,Lahore-Hub,0,1,453,22
2026-07-20,PROD0044,Karachi-Main,0,4,351,34
2026-07-20,PROD0045,Lahore-Hub,0,2,303,57
2026-07-20,PROD0046,Lahore-Hub,0,6,386,36
2026-07-20,PROD0047,Lahore-Hub,0,3,492,45
2026-07-20,PROD0048,Lahore-Hub,0,4,203,36
2026-07-20,PROD0049,Karachi-Main,0,5,226,20
2026-07-20,PROD0050,Lahore-Hub,0,2,282,53
2026-07-20,PROD0051,Lahore-Hub,0,3,20,34
2026-07-20,PROD0052,Karachi-Main,0,4,215,22
2026-07-20,PROD0053,Lahore-Hub,0,7,111,34
2026-07-20,PROD0054,Lahore-Hub,0,3,155,48
2026-07-20,PROD0055,Lahore-Hub,0,2,386,35
2026-07-20,PROD0056,Karachi-Main,0,5,124,45
2026-07-20,PROD0057,Karachi-Main,0,3,175,20
2026-07-20,PROD0058,Lahore-Hub,0,6,149,47
2026-07-20,PROD0059,Karachi-Main,0,4,414,23
2026-07-20,PROD0060,Karachi-Main,0,1,456,24
2026-07-21,PROD0001,Lahore-Hub,0,5,341,52
2026-07-21,PROD0002,Karachi-Main,0,0,371,32
2026-07-21,PROD0003,Lahore-Hub,0,5,300,33
2026-07-21,PROD0004,Karachi-Main,0,7,270,29
2026-07-21,PROD0005,Karachi-Main,0,5,521,41
2026-07-21,PROD0006,Lahore-Hub,0,3,480,52
2026-07-21,PROD0007,Lahore-Hub,0,5,412,37
2026-07-21,PROD0008,Lahore-Hub,0,2,286,53
2026-07-21,PROD0009,Karachi-Main,0,3,363,45
2026-07-21,PROD0010,Karachi-Main,0,2,401,53
2026-07-21,PROD0011,Lahore-Hub,0,4,394,57
2026-07-21,PROD0012,Lahore-Hub,0,5,156,59
2026-07-21,PROD0013,Lahore-Hub,0,2,471,59
2026-07-21,PROD0014,Karachi-Main,0,3,242,32
2026-07-21,PROD0015,Lahore-Hub,20,2,158,47
2026-07-21,PROD0016,Karachi-Main,0,1,93,22
2026-07-21,PROD0017,Lahore-Hub,50,3,473,49
2026-07-21,PROD0018,Karachi-Main,0,5,127,57
2026-07-21,PROD0019,Karachi-Main,0,5,219,55
2026-07-21,PROD0020,Karachi-Main,0,5,181,38
2026-07-21,PROD0021,Lahore-Hub,0,3,199,54
2026-07-21,PROD0022,Lahore-Hub,0,4,498,49
2026-07-21,PROD0023,Karachi-Main,0,2,375,22
2026-07-21,PROD0024,Karachi-Main,0,0,375,38
2026-07-21,PROD0025,Karachi-Main,0,3,195,41
2026-07-21,PROD0026,Karachi-Main,0,2,554,21
2026-07-21,PROD0027,Lahore-Hub,50,5,256,46
2026-07-21,PROD0028,Lahore-Hub,0,3,556,57
2026-07-21,PROD0029,Karachi-Main,0,2,304,60
2026-07-21,PROD0030,Lahore-Hub,0,2,172,24
2026-07-21,PROD0031,Lahore-Hub,0,1,269,50
2026-07-21,PROD0032,Karachi-Main,0,3,289,46
2026-07-21,PROD0033,Karachi-Main,0,7,396,49
2026-07-21,PROD0034,Karachi-Main,0,0,26,58
2026-07-21,PROD0035,Lahore-Hub,0,6,336,56
2026-07-21,PROD0036,Karachi-Main,0,4,473,34
2026-07-21,PROD0037,Karachi-Main,0,0,361,40
2026-07-21,PROD0038,Karachi-Main,0,5,489,57
2026-07-21,PROD0039,Lahore-Hub,0,0,420,34
2026-07-21,PROD0040,Lahore-Hub,0,2,241,48
2026-07-21,PROD0041,Karachi-Main,0,1,0,36
2026-07-21,PROD0042,Karachi-Main,0,3,105,39
2026-07-21,PROD0043,Karachi-Main,0,4,449,22
2026-07-21,PROD0044,Karachi-Main,100,2,449,34
2026-07-21,PROD0045,Lahore-Hub,0,3,300,57
2026-07-21,PROD0046,Karachi-Main,0,1,385,36
2026-07-21,PROD0047,Karachi-Main,0,3,489,45
2026-07-21,PROD0048,Lahore-Hub,100,1,302,36
2026-07-21,PROD0049,Karachi-Main,0,3,223,20
2026-07-21,PROD0050,Karachi-Main,0,4,278,53
2026-07-21,PROD0051,Karachi-Main,100,0,120,34
2026-07-21,PROD0052,Karachi-Main,0,2,213,22
2026-07-21,PROD0053,Karachi-Main,0,2,109,34
2026-07-21,PROD0054,Karachi-Main,0,2,153,48
2026-07-21,PROD0055,Karachi-Main,0,2,384,35
2026-07-21,PROD0056,Karachi-Main,0,7,117,45
2026-07-21,PROD0057,Karachi-Main,0,3,172,20
2026-07-21,PROD0058,Karachi-Main,0,6,143,47
2026-07-21,PROD0059,Karachi-Main,0,3,411,23
2026-07-21,PROD0060,Lahore-Hub,0,4,452,24
2026-07-22,PROD0001,Karachi-Main,0,3,338,52
2026-07-22,PROD0002,Karachi-Main,0,3,368,32
2026-07-22,PROD0003,Karachi-Main,0,5,295,33
2026-07-22,PROD0004,Lahore-Hub,0,1,269,29
2026-07-22,PROD0005,Karachi-Main,0,4,517,41
2026-07-22,PROD0006,Karachi-Main,0,3,477,52
2026-07-22,PROD0007,Lahore-Hub,0,0,412,37
2026-07-22,PROD0008,Lahore-Hub,0,3,283,53
2026-07-22,PROD0009,Lahore-Hub,0,3,360,45
2026-07-22,PROD0010,Karachi-Main,0,3,398,53
2026-07-22,PROD0011,Lahore-Hub,0,1,393,57
2026-07-22,PROD0012,Lahore-Hub,0,2,154,59
2026-07-22,PROD0013,Lahore-Hub,0,3,468,59
2026-07-22,PROD0014,Karachi-Main,0,2,240,32
2026-07-22,PROD0015,Lahore-Hub,0,3,155,47
2026-07-22,PROD0016,Lahore-Hub,0,1,92,22
2026-07-22,PROD0017,Karachi-Main,0,6,467,49
2026-07-22,PROD0018,Lahore-Hub,0,0,127,57
2026-07-22,PROD0019,Lahore-Hub,0,2,217,55
2026-07-22,PROD0020,Lahore-Hub,0,1,180,38
2026-07-22,PROD0021,Karachi-Main,0,1,198,54
2026-07-22,PROD0022,Lahore-Hub,0,4,494,49
2026-07-22,PROD0023,Lahore-Hub,0,2,373,22
2026-07-22,PROD0024,Lahore-Hub,0,2,373,38
2026-07-22,PROD0025,Karachi-Main,0,2,193,41
2026-07-22,PROD0026,Karachi-Main,0,6,548,21
2026-07-22,PROD0027,Lahore-Hub,0,1,255,46
2026-07-22,PROD0028,Lahore-Hub,0,6,550,57
2026-07-22,PROD0029,Karachi-Main,0,3,301,60
2026-07-22,PROD0030,Lahore-Hub,0,2,170,24
2026-07-22,PROD0031,Lahore-Hub,0,5,264,50
2026-07-22,PROD0032,Karachi-Main,0,6,283,46
2026-07-22,PROD0033,Lahore-Hub,0,1,395,49
2026-07-22,PROD0034,Karachi-Main,0,2,24,58
2026-07-22,PROD0035,Lahore-Hub,0,7,329,56
2026-07-22,PROD0036,Lahore-Hub,0,8,465,34
2026-07-22,PROD0037,Lahore-Hub,0,3,358,40
2026-07-22,PROD0038,Lahore-Hub,0,4,485,57
2026-07-22,PROD0039,Lahore-Hub,0,5,415,34
2026-07-22,PROD0040,Lahore-Hub,0,2,239,48
2026-07-22,PROD0041,Lahore-Hub,0,0,0,36
2026-07-22,PROD0042,Lahore-Hub,0,4,101,39
2026-07-22,PROD0043,Lahore-Hub,0,1,448,22
2026-07-22,PROD0044,Lahore-Hub,50,4,495,34
2026-07-22,PROD0045,Karachi-Main,0,5,295,57
2026-07-22,PROD0046,Lahore-Hub,0,3,382,36
2026-07-22,PROD0047,Karachi-Main,0,2,487,45
2026-07-22,PROD0048,Lahore-Hub,0,2,300,36
2026-07-22,PROD0049,Karachi-Main,0,1,222,20
2026-07-22,PROD0050,Lahore-Hub,0,6,272,53
2026-07-22,PROD0051,Karachi-Main,0,4,116,34
2026-07-22,PROD0052,Karachi-Main,0,2,211,22
2026-07-22,PROD0053,Lahore-Hub,0,3,106,34
2026-07-22,PROD0054,Lahore-Hub,0,4,149,48
2026-07-22,PROD0055,Lahore-Hub,0,5,379,35
2026-07-22,PROD0056,Karachi-Main,0,1,116,45
2026-07-22,PROD0057,Karachi-Main,0,0,172,20
2026-07-22,PROD0058,Karachi-Main,0,5,138,47
2026-07-22,PROD0059,Lahore-Hub,0,1,410,23
2026-07-22,PROD0060,Karachi-Main,0,4,448,24
2026-07-23,PROD0001,Karachi-Main,0,4,334,52
2026-07-23,PROD0002,Lahore-Hub,0,5,363,32
2026-07-23,PROD0003,Karachi-Main,0,2,293,33
2026-07-23,PROD0004,Karachi-Main,100,3,366,29
2026-07-23,PROD0005,Karachi-Main,0,3,514,41
2026-07-23,PROD0006,Lahore-Hub,0,4,473,52
2026-07-23,PROD0007,Lahore-Hub,0,4,408,37
2026-07-23,PROD0008,Lahore-Hub,0,2,281,53
2026-07-23,PROD0009,Karachi-Main,0,1,359,45
2026-07-23,PROD0010,Lahore-Hub,0,3,395,53
2026-07-23,PROD0011,Lahore-Hub,0,6,387,57
2026-07-23,PROD0012,Karachi-Main,0,4,150,59
2026-07-23,PROD0013,Karachi-Main,0,2,466,59
2026-07-23,PROD0014,Lahore-Hub,0,5,235,32
2026-07-23,PROD0015,Karachi-Main,0,0,155,47
2026-07-23,PROD0016,Lahore-Hub,0,3,89,22
2026-07-23,PROD0017,Karachi-Main,0,5,462,49
2026-07-23,PROD0018,Lahore-Hub,0,6,121,57
2026-07-23,PROD0019,Lahore-Hub,0,2,215,55
2026-07-23,PROD0020,Lahore-Hub,0,4,176,38
2026-07-23,PROD0021,Karachi-Main,0,5,193,54
2026-07-23,PROD0022,Karachi-Main,0,1,493,49
2026-07-23,PROD0023,Lahore-Hub,0,4,369,22
2026-07-23,PROD0024,Lahore-Hub,0,4,369,38
2026-07-23,PROD0025,Karachi-Main,0,7,186,41
2026-07-23,PROD0026,Lahore-Hub,0,3,545,21
2026-07-23,PROD0027,Lahore-Hub,20,4,271,46
2026-07-23,PROD0028,Lahore-Hub,0,3,547,57
2026-07-23,PROD0029,Karachi-Main,0,3,298,60
2026-07-23,PROD0030,Karachi-Main,0,1,169,24
2026-07-23,PROD0031,Lahore-Hub,0,0,264,50
2026-07-23,PROD0032,Lahore-Hub,0,10,273,46
2026-07-23,PROD0033,Lahore-Hub,0,5,390,49
2026-07-23,PROD0034,Lahore-Hub,0,1,23,58
2026-07-23,PROD0035,Karachi-Main,0,3,326,56
2026-07-23,PROD0036,Karachi-Main,0,1,464,34
2026-07-23,PROD0037,Karachi-Main,0,1,357,40
2026-07-23,PROD0038,Karachi-Main,0,1,484,57
2026-07-23,PROD0039,Karachi-Main,0,2,413,34
2026-07-23,PROD0040,Karachi-Main,0,0,239,48
2026-07-23,PROD0041,Karachi-Main,100,3,97,36
2026-07-23,PROD0042,Lahore-Hub,0,2,99,39
2026-07-23,PROD0043,Karachi-Main,0,9,439,22
2026-07-23,PROD0044,Karachi-Main,0,2,493,34
2026-07-23,PROD0045,Karachi-Main,0,5,290,57
2026-07-23,PROD0046,Lahore-Hub,0,3,379,36
2026-07-23,PROD0047,Lahore-Hub,0,2,485,45
2026-07-23,PROD0048,Karachi-Main,0,3,297,36
2026-07-23,PROD0049,Lahore-Hub,0,3,219,20
2026-07-23,PROD0050,Karachi-Main,0,3,269,53
2026-07-23,PROD0051,Lahore-Hub,0,2,114,34
2026-07-23,PROD0052,Karachi-Main,0,5,206,22
2026-07-23,PROD0053,Lahore-Hub,0,3,103,34
2026-07-23,PROD0054,Karachi-Main,0,2,147,48
2026-07-23,PROD0055,Karachi-Main,0,3,376,35
2026-07-23,PROD0056,Lahore-Hub,0,4,112,45
2026-07-23,PROD0057,Karachi-Main,0,4,168,20
2026-07-23,PROD0058,Karachi-Main,0,2,136,47
2026-07-23,PROD0059,Karachi-Main,0,4,406,23
2026-07-23,PROD0060,Karachi-Main,0,5,443,24
2026-07-24,PROD0001,Lahore-Hub,0,3,331,52
2026-07-24,PROD0002,Karachi-Main,0,2,361,32
2026-07-24,PROD0003,Karachi-Main,0,2,291,33
2026-07-24,PROD0004,Karachi-Main,0,2,364,29
2026-07-24,PROD0005,Karachi-Main,0,2,512,41
2026-07-24,PROD0006,Karachi-Main,0,4,469,52
2026-07-24,PROD0007,Karachi-Main,100,2,506,37
2026-07-24,PROD0008,Lahore-Hub,0,3,278,53
2026-07-24,PROD0009,Lahore-Hub,0,2,357,45
2026-07-24,PROD0010,Karachi-Main,0,4,391,53
2026-07-24,PROD0011,Karachi-Main,0,6,381,57
2026-07-24,PROD0012,Lahore-Hub,0,5,145,59
2026-07-24,PROD0013,Karachi-Main,0,4,462,59
2026-07-24,PROD0014,Karachi-Main,0,3,232,32
2026-07-24,PROD0015,Lahore-Hub,0,5,150,47
2026-07-24,PROD0016,Lahore-Hub,0,0,89,22
2026-07-24,PROD0017,Karachi-Main,50,4,508,49
2026-07-24,PROD0018,Karachi-Main,0,2,119,57
2026-07-24,PROD0019,Karachi-Main,0,3,212,55
2026-07-24,PROD0020,Karachi-Main,0,4,172,38
2026-07-24,PROD0021,Lahore-Hub,0,6,187,54
2026-07-24,PROD0022,Karachi-Main,0,4,489,49
2026-07-24,PROD0023,Lahore-Hub,0,2,367,22
2026-07-24,PROD0024,Karachi-Main,0,3,366,38
2026-07-24,PROD0025,Karachi-Main,0,1,185,41
2026-07-24,PROD0026,Karachi-Main,0,5,540,21
2026-07-24,PROD0027,Lahore-Hub,20,4,287,46
2026-07-24,PROD0028,Lahore-Hub,0,2,545,57
2026-07-24,PROD0029,Lahore-Hub,0,4,294,60
2026-07-24,PROD0030,Karachi-Main,0,2,167,24
2026-07-24,PROD0031,Karachi-Main,0,3,261,50
2026-07-24,PROD0032,Lahore-Hub,0,2,271,46
2026-07-24,PROD0033,Lahore-Hub,0,0,390,49
2026-07-24,PROD0034,Lahore-Hub,0,1,22,58
2026-07-24,PROD0035,Karachi-Main,0,3,323,56
2026-07-24,PROD0036,Karachi-Main,0,3,461,34
2026-07-24,PROD0037,Karachi-Main,0,7,350,40
2026-07-24,PROD0038,Lahore-Hub,50,3,531,57
2026-07-24,PROD0039,Karachi-Main,0,2,411,34
2026-07-24,PROD0040,Lahore-Hub,0,3,236,48
2026-07-24,PROD0041,Lahore-Hub,20,5,112,36
2026-07-24,PROD0042,Karachi-Main,0,4,95,39
2026-07-24,PROD0043,Karachi-Main,0,4,435,22
2026-07-24,PROD0044,Karachi-Main,0,0,493,34
2026-07-24,PROD0045,Karachi-Main,0,4,286,57
2026-07-24,PROD0046,Lahore-Hub,0,9,370,36
2026-07-24,PROD0047,Lahore-Hub,0,1,484,45
2026-07-24,PROD0048,Karachi-Main,0,2,295,36
2026-07-24,PROD0049,Lahore-Hub,0,2,217,20
2026-07-24,PROD0050,Lahore-Hub,0,3,266,53
2026-07-24,PROD0051,Lahore-Hub,0,4,110,34
2026-07-24,PROD0052,Lahore-Hub,0,6,200,22
2026-07-24,PROD0053,Karachi-Main,0,8,95,34
2026-07-24,PROD0054,Lahore-Hub,50,2,195,48
2026-07-24,PROD0055,Karachi-Main,0,6,370,35
2026-07-24,PROD0056,Lahore-Hub,0,4,108,45
2026-07-24,PROD0057,Lahore-Hub,0,8,160,20
2026-07-24,PROD0058,Lahore-Hub,0,0,136,47
2026-07-24,PROD0059,Lahore-Hub,0,1,405,23
2026-07-24,PROD0060,Karachi-Main,0,6,437,24
2026-07-25,PROD0001,Karachi-Main,0,2,329,52
2026-07-25,PROD0002,Lahore-Hub,0,3,358,32
2026-07-25,PROD0003,Lahore-Hub,0,1,290,33
2026-07-25,PROD0004,Lahore-Hub,0,3,361,29
2026-07-25,PROD0005,Lahore-Hub,0,1,511,41
2026-07-25,PROD0006,Lahore-Hub,0,2,467,52
2026-07-25,PROD0007,Karachi-Main,0,4,502,37
2026-07-25,PROD0008,Karachi-Main,0,6,272,53
2026-07-25,PROD0009,Lahore-Hub,0,2,355,45
2026-07-25,PROD0010,Lahore-Hub,0,2,389,53
2026-07-25,PROD0011,Karachi-Main,0,2,379,57
2026-07-25,PROD0012,Karachi-Main,0,4,141,59
2026-07-25,PROD0013,Karachi-Main,0,3,459,59
2026-07-25,PROD0014,Lahore-Hub,100,6,326,32
2026-07-25,PROD0015,Karachi-Main,0,3,147,47
2026-07-25,PROD0016,Lahore-Hub,0,2,87,22
2026-07-25,PROD0017,Lahore-Hub,0,2,506,49
2026-07-25,PROD0018,Lahore-Hub,0,5,114,57
2026-07-25,PROD0019,Lahore-Hub,50,3,259,55
2026-07-25,PROD0020,Karachi-Main,0,7,165,38
2026-07-25,PROD0021,Karachi-Main,0,2,185,54
2026-07-25,PROD0022,Lahore-Hub,0,4,485,49
2026-07-25,PROD0023,Karachi-Main,0,2,365,22
2026-07-25,PROD0024,Karachi-Main,0,2,364,38
2026-07-25,PROD0025,Karachi-Main,0,2,183,41
2026-07-25,PROD0026,Karachi-Main,0,4,536,21
2026-07-25,PROD0027,Karachi-Main,0,3,284,46
2026-07-25,PROD0028,Karachi-Main,100,6,639,57
2026-07-25,PROD0029,Karachi-Main,0,4,290,60
2026-07-25,PROD0030,Karachi-Main,0,2,165,24
2026-07-25,PROD0031,Lahore-Hub,0,2,259,50
2026-07-25,PROD0032,Karachi-Main,0,4,267,46
2026-07-25,PROD0033,Lahore-Hub,0,5,385,49
2026-07-25,PROD0034,Lahore-Hub,0,1,21,58
2026-07-25,PROD0035,Karachi-Main,0,1,322,56
2026-07-25,PROD0036,Lahore-Hub,100,4,557,34
2026-07-25,PROD0037,Karachi-Main,0,3,347,40
2026-07-25,PROD0038,Karachi-Main,0,3,528,57
2026-07-25,PROD0039,Karachi-Main,0,2,409,34
2026-07-25,PROD0040,Karachi-Main,0,4,232,48
2026-07-25,PROD0041,Lahore-Hub,0,4,108,36
2026-07-25,PROD0042,Lahore-Hub,0,4,91,39
2026-07-25,PROD0043,Karachi-Main,0,2,433,22
2026-07-25,PROD0044,Karachi-Main,0,5,488,34
2026-07-25,PROD0045,Karachi-Main,0,6,280,57
2026-07-25,PROD0046,Lahore-Hub,0,1,369,36
2026-07-25,PROD0047,Lahore-Hub,0,4,480,45
2026-07-25,PROD0048,Karachi-Main,0,4,291,36
2026-07-25,PROD0049,Lahore-Hub,0,4,213,20
2026-07-25,PROD0050,Karachi-Main,0,6,260,53
2026-07-25,PROD0051,Karachi-Main,20,3,127,34
2026-07-25,PROD0052,Karachi-Main,0,3,197,22
2026-07-25,PROD0053,Karachi-Main,0,5,90,34
2026-07-25,PROD0054,Lahore-Hub,0,2,193,48
2026-07-25,PROD0055,Karachi-Main,0,1,369,35
2026-07-25,PROD0056,Karachi-Main,0,2,106,45
2026-07-25,PROD0057,Karachi-Main,0,4,156,20
2026-07-25,PROD0058,Lahore-Hub,0,3,133,47
2026-07-25,PROD0059,Lahore-Hub,0,1,404,23
2026-07-25,PROD0060,Lahore-Hub,0,5,432,24
2026-07-26,PROD0001,Karachi-Main,0,1,328,52
2026-07-26,PROD0002,Karachi-Main,0,5,353,32
2026-07-26,PROD0003,Karachi-Main,20,2,308,33
2026-07-26,PROD0004,Lahore-Hub,0,1,360,29
2026-07-26,PROD0005,Karachi-Main,0,4,507,41
2026-07-26,PROD0006,Karachi-Main,0,2,465,52
2026-07-26,PROD0007,Karachi-Main,0,3,499,37
2026-07-26,PROD0008,Karachi-Main,0,2,270,53
2026-07-26,PROD0009,Lahore-Hub,0,1,354,45
2026-07-26,PROD0010,Karachi-Main,0,3,386,53
2026-07-26,PROD0011,Lahore-Hub,0,4,375,57
2026-07-26,PROD0012,Karachi-Main,0,2,139,59
2026-07-26,PROD0013,Lahore-Hub,0,3,456,59
2026-07-26,PROD0014,Lahore-Hub,0,4,322,32
2026-07-26,PROD0015,Lahore-Hub,0,6,141,47
2026-07-26,PROD0016,Lahore-Hub,0,2,85,22
2026-07-26,PROD0017,Karachi-Main,0,5,501,49
2026-07-26,PROD0018,Lahore-Hub,0,2,112,57
2026-07-26,PROD0019,Karachi-Main,0,4,255,55
2026-07-26,PROD0020,Lahore-Hub,0,2,163,38
2026-07-26,PROD0021,Karachi-Main,0,1,184,54
2026-07-26,PROD0022,Lahore-Hub,0,7,478,49
2026-07-26,PROD0023,Lahore-Hub,0,3,362,22
2026-07-26,PROD0024,Karachi-Main,0,6,358,38
2026-07-26,PROD0025,Lahore-Hub,0,6,177,41
2026-07-26,PROD0026,Karachi-Main,0,7,529,21
2026-07-26,PROD0027,Lahore-Hub,0,3,281,46
2026-07-26,PROD0028,Karachi-Main,0,4,635,57
2026-07-26,PROD0029,Karachi-Main,0,4,286,60
2026-07-26,PROD0030,Karachi-Main,0,1,164,24
2026-07-26,PROD0031,Lahore-Hub,0,9,250,50
2026-07-26,PROD0032,Karachi-Main,0,2,265,46
2026-07-26,PROD0033,Karachi-Main,0,1,384,49
2026-07-26,PROD0034,Karachi-Main,0,3,18,58
2026-07-26,PROD0035,Karachi-Main,0,3,319,56
2026-07-26,PROD0036,Lahore-Hub,0,3,554,34
2026-07-26,PROD0037,Karachi-Main,0,2,345,40
2026-07-26,PROD0038,Lahore-Hub,0,3,525,57
2026-07-26,PROD0039,Lahore-Hub,0,4,405,34
2026-07-26,PROD0040,Lahore-Hub,0,1,231,48
2026-07-26,PROD0041,Karachi-Main,0,1,107,36
2026-07-26,PROD0042,Karachi-Main,0,3,88,39
2026-07-26,PROD0043,Karachi-Main,0,4,429,22
2026-07-26,PROD0044,Karachi-Main,0,3,485,34
2026-07-26,PROD0045,Karachi-Main,0,0,280,57
2026-07-26,PROD0046,Karachi-Main,0,6,363,36
2026-07-26,PROD0047,Lahore-Hub,0,6,474,45
2026-07-26,PROD0048,Karachi-Main,50,1,340,36
2026-07-26,PROD0049,Lahore-Hub,0,3,210,20
2026-07-26,PROD0050,Lahore-Hub,0,2,258,53
2026-07-26,PROD0051,Lahore-Hub,0,3,124,34
2026-07-26,PROD0052,Lahore-Hub,0,3,194,22
2026-07-26,PROD0053,Karachi-Main,0,4,86,34
2026-07-26,PROD0054,Lahore-Hub,0,3,190,48
2026-07-26,PROD0055,Lahore-Hub,0,4,365,35
2026-07-26,PROD0056,Karachi-Main,0,4,102,45
2026-07-26,PROD0057,Karachi-Main,0,3,153,20
2026-07-26,PROD0058,Karachi-Main,0,2,131,47
2026-07-26,PROD0059,Karachi-Main,0,4,400,23
2026-07-26,PROD0060,Lahore-Hub,0,3,429,24
2026-07-27,PROD0001,Lahore-Hub,0,4,324,52
2026-07-27,PROD0002,Karachi-Main,0,2,351,32
2026-07-27,PROD0003,Lahore-Hub,0,3,305,33
2026-07-27,PROD0004,Karachi-Main,0,3,357,29
2026-07-27,PROD0005,Karachi-Main,0,4,503,41
2026-07-27,PROD0006,Karachi-Main,0,2,463,52
2026-07-27,PROD0007,Lahore-Hub,0,4,495,37
2026-07-27,PROD0008,Karachi-Main,0,2,268,53
2026-07-27,PROD0009,Karachi-Main,0,3,351,45
2026-07-27,PROD0010,Karachi-Main,0,4,382,53
2026-07-27,PROD0011,Karachi-Main,0,4,371,57
2026-07-27,PROD0012,Lahore-Hub,0,4,135,59
2026-07-27,PROD0013,Karachi-Main,0,2,454,59
2026-07-27,PROD0014,Lahore-Hub,0,0,322,32
2026-07-27,PROD0015,Karachi-Main,0,3,138,47
2026-07-27,PROD0016,Lahore-Hub,0,2,83,22
2026-07-27,PROD0017,Lahore-Hub,0,3,498,49
2026-07-27,PROD0018,Karachi-Main,0,1,111,57
2026-07-27,PROD0019,Karachi-Main,0,3,252,55
2026-07-27,PROD0020,Karachi-Main,0,3,160,38
2026-07-27,PROD0021,Karachi-Main,0,2,182,54
2026-07-27,PROD0022,Karachi-Main,0,0,478,49
2026-07-27,PROD0023,Lahore-Hub,0,5,357,22
2026-07-27,PROD0024,Lahore-Hub,0,4,354,38
2026-07-27,PROD0025,Karachi-Main,0,2,175,41
2026-07-27,PROD0026,Karachi-Main,0,2,527,21
2026-07-27,PROD0027,Karachi-Main,0,2,279,46
2026-07-27,PROD0028,Karachi-Main,0,2,633,57
2026-07-27,PROD0029,Lahore-Hub,0,5,281,60
2026-07-27,PROD0030,Karachi-Main,0,6,158,24
2026-07-27,PROD0031,Karachi-Main,0,3,247,50
2026-07-27,PROD0032,Lahore-Hub,0,3,262,46
2026-07-27,PROD0033,Lahore-Hub,0,1,383,49
2026-07-27,PROD0034,Lahore-Hub,100,2,116,58
2026-07-27,PROD0035,Lahore-Hub,0,4,315,56
2026-07-27,PROD0036,Karachi-Main,0,3,551,34
2026-07-27,PROD0037,Lahore-Hub,0,2,343,40
2026-07-27,PROD0038,Lahore-Hub,0,3,522,57
2026-07-27,PROD0039,Karachi-Main,0,0,405,34
2026-07-27,PROD0040,Lahore-Hub,0,2,229,48
2026-07-27,PROD0041,Lahore-Hub,0,1,106,36
2026-07-27,PROD0042,Karachi-Main,0,3,85,39
2026-07-27,PROD0043,Karachi-Main,0,4,425,22
2026-07-27,PROD0044,Lahore-Hub,0,5,480,34
2026-07-27,PROD0045,Karachi-Main,0,1,279,57
2026-07-27,PROD0046,Lahore-Hub,0,6,357,36
2026-07-27,PROD0047,Lahore-Hub,0,1,473,45
2026-07-27,PROD0048,Lahore-Hub,0,1,339,36
2026-07-27,PROD0049,Karachi-Main,50,1,259,20
2026-07-27,PROD0050,Lahore-Hub,0,2,256,53
2026-07-27,PROD0051,Karachi-Main,0,5,119,34
2026-07-27,PROD0052,Lahore-Hub,0,3,191,22
2026-07-27,PROD0053,Lahore-Hub,0,3,83,34
2026-07-27,PROD0054,Lahore-Hub,0,5,185,48
2026-07-27,PROD0055,Lahore-Hub,0,4,361,35
2026-07-27,PROD0056,Lahore-Hub,0,2,100,45
2026-07-27,PROD0057,Lahore-Hub,0,1,152,20
2026-07-27,PROD0058,Karachi-Main,0,2,129,47
2026-07-27,PROD0059,Lahore-Hub,0,4,396,23
2026-07-27,PROD0060,Karachi-Main,0,2,427,24
2026-07-28,PROD0001,Karachi-Main,0,3,321,52
2026-07-28,PROD0002,Karachi-Main,0,4,347,32
2026-07-28,PROD0003,Karachi-Main,0,5,300,33
2026-07-28,PROD0004,Lahore-Hub,0,0,357,29
2026-07-28,PROD0005,Lahore-Hub,0,5,498,41
2026-07-28,PROD0006,Lahore-Hub,50,7,506,52
2026-07-28,PROD0007,Karachi-Main,0,3,492,37
2026-07-28,PROD0008,Karachi-Main,0,3,265,53
2026-07-28,PROD0009,Lahore-Hub,0,2,349,45
2026-07-28,PROD0010,Karachi-Main,0,5,377,53
2026-07-28,PROD0011,Lahore-Hub,0,2,369,57
2026-07-28,PROD0012,Lahore-Hub,0,5,130,59
2026-07-28,PROD0013,Lahore-Hub,0,2,452,59
2026-07-28,PROD0014,Lahore-Hub,0,1,321,32
2026-07-28,PROD0015,Karachi-Main,0,3,135,47
2026-07-28,PROD0016,Karachi-Main,0,3,80,22
2026-07-28,PROD0017,Karachi-Main,0,2,496,49
2026-07-28,PROD0018,Lahore-Hub,0,5,106,57
2026-07-28,PROD0019,Karachi-Main,0,2,250,55
2026-07-28,PROD0020,Karachi-Main,0,8,152,38
2026-07-28,PROD0021,Karachi-Main,0,4,178,54
2026-07-28,PROD0022,Lahore-Hub,0,6,472,49
2026-07-28,PROD0023,Lahore-Hub,0,4,353,22
2026-07-28,PROD0024,Karachi-Main,0,1,353,38
2026-07-28,PROD0025,Lahore-Hub,0,6,169,41
2026-07-28,PROD0026,Karachi-Main,50,5,572,21
2026-07-28,PROD0027,Lahore-Hub,0,8,271,46
2026-07-28,PROD0028,Karachi-Main,0,2,631,57
2026-07-28,PROD0029,Lahore-Hub,0,2,279,60
2026-07-28,PROD0030,Karachi-Main,0,5,153,24
2026-07-28,PROD0031,Lahore-Hub,0,4,243,50
2026-07-28,PROD0032,Karachi-Main,0,4,258,46
2026-07-28,PROD0033,Lahore-Hub,0,5,378,49
2026-07-28,PROD0034,Lahore-Hub,0,3,113,58
2026-07-28,PROD0035,Karachi-Main,0,3,312,56
2026-07-28,PROD0036,Karachi-Main,0,6,545,34
2026-07-28,PROD0037,Lahore-Hub,0,2,341,40
2026-07-28,PROD0038,Lahore-Hub,0,3,519,57
2026-07-28,PROD0039,Lahore-Hub,0,3,402,34
2026-07-28,PROD0040,Lahore-Hub,0,2,227,48
2026-07-28,PROD0041,Karachi-Main,0,1,105,36
2026-07-28,PROD0042,Lahore-Hub,0,1,84,39
2026-07-28,PROD0043,Lahore-Hub,0,2,423,22
2026-07-28,PROD0044,Lahore-Hub,0,2,478,34
2026-07-28,PROD0045,Lahore-Hub,0,1,278,57
2026-07-28,PROD0046,Lahore-Hub,0,0,357,36
2026-07-28,PROD0047,Lahore-Hub,0,2,471,45
2026-07-28,PROD0048,Lahore-Hub,0,8,331,36
2026-07-28,PROD0049,Lahore-Hub,0,4,255,20
2026-07-28,PROD0050,Karachi-Main,0,3,253,53
2026-07-28,PROD0051,Karachi-Main,0,4,115,34
2026-07-28,PROD0052,Lahore-Hub,0,4,187,22
2026-07-28,PROD0053,Lahore-Hub,0,1,82,34
2026-07-28,PROD0054,Lahore-Hub,0,6,179,48
2026-07-28,PROD0055,Karachi-Main,0,2,359,35
2026-07-28,PROD0056,Karachi-Main,0,1,99,45
2026-07-28,PROD0057,Karachi-Main,0,7,145,20
2026-07-28,PROD0058,Lahore-Hub,0,3,126,47
2026-07-28,PROD0059,Karachi-Main,0,3,393,23
2026-07-28,PROD0060,Karachi-Main,0,5,422,24
2026-07-29,PROD0001,Karachi-Main,0,2,319,52
2026-07-29,PROD0002,Karachi-Main,0,2,345,32
2026-07-29,PROD0003,Lahore-Hub,0,1,299,33
2026-07-29,PROD0004,Karachi-Main,0,3,354,29
2026-07-29,PROD0005,Lahore-Hub,0,2,496,41
2026-07-29,PROD0006,Lahore-Hub,0,8,498,52
2026-07-29,PROD0007,Karachi-Main,0,0,492,37
2026-07-29,PROD0008,Lahore-Hub,0,5,260,53
2026-07-29,PROD0009,Lahore-Hub,0,1,348,45
2026-07-29,PROD0010,Karachi-Main,0,4,373,53
2026-07-29,PROD0011,Lahore-Hub,0,2,367,57
2026-07-29,PROD0012,Lahore-Hub,0,4,126,59
2026-07-29,PROD0013,Karachi-Main,0,4,448,59
2026-07-29,PROD0014,Lahore-Hub,0,3,318,32
2026-07-29,PROD0015,Karachi-Main,0,2,133,47
2026-07-29,PROD0016,Karachi-Main,0,1,79,22
2026-07-29,PROD0017,Karachi-Main,0,2,494,49
2026-07-29,PROD0018,Karachi-Main,0,1,105,57
2026-07-29,PROD0019,Karachi-Main,0,2,248,55
2026-07-29,PROD0020,Karachi-Main,0,1,151,38
2026-07-29,PROD0021,Lahore-Hub,0,1,177,54
2026-07-29,PROD0022,Lahore-Hub,0,3,469,49
2026-07-29,PROD0023,Lahore-Hub,0,1,352,22
2026-07-29,PROD0024,Lahore-Hub,0,3,350,38
2026-07-29,PROD0025,Karachi-Main,0,2,167,41
2026-07-29,PROD0026,Lahore-Hub,0,3,569,21
2026-07-29,PROD0027,Karachi-Main,0,2,269,46
2026-07-29,PROD0028,Karachi-Main,0,4,627,57
2026-07-29,PROD0029,Karachi-Main,100,1,378,60
2026-07-29,PROD0030,Lahore-Hub,0,3,150,24
2026-07-29,PROD0031,Lahore-Hub,0,3,240,50
2026-07-29,PROD0032,Lahore-Hub,100,4,354,46
2026-07-29,PROD0033,Karachi-Main,0,4,374,49
2026-07-29,PROD0034,Karachi-Main,0,4,109,58
2026-07-29,PROD0035,Lahore-Hub,0,3,309,56
2026-07-29,PROD0036,Lahore-Hub,0,4,541,34
2026-07-29,PROD0037,Karachi-Main,100,5,436,40
2026-07-29,PROD0038,Lahore-Hub,0,3,516,57
2026-07-29,PROD0039,Karachi-Main,0,3,399,34
2026-07-29,PROD0040,Lahore-Hub,0,2,225,48
2026-07-29,PROD0041,Lahore-Hub,0,3,102,36
2026-07-29,PROD0042,Lahore-Hub,0,4,80,39
2026-07-29,PROD0043,Karachi-Main,0,2,421,22
2026-07-29,PROD0044,Lahore-Hub,0,7,471,34
2026-07-29,PROD0045,Karachi-Main,0,4,274,57
2026-07-29,PROD0046,Karachi-Main,0,2,355,36
2026-07-29,PROD0047,Lahore-Hub,0,2,469,45
2026-07-29,PROD0048,Karachi-Main,0,1,330,36
2026-07-29,PROD0049,Karachi-Main,0,2,253,20
2026-07-29,PROD0050,Karachi-Main,0,3,250,53
2026-07-29,PROD0051,Lahore-Hub,0,6,109,34
2026-07-29,PROD0052,Lahore-Hub,0,5,182,22
2026-07-29,PROD0053,Karachi-Main,0,3,79,34
2026-07-29,PROD0054,Karachi-Main,0,2,177,48
2026-07-29,PROD0055,Karachi-Main,0,4,355,35
2026-07-29,PROD0056,Karachi-Main,0,2,97,45
2026-07-29,PROD0057,Lahore-Hub,0,3,142,20
2026-07-29,PROD0058,Lahore-Hub,0,4,122,47
2026-07-29,PROD0059,Lahore-Hub,0,1,392,23
2026-07-29,PROD0060,Lahore-Hub,0,9,413,24
2026-07-30,PROD0001,Karachi-Main,0,4,315,52
2026-07-30,PROD0002,Karachi-Main,0,3,342,32
2026-07-30,PROD0003,Lahore-Hub,0,3,296,33
2026-07-30,PROD0004,Karachi-Main,0,2,352,29
2026-07-30,PROD0005,Karachi-Main,0,2,494,41
2026-07-30,PROD0006,Lahore-Hub,0,4,494,52
2026-07-30,PROD0007,Lahore-Hub,0,2,490,37
2026-07-30,PROD0008,Lahore-Hub,100,2,358,53
2026-07-30,PROD0009,Karachi-Main,0,2,346,45
2026-07-30,PROD0010,Karachi-Main,20,3,390,53
2026-07-30,PROD0011,Lahore-Hub,0,2,365,57
2026-07-30,PROD0012,Karachi-Main,0,3,123,59
2026-07-30,PROD0013,Karachi-Main,0,3,445,59
2026-07-30,PROD0014,Karachi-Main,0,3,315,32
2026-07-30,PROD0015,Karachi-Main,0,3,130,47
2026-07-30,PROD0016,Lahore-Hub,0,4,75,22
2026-07-30,PROD0017,Lahore-Hub,0,6,488,49
2026-07-30,PROD0018,Lahore-Hub,20,2,123,57
2026-07-30,PROD0019,Lahore-Hub,0,3,245,55
2026-07-30,PROD0020,Karachi-Main,0,5,146,38
2026-07-30,PROD0021,Karachi-Main,0,1,176,54
2026-07-30,PROD0022,Lahore-Hub,0,4,465,49
2026-07-30,PROD0023,Lahore-Hub,0,3,349,22
2026-07-30,PROD0024,Lahore-Hub,0,6,344,38
2026-07-30,PROD0025,Karachi-Main,0,3,164,41
2026-07-30,PROD0026,Lahore-Hub,0,1,568,21
2026-07-30,PROD0027,Karachi-Main,0,4,265,46
2026-07-30,PROD0028,Lahore-Hub,0,3,624,57
2026-07-30,PROD0029,Karachi-Main,0,2,376,60
2026-07-30,PROD0030,Karachi-Main,0,4,146,24
2026-07-30,PROD0031,Karachi-Main,0,6,234,50
2026-07-30,PROD0032,Karachi-Main,0,3,351,46
2026-07-30,PROD0033,Lahore-Hub,0,6,368,49
2026-07-30,PROD0034,Karachi-Main,0,5,104,58
2026-07-30,PROD0035,Lahore-Hub,100,2,407,56
2026-07-30,PROD0036,Karachi-Main,0,4,537,34
2026-07-30,PROD0037,Lahore-Hub,0,1,435,40
2026-07-30,PROD0038,Lahore-Hub,0,4,512,57
2026-07-30,PROD0039,Karachi-Main,0,1,398,34
2026-07-30,PROD0040,Karachi-Main,100,2,323,48
2026-07-30,PROD0041,Lahore-Hub,100,5,197,36
2026-07-30,PROD0042,Lahore-Hub,0,1,79,39
2026-07-30,PROD0043,Lahore-Hub,0,4,417,22
2026-07-30,PROD0044,Karachi-Main,0,1,470,34
2026-07-30,PROD0045,Karachi-Main,0,3,271,57
2026-07-30,PROD0046,Karachi-Main,0,2,353,36
2026-07-30,PROD0047,Karachi-Main,0,4,465,45
2026-07-30,PROD0048,Lahore-Hub,0,3,327,36
2026-07-30,PROD0049,Lahore-Hub,0,5,248,20
2026-07-30,PROD0050,Karachi-Main,0,6,244,53
2026-07-30,PROD0051,Lahore-Hub,0,4,105,34
2026-07-30,PROD0052,Karachi-Main,0,5,177,22
2026-07-30,PROD0053,Lahore-Hub,0,7,72,34
2026-07-30,PROD0054,Karachi-Main,50,2,225,48
2026-07-30,PROD0055,Karachi-Main,0,4,351,35
2026-07-30,PROD0056,Karachi-Main,0,6,91,45
2026-07-30,PROD0057,Lahore-Hub,0,3,139,20
2026-07-30,PROD0058,Karachi-Main,0,7,115,47
2026-07-30,PROD0059,Lahore-Hub,100,6,486,23
2026-07-30,PROD0060,Lahore-Hub,0,3,410,24
2026-07-31,PROD0001,Lahore-Hub,0,1,314,52
2026-07-31,PROD0002,Karachi-Main,0,2,340,32
2026-07-31,PROD0003,Karachi-Main,0,4,292,33
2026-07-31,PROD0004,Karachi-Main,100,4,448,29
2026-07-31,PROD0005,Lahore-Hub,0,5,489,41
2026-07-31,PROD0006,Lahore-Hub,0,4,490,52
2026-07-31,PROD0007,Karachi-Main,0,4,486,37
2026-07-31,PROD0008,Lahore-Hub,0,2,356,53
2026-07-31,PROD0009,Lahore-Hub,0,6,340,45
2026-07-31,PROD0010,Karachi-Main,0,1,389,53
2026-07-31,PROD0011,Lahore-Hub,0,1,364,57
2026-07-31,PROD0012,Lahore-Hub,0,7,116,59
2026-07-31,PROD0013,Lahore-Hub,0,3,442,59
2026-07-31,PROD0014,Lahore-Hub,0,3,312,32
2026-07-31,PROD0015,Lahore-Hub,0,1,129,47
2026-07-31,PROD0016,Karachi-Main,0,2,73,22
2026-07-31,PROD0017,Lahore-Hub,0,1,487,49
2026-07-31,PROD0018,Karachi-Main,0,1,122,57
2026-07-31,PROD0019,Lahore-Hub,0,2,243,55
2026-07-31,PROD0020,Lahore-Hub,20,3,163,38
2026-07-31,PROD0021,Lahore-Hub,0,2,174,54
2026-07-31,PROD0022,Lahore-Hub,0,7,458,49
2026-07-31,PROD0023,Lahore-Hub,0,4,345,22
2026-07-31,PROD0024,Lahore-Hub,0,4,340,38
2026-07-31,PROD0025,Karachi-Main,0,3,161,41
2026-07-31,PROD0026,Karachi-Main,0,4,564,21
2026-07-31,PROD0027,Karachi-Main,0,4,261,46
2026-07-31,PROD0028,Karachi-Main,0,7,617,57
2026-07-31,PROD0029,Lahore-Hub,0,4,372,60
2026-07-31,PROD0030,Lahore-Hub,0,4,142,24
2026-07-31,PROD0031,Lahore-Hub,0,1,233,50
2026-07-31,PROD0032,Lahore-Hub,0,1,350,46
2026-07-31,PROD0033,Karachi-Main,0,1,367,49
2026-07-31,PROD0034,Karachi-Main,0,5,99,58
2026-07-31,PROD0035,Karachi-Main,0,6,401,56
2026-07-31,PROD0036,Karachi-Main,0,3,534,34
2026-07-31,PROD0037,Karachi-Main,0,6,429,40
2026-07-31,PROD0038,Karachi-Main,0,7,505,57
2026-07-31,PROD0039,Karachi-Main,0,2,396,34
2026-07-31,PROD0040,Lahore-Hub,0,3,320,48
2026-07-31,PROD0041,Lahore-Hub,0,3,194,36
2026-07-31,PROD0042,Karachi-Main,0,2,77,39
2026-07-31,PROD0043,Lahore-Hub,0,2,415,22
2026-07-31,PROD0044,Karachi-Main,0,1,469,34
2026-07-31,PROD0045,Karachi-Main,0,2,269,57
2026-07-31,PROD0046,Karachi-Main,0,4,349,36
2026-07-31,PROD0047,Lahore-Hub,0,1,464,45
2026-07-31,PROD0048,Karachi-Main,0,5,322,36
2026-07-31,PROD0049,Lahore-Hub,0,3,245,20
2026-07-31,PROD0050,Lahore-Hub,0,3,241,53
2026-07-31,PROD0051,Lahore-Hub,0,3,102,34
2026-07-31,PROD0052,Karachi-Main,0,4,173,22
2026-07-31,PROD0053,Karachi-Main,0,0,72,34
2026-07-31,PROD0054,Karachi-Main,0,4,221,48
2026-07-31,PROD0055,Lahore-Hub,0,6,345,35
2026-07-31,PROD0056,Lahore-Hub,0,4,87,45
2026-07-31,PROD0057,Karachi-Main,0,1,138,20
2026-07-31,PROD0058,Karachi-Main,0,3,112,47
2026-07-31,PROD0059,Lahore-Hub,0,0,486,23
2026-07-31,PROD0060,Karachi-Main,0,5,405,24
2026-08-01,PROD0001,Lahore-Hub,0,3,311,52
2026-08-01,PROD0002,Lahore-Hub,0,2,338,32
2026-08-01,PROD0003,Karachi-Main,100,4,388,33
2026-08-01,PROD0004,Karachi-Main,0,4,444,29
2026-08-01,PROD0005,Karachi-Main,0,6,483,41
2026-08-01,PROD0006,Lahore-Hub,50,3,537,52
2026-08-01,PROD0007,Lahore-Hub,0,2,484,37
2026-08-01,PROD0008,Lahore-Hub,0,0,356,53
2026-08-01,PROD0009,Karachi-Main,0,3,337,45
2026-08-01,PROD0010,Karachi-Main,0,3,386,53
2026-08-01,PROD0011,Karachi-Main,0,4,360,57
2026-08-01,PROD0012,Karachi-Main,0,3,113,59
2026-08-01,PROD0013,Lahore-Hub,0,4,438,59
2026-08-01,PROD0014,Karachi-Main,0,1,311,32
2026-08-01,PROD0015,Karachi-Main,0,0,129,47
2026-08-01,PROD0016,Karachi-Main,0,3,70,22
2026-08-01,PROD0017,Karachi-Main,0,2,485,49
2026-08-01,PROD0018,Karachi-Main,0,3,119,57
2026-08-01,PROD0019,Karachi-Main,0,2,241,55
2026-08-01,PROD0020,Karachi-Main,0,3,160,38
2026-08-01,PROD0021,Lahore-Hub,0,3,171,54
2026-08-01,PROD0022,Karachi-Main,0,0,458,49
2026-08-01,PROD0023,Karachi-Main,0,1,344,22
2026-08-01,PROD0024,Lahore-Hub,0,2,338,38
2026-08-01,PROD0025,Karachi-Main,20,4,177,41
2026-08-01,PROD0026,Karachi-Main,0,3,561,21
2026-08-01,PROD0027,Karachi-Main,0,0,261,46
2026-08-01,PROD0028,Karachi-Main,0,5,612,57
2026-08-01,PROD0029,Lahore-Hub,0,3,369,60
2026-08-01,PROD0030,Karachi-Main,0,2,140,24
2026-08-01,PROD0031,Lahore-Hub,0,2,231,50
2026-08-01,PROD0032,Karachi-Main,0,2,348,46
2026-08-01,PROD0033,Karachi-Main,0,1,366,49
2026-08-01,PROD0034,Lahore-Hub,0,0,99,58
2026-08-01,PROD0035,Lahore-Hub,0,5,396,56
2026-08-01,PROD0036,Lahore-Hub,0,5,529,34
2026-08-01,PROD0037,Lahore-Hub,0,0,429,40
2026-08-01,PROD0038,Karachi-Main,0,1,504,57
2026-08-01,PROD0039,Karachi-Main,0,2,394,34
2026-08-01,PROD0040,Karachi-Main,100,2,418,48
2026-08-01,PROD0041,Karachi-Main,0,4,190,36
2026-08-01,PROD0042,Karachi-Main,0,2,75,39
2026-08-01,PROD0043,Lahore-Hub,20,5,430,22
2026-08-01,PROD0044,Karachi-Main,0,3,466,34
2026-08-01,PROD0045,Lahore-Hub,0,2,267,57
2026-08-01,PROD0046,Karachi-Main,0,4,345,36
2026-08-01,PROD0047,Karachi-Main,0,4,460,45
2026-08-01,PROD0048,Karachi-Main,0,2,320,36
2026-08-01,PROD0049,Karachi-Main,0,0,245,20
2026-08-01,PROD0050,Lahore-Hub,0,5,236,53
2026-08-01,PROD0051,Lahore-Hub,0,2,100,34
2026-08-01,PROD0052,Karachi-Main,0,3,170,22
2026-08-01,PROD0053,Lahore-Hub,0,0,72,34
2026-08-01,PROD0054,Karachi-Main,0,5,216,48
2026-08-01,PROD0055,Lahore-Hub,0,3,342,35
2026-08-01,PROD0056,Karachi-Main,0,3,84,45
2026-08-01,PROD0057,Karachi-Main,0,1,137,20
2026-08-01,PROD0058,Karachi-Main,0,6,106,47
2026-08-01,PROD0059,Lahore-Hub,0,2,484,23
2026-08-01,PROD0060,Lahore-Hub,50,4,451,24
2026-08-02,PROD0001,Karachi-Main,0,3,308,52
2026-08-02,PROD0002,Lahore-Hub,0,1,337,32
2026-08-02,PROD0003,Karachi-Main,0,3,385,33
2026-08-02,PROD0004,Lahore-Hub,0,3,441,29
2026-08-02,PROD0005,Karachi-Main,0,1,482,41
2026-08-02,PROD0006,Karachi-Main,0,5,532,52
2026-08-02,PROD0007,Lahore-Hub,0,2,482,37
2026-08-02,PROD0008,Lahore-Hub,0,8,348,53
2026-08-02,PROD0009,Karachi-Main,0,5,332,45
2026-08-02,PROD0010,Karachi-Main,0,3,383,53
2026-08-02,PROD0011,Karachi-Main,0,2,358,57
2026-08-02,PROD0012,Lahore-Hub,0,0,113,59
2026-08-02,PROD0013,Karachi-Main,0,2,436,59
2026-08-02,PROD0014,Lahore-Hub,0,6,305,32
2026-08-02,PROD0015,Karachi-Main,0,4,125,47
2026-08-02,PROD0016,Karachi-Main,0,3,67,22
2026-08-02,PROD0017,Lahore-Hub,0,4,481,49
2026-08-02,PROD0018,Karachi-Main,0,2,117,57
2026-08-02,PROD0019,Karachi-Main,0,2,239,55
2026-08-02,PROD0020,Lahore-Hub,0,2,158,38
2026-08-02,PROD0021,Karachi-Main,0,3,168,54
2026-08-02,PROD0022,Lahore-Hub,0,3,455,49
2026-08-02,PROD0023,Karachi-Main,0,5,339,22
2026-08-02,PROD0024,Karachi-Main,0,5,333,38
2026-08-02,PROD0025,Lahore-Hub,0,2,175,41
2026-08-02,PROD0026,Lahore-Hub,0,0,561,21
2026-08-02,PROD0027,Lahore-Hub,0,1,260,46
2026-08-02,PROD0028,Lahore-Hub,0,3,609,57
2026-08-02,PROD0029,Karachi-Main,0,2,367,60
2026-08-02,PROD0030,Lahore-Hub,50,5,185,24
2026-08-02,PROD0031,Karachi-Main,0,2,229,50
2026-08-02,PROD0032,Karachi-Main,0,2,346,46
2026-08-02,PROD0033,Karachi-Main,0,5,361,49
2026-08-02,PROD0034,Lahore-Hub,0,7,92,58
2026-08-02,PROD0035,Lahore-Hub,0,4,392,56
2026-08-02,PROD0036,Lahore-Hub,0,5,524,34
2026-08-02,PROD0037,Karachi-Main,0,3,426,40
2026-08-02,PROD0038,Karachi-Main,0,5,499,57
2026-08-02,PROD0039,Karachi-Main,0,2,392,34
2026-08-02,PROD0040,Karachi-Main,50,6,462,48
2026-08-02,PROD0041,Karachi-Main,0,2,188,36
2026-08-02,PROD0042,Lahore-Hub,20,1,94,39
2026-08-02,PROD0043,Karachi-Main,0,1,429,22
2026-08-02,PROD0044,Karachi-Main,0,8,458,34
2026-08-02,PROD0045,Karachi-Main,0,5,262,57
2026-08-02,PROD0046,Lahore-Hub,0,4,341,36
2026-08-02,PROD0047,Karachi-Main,0,1,459,45
2026-08-02,PROD0048,Karachi-Main,0,6,314,36
2026-08-02,PROD0049,Karachi-Main,0,1,244,20
2026-08-02,PROD0050,Karachi-Main,0,5,231,53
2026-08-02,PROD0051,Karachi-Main,0,2,98,34
2026-08-02,PROD0052,Karachi-Main,0,6,164,22
2026-08-02,PROD0053,Lahore-Hub,0,3,69,34
2026-08-02,PROD0054,Lahore-Hub,0,6,210,48
2026-08-02,PROD0055,Lahore-Hub,0,3,339,35
2026-08-02,PROD0056,Lahore-Hub,50,6,128,45
2026-08-02,PROD0057,Lahore-Hub,0,5,132,20
2026-08-02,PROD0058,Lahore-Hub,0,1,105,47
2026-08-02,PROD0059,Lahore-Hub,0,3,481,23
2026-08-02,PROD0060,Karachi-Main,0,3,448,24
2026-08-03,PROD0001,Lahore-Hub,0,2,306,52
2026-08-03,PROD0002,Lahore-Hub,0,4,333,32
2026-08-03,PROD0003,Lahore-Hub,0,2,383,33
2026-08-03,PROD0004,Lahore-Hub,0,4,437,29
2026-08-03,PROD0005,Lahore-Hub,0,4,478,41
2026-08-03,PROD0006,Lahore-Hub,0,0,532,52
2026-08-03,PROD0007,Lahore-Hub,0,4,478,37
2026-08-03,PROD0008,Karachi-Main,0,2,346,53
2026-08-03,PROD0009,Karachi-Main,0,3,329,45
2026-08-03,PROD0010,Lahore-Hub,0,3,380,53
2026-08-03,PROD0011,Lahore-Hub,0,2,356,57
2026-08-03,PROD0012,Karachi-Main,0,0,113,59
2026-08-03,PROD0013,Lahore-Hub,0,1,435,59
2026-08-03,PROD0014,Lahore-Hub,0,5,300,32
2026-08-03,PROD0015,Karachi-Main,0,4,121,47
2026-08-03,PROD0016,Lahore-Hub,0,2,65,22
2026-08-03,PROD0017,Lahore-Hub,0,1,480,49
2026-08-03,PROD0018,Lahore-Hub,0,1,116,57
2026-08-03,PROD0019,Karachi-Main,0,3,236,55
2026-08-03,PROD0020,Lahore-Hub,0,3,155,38
2026-08-03,PROD0021,Lahore-Hub,0,3,165,54
2026-08-03,PROD0022,Karachi-Main,0,5,450,49
2026-08-03,PROD0023,Lahore-Hub,0,4,335,22
2026-08-03,PROD0024,Lahore-Hub,0,3,330,38
2026-08-03,PROD0025,Lahore-Hub,20,0,195,41
2026-08-03,PROD0026,Lahore-Hub,0,7,554,21
2026-08-03,PROD0027,Karachi-Main,0,3,257,46
2026-08-03,PROD0028,Lahore-Hub,0,4,605,57
2026-08-03,PROD0029,Lahore-Hub,0,4,363,60
2026-08-03,PROD0030,Lahore-Hub,0,4,181,24
2026-08-03,PROD0031,Karachi-Main,0,1,228,50
2026-08-03,PROD0032,Lahore-Hub,0,4,342,46
2026-08-03,PROD0033,Karachi-Main,0,3,358,49
2026-08-03,PROD0034,Karachi-Main,0,4,88,58
2026-08-03,PROD0035,Lahore-Hub,0,2,390,56
2026-08-03,PROD0036,Karachi-Main,0,5,519,34
2026-08-03,PROD0037,Karachi-Main,0,3,423,40
2026-08-03,PROD0038,Lahore-Hub,0,1,498,57
2026-08-03,PROD0039,Karachi-Main,0,4,388,34
2026-08-03,PROD0040,Lahore-Hub,0,6,456,48
2026-08-03,PROD0041,Lahore-Hub,0,1,187,36
2026-08-03,PROD0042,Lahore-Hub,0,3,91,39
2026-08-03,PROD0043,Lahore-Hub,0,2,427,22
2026-08-03,PROD0044,Karachi-Main,0,6,452,34
2026-08-03,PROD0045,Karachi-Main,0,1,261,57
2026-08-03,PROD0046,Lahore-Hub,0,4,337,36
2026-08-03,PROD0047,Lahore-Hub,0,2,457,45
2026-08-03,PROD0048,Karachi-Main,0,5,309,36
2026-08-03,PROD0049,Karachi-Main,0,2,242,20
2026-08-03,PROD0050,Lahore-Hub,0,1,230,53
2026-08-03,PROD0051,Karachi-Main,0,2,96,34
2026-08-03,PROD0052,Lahore-Hub,0,5,159,22
2026-08-03,PROD0053,Karachi-Main,0,2,67,34
2026-08-03,PROD0054,Lahore-Hub,0,2,208,48
2026-08-03,PROD0055,Karachi-Main,0,3,336,35
2026-08-03,PROD0056,Lahore-Hub,0,4,124,45
2026-08-03,PROD0057,Lahore-Hub,0,2,130,20
2026-08-03,PROD0058,Karachi-Main,0,4,101,47
2026-08-03,PROD0059,Lahore-Hub,0,4,477,23
2026-08-03,PROD0060,Lahore-Hub,0,3,445,24
2026-08-04,PROD0001,Karachi-Main,0,7,299,52
2026-08-04,PROD0002,Karachi-Main,0,0,333,32
2026-08-04,PROD0003,Lahore-Hub,0,4,379,33
2026-08-04,PROD0004,Lahore-Hub,0,5,432,29
2026-08-04,PROD0005,Lahore-Hub,0,3,475,41
2026-08-04,PROD0006,Lahore-Hub,0,0,532,52
2026-08-04,PROD0007,Karachi-Main,0,5,473,37
2026-08-04,PROD0008,Lahore-Hub,0,4,342,53
2026-08-04,PROD0009,Lahore-Hub,0,1,328,45
2026-08-04,PROD0010,Lahore-Hub,0,0,380,53
2026-08-04,PROD0011,Lahore-Hub,0,3,353,57
2026-08-04,PROD0012,Karachi-Main,0,4,109,59
2026-08-04,PROD0013,Lahore-Hub,0,4,431,59
2026-08-04,PROD0014,Lahore-Hub,0,1,299,32
2026-08-04,PROD0015,Lahore-Hub,0,2,119,47
2026-08-04,PROD0016,Karachi-Main,0,1,64,22
2026-08-04,PROD0017,Karachi-Main,0,1,479,49
2026-08-04,PROD0018,Lahore-Hub,0,0,116,57
2026-08-04,PROD0019,Karachi-Main,0,4,232,55
2026-08-04,PROD0020,Karachi-Main,0,3,152,38
2026-08-04,PROD0021,Lahore-Hub,0,1,164,54
2026-08-04,PROD0022,Karachi-Main,0,5,445,49
2026-08-04,PROD0023,Lahore-Hub,0,5,330,22
2026-08-04,PROD0024,Lahore-Hub,0,3,327,38
2026-08-04,PROD0025,Karachi-Main,0,7,188,41
2026-08-04,PROD0026,Lahore-Hub,0,1,553,21
2026-08-04,PROD0027,Karachi-Main,0,3,254,46
2026-08-04,PROD0028,Karachi-Main,0,5,600,57
2026-08-04,PROD0029,Karachi-Main,0,2,361,60
2026-08-04,PROD0030,Lahore-Hub,0,2,179,24
2026-08-04,PROD0031,Karachi-Main,0,2,226,50
2026-08-04,PROD0032,Karachi-Main,0,5,337,46
2026-08-04,PROD0033,Karachi-Main,0,2,356,49
2026-08-04,PROD0034,Lahore-Hub,100,1,187,58
2026-08-04,PROD0035,Karachi-Main,0,3,387,56
2026-08-04,PROD0036,Lahore-Hub,0,3,516,34
2026-08-04,PROD0037,Lahore-Hub,0,1,422,40
2026-08-04,PROD0038,Karachi-Main,0,5,493,57
2026-08-04,PROD0039,Karachi-Main,0,2,386,34
2026-08-04,PROD0040,Karachi-Main,0,4,452,48
2026-08-04,PROD0041,Karachi-Main,0,5,182,36
2026-08-04,PROD0042,Lahore-Hub,0,4,87,39
2026-08-04,PROD0043,Karachi-Main,0,5,422,22
2026-08-04,PROD0044,Karachi-Main,0,4,448,34
2026-08-04,PROD0045,Karachi-Main,0,4,257,57
2026-08-04,PROD0046,Karachi-Main,0,2,335,36
2026-08-04,PROD0047,Lahore-Hub,0,6,451,45
2026-08-04,PROD0048,Karachi-Main,0,0,309,36
2026-08-04,PROD0049,Karachi-Main,0,1,241,20
2026-08-04,PROD0050,Karachi-Main,0,0,230,53
2026-08-04,PROD0051,Lahore-Hub,0,2,94,34
2026-08-04,PROD0052,Karachi-Main,50,1,208,22
2026-08-04,PROD0053,Karachi-Main,0,2,65,34
2026-08-04,PROD0054,Karachi-Main,0,8,200,48
2026-08-04,PROD0055,Lahore-Hub,0,5,331,35
2026-08-04,PROD0056,Lahore-Hub,0,2,122,45
2026-08-04,PROD0057,Karachi-Main,0,1,129,20
2026-08-04,PROD0058,Lahore-Hub,0,2,99,47
2026-08-04,PROD0059,Lahore-Hub,0,5,472,23
2026-08-04,PROD0060,Karachi-Main,0,5,440,24
2026-08-05,PROD0001,Karachi-Main,0,2,297,52
2026-08-05,PROD0002,Karachi-Main,0,4,329,32
2026-08-05,PROD0003,Lahore-Hub,0,1,378,33
2026-08-05,PROD0004,Karachi-Main,0,1,431,29
2026-08-05,PROD0005,Karachi-Main,0,1,474,41
2026-08-05,PROD0006,Lahore-Hub,0,5,527,52
2026-08-05,PROD0007,Karachi-Main,0,2,471,37
2026-08-05,PROD0008,Lahore-Hub,0,4,338,53
2026-08-05,PROD0009,Karachi-Main,20,4,344,45
2026-08-05,PROD0010,Lahore-Hub,0,5,375,53
2026-08-05,PROD0011,Lahore-Hub,0,4,349,57
2026-08-05,PROD0012,Lahore-Hub,0,3,106,59
2026-08-05,PROD0013,Lahore-Hub,0,3,428,59
2026-08-05,PROD0014,Karachi-Main,0,3,296,32
2026-08-05,PROD0015,Lahore-Hub,0,5,114,47
2026-08-05,PROD0016,Karachi-Main,20,4,80,22
2026-08-05,PROD0017,Lahore-Hub,0,3,476,49
2026-08-05,PROD0018,Karachi-Main,0,2,114,57
2026-08-05,PROD0019,Karachi-Main,0,4,228,55
2026-08-05,PROD0020,Karachi-Main,0,5,147,38
2026-08-05,PROD0021,Lahore-Hub,0,1,163,54
2026-08-05,PROD0022,Lahore-Hub,0,5,440,49
2026-08-05,PROD0023,Lahore-Hub,0,5,325,22
2026-08-05,PROD0024,Lahore-Hub,0,2,325,38
2026-08-05,PROD0025,Lahore-Hub,20,2,206,41
2026-08-05,PROD0026,Lahore-Hub,0,2,551,21
2026-08-05,PROD0027,Lahore-Hub,0,2,252,46
2026-08-05,PROD0028,Karachi-Main,0,4,596,57
2026-08-05,PROD0029,Karachi-Main,0,3,358,60
2026-08-05,PROD0030,Lahore-Hub,0,1,178,24
2026-08-05,PROD0031,Karachi-Main,100,5,321,50
2026-08-05,PROD0032,Lahore-Hub,100,2,435,46
2026-08-05,PROD0033,Karachi-Main,0,3,353,49
2026-08-05,PROD0034,Karachi-Main,0,0,187,58
2026-08-05,PROD0035,Lahore-Hub,0,1,386,56
2026-08-05,PROD0036,Karachi-Main,0,3,513,34
2026-08-05,PROD0037,Lahore-Hub,0,2,420,40
2026-08-05,PROD0038,Lahore-Hub,0,2,491,57
2026-08-05,PROD0039,Karachi-Main,0,3,383,34
2026-08-05,PROD0040,Karachi-Main,0,2,450,48
2026-08-05,PROD0041,Karachi-Main,0,3,179,36
2026-08-05,PROD0042,Lahore-Hub,0,5,82,39
2026-08-05,PROD0043,Lahore-Hub,0,3,419,22
2026-08-05,PROD0044,Karachi-Main,0,5,443,34
2026-08-05,PROD0045,Lahore-Hub,0,4,253,57
2026-08-05,PROD0046,Karachi-Main,0,4,331,36
2026-08-05,PROD0047,Karachi-Main,0,4,447,45
2026-08-05,PROD0048,Karachi-Main,0,2,307,36
2026-08-05,PROD0049,Lahore-Hub,100,2,339,20
2026-08-05,PROD0050,Lahore-Hub,0,5,225,53
2026-08-05,PROD0051,Karachi-Main,0,5,89,34
2026-08-05,PROD0052,Karachi-Main,0,1,207,22
2026-08-05,PROD0053,Karachi-Main,0,3,62,34
2026-08-05,PROD0054,Karachi-Main,0,8,192,48
2026-08-05,PROD0055,Karachi-Main,0,3,328,35
2026-08-05,PROD0056,Karachi-Main,0,6,116,45
2026-08-05,PROD0057,Karachi-Main,0,1,128,20
2026-08-05,PROD0058,Lahore-Hub,0,3,96,47
2026-08-05,PROD0059,Lahore-Hub,0,2,470,23
2026-08-05,PROD0060,Karachi-Main,0,1,439,24
2026-08-06,PROD0001,Karachi-Main,0,2,295,52
2026-08-06,PROD0002,Lahore-Hub,0,3,326,32
2026-08-06,PROD0003,Lahore-Hub,0,4,374,33
2026-08-06,PROD0004,Lahore-Hub,0,2,429,29
2026-08-06,PROD0005,Lahore-Hub,0,2,472,41
2026-08-06,PROD0006,Lahore-Hub,0,3,524,52
2026-08-06,PROD0007,Karachi-Main,0,5,466,37
2026-08-06,PROD0008,Karachi-Main,0,3,335,53
2026-08-06,PROD0009,Karachi-Main,50,3,391,45
2026-08-06,PROD0010,Lahore-Hub,0,2,373,53
2026-08-06,PROD0011,Lahore-Hub,0,1,348,57
2026-08-06,PROD0012,Lahore-Hub,0,3,103,59
2026-08-06,PROD0013,Karachi-Main,0,4,424,59
2026-08-06,PROD0014,Lahore-Hub,0,2,294,32
2026-08-06,PROD0015,Lahore-Hub,0,1,113,47
2026-08-06,PROD0016,Karachi-Main,0,5,75,22
2026-08-06,PROD0017,Karachi-Main,0,2,474,49
2026-08-06,PROD0018,Lahore-Hub,0,2,112,57
2026-08-06,PROD0019,Lahore-Hub,0,5,223,55
2026-08-06,PROD0020,Lahore-Hub,0,1,146,38
2026-08-06,PROD0021,Lahore-Hub,0,3,160,54
2026-08-06,PROD0022,Karachi-Main,0,6,434,49
2026-08-06,PROD0023,Lahore-Hub,0,4,321,22
2026-08-06,PROD0024,Karachi-Main,0,6,319,38
2026-08-06,PROD0025,Lahore-Hub,0,0,206,41
2026-08-06,PROD0026,Karachi-Main,0,3,548,21
2026-08-06,PROD0027,Lahore-Hub,0,5,247,46
2026-08-06,PROD0028,Lahore-Hub,0,3,593,57
2026-08-06,PROD0029,Lahore-Hub,0,4,354,60
2026-08-06,PROD0030,Karachi-Main,0,1,177,24
2026-08-06,PROD0031,Lahore-Hub,0,7,314,50
2026-08-06,PROD0032,Lahore-Hub,0,2,433,46
2026-08-06,PROD0033,Karachi-Main,0,4,349,49
2026-08-06,PROD0034,Lahore-Hub,0,4,183,58
2026-08-06,PROD0035,Karachi-Main,0,1,385,56
2026-08-06,PROD0036,Lahore-Hub,0,3,510,34
2026-08-06,PROD0037,Karachi-Main,0,3,417,40
2026-08-06,PROD0038,Karachi-Main,0,6,485,57
2026-08-06,PROD0039,Lahore-Hub,0,4,379,34
2026-08-06,PROD0040,Karachi-Main,0,3,447,48
2026-08-06,PROD0041,Lahore-Hub,0,3,176,36
2026-08-06,PROD0042,Karachi-Main,0,3,79,39
2026-08-06,PROD0043,Karachi-Main,0,3,416,22
2026-08-06,PROD0044,Karachi-Main,0,4,439,34
2026-08-06,PROD0045,Karachi-Main,0,3,250,57
2026-08-06,PROD0046,Lahore-Hub,0,1,330,36
2026-08-06,PROD0047,Lahore-Hub,0,4,443,45
2026-08-06,PROD0048,Karachi-Main,0,5,302,36
2026-08-06,PROD0049,Lahore-Hub,0,5,334,20
2026-08-06,PROD0050,Karachi-Main,0,3,222,53
2026-08-06,PROD0051,Lahore-Hub,0,3,86,34
2026-08-06,PROD0052,Lahore-Hub,0,5,202,22
2026-08-06,PROD0053,Karachi-Main,0,3,59,34
2026-08-06,PROD0054,Lahore-Hub,0,2,190,48
2026-08-06,PROD0055,Lahore-Hub,0,3,325,35
2026-08-06,PROD0056,Lahore-Hub,0,1,115,45
2026-08-06,PROD0057,Karachi-Main,0,4,124,20
2026-08-06,PROD0058,Karachi-Main,0,5,91,47
2026-08-06,PROD0059,Karachi-Main,0,3,467,23
2026-08-06,PROD0060,Karachi-Main,0,3,436,24
2026-08-07,PROD0001,Karachi-Main,0,1,294,52
2026-08-07,PROD0002,Karachi-Main,0,2,324,32
2026-08-07,PROD0003,Karachi-Main,0,2,372,33
2026-08-07,PROD0004,Karachi-Main,0,6,423,29
2026-08-07,PROD0005,Karachi-Main,0,5,467,41
2026-08-07,PROD0006,Karachi-Main,0,4,520,52
2026-08-07,PROD0007,Karachi-Main,0,6,460,37
2026-08-07,PROD0008,Karachi-Main,0,4,331,53
2026-08-07,PROD0009,Karachi-Main,0,1,390,45
2026-08-07,PROD0010,Karachi-Main,0,6,367,53
2026-08-07,PROD0011,Karachi-Main,0,2,346,57
2026-08-07,PROD0012,Karachi-Main,0,2,101,59
2026-08-07,PROD0013,Karachi-Main,0,3,421,59
2026-08-07,PROD0014,Lahore-Hub,0,5,289,32
2026-08-07,PROD0015,Karachi-Main,0,3,110,47
2026-08-07,PROD0016,Karachi-Main,20,3,92,22
2026-08-07,PROD0017,Lahore-Hub,0,1,473,49
2026-08-07,PROD0018,Lahore-Hub,0,2,110,57
2026-08-07,PROD0019,Lahore-Hub,0,3,220,55
2026-08-07,PROD0020,Lahore-Hub,0,1,145,38
2026-08-07,PROD0021,Lahore-Hub,0,1,159,54
2026-08-07,PROD0022,Lahore-Hub,0,4,430,49
2026-08-07,PROD0023,Karachi-Main,0,2,319,22
2026-08-07,PROD0024,Karachi-Main,0,4,315,38
2026-08-07,PROD0025,Karachi-Main,0,4,202,41
2026-08-07,PROD0026,Lahore-Hub,0,1,547,21
2026-08-07,PROD0027,Lahore-Hub,0,3,244,46
2026-08-07,PROD0028,Karachi-Main,0,3,590,57
2026-08-07,PROD0029,Karachi-Main,0,1,353,60
2026-08-07,PROD0030,Karachi-Main,0,3,174,24
2026-08-07,PROD0031,Lahore-Hub,0,2,312,50
2026-08-07,PROD0032,Lahore-Hub,0,5,428,46
2026-08-07,PROD0033,Karachi-Main,0,5,344,49
2026-08-07,PROD0034,Karachi-Main,0,6,177,58
2026-08-07,PROD0035,Karachi-Main,0,3,382,56
2026-08-07,PROD0036,Lahore-Hub,0,2,508,34
2026-08-07,PROD0037,Lahore-Hub,0,1,416,40
2026-08-07,PROD0038,Lahore-Hub,0,2,483,57
2026-08-07,PROD0039,Lahore-Hub,20,1,398,34
2026-08-07,PROD0040,Karachi-Main,0,3,444,48
2026-08-07,PROD0041,Karachi-Main,0,4,172,36
2026-08-07,PROD0042,Karachi-Main,100,4,175,39
2026-08-07,PROD0043,Karachi-Main,0,1,415,22
2026-08-07,PROD0044,Karachi-Main,0,1,438,34
2026-08-07,PROD0045,Karachi-Main,0,5,245,57
2026-08-07,PROD0046,Karachi-Main,0,3,327,36
2026-08-07,PROD0047,Lahore-Hub,0,0,443,45
2026-08-07,PROD0048,Lahore-Hub,0,8,294,36
2026-08-07,PROD0049,Karachi-Main,0,2,332,20
2026-08-07,PROD0050,Karachi-Main,0,5,217,53
2026-08-07,PROD0051,Karachi-Main,0,3,83,34
2026-08-07,PROD0052,Karachi-Main,0,2,200,22
2026-08-07,PROD0053,Lahore-Hub,20,7,72,34
2026-08-07,PROD0054,Karachi-Main,0,0,190,48
2026-08-07,PROD0055,Karachi-Main,0,3,322,35
2026-08-07,PROD0056,Karachi-Main,0,4,111,45
2026-08-07,PROD0057,Karachi-Main,0,4,120,20
2026-08-07,PROD0058,Lahore-Hub,0,4,87,47
2026-08-07,PROD0059,Lahore-Hub,0,8,459,23
2026-08-07,PROD0060,Lahore-Hub,0,4,432,24
2026-08-08,PROD0001,Karachi-Main,0,2,292,52
2026-08-08,PROD0002,Karachi-Main,0,1,323,32
2026-08-08,PROD0003,Lahore-Hub,0,2,370,33
2026-08-08,PROD0004,Karachi-Main,0,0,423,29
2026-08-08,PROD0005,Karachi-Main,0,4,463,41
2026-08-08,PROD0006,Lahore-Hub,0,3,517,52
2026-08-08,PROD0007,Lahore-Hub,100,1,559,37
2026-08-08,PROD0008,Karachi-Main,20,3,348,53
2026-08-08,PROD0009,Karachi-Main,0,6,384,45
2026-08-08,PROD0010,Lahore-Hub,0,4,363,53
2026-08-08,PROD0011,Lahore-Hub,0,1,345,57
2026-08-08,PROD0012,Karachi-Main,0,1,100,59
2026-08-08,PROD0013,Karachi-Main,0,3,418,59
2026-08-08,PROD0014,Lahore-Hub,0,3,286,32
2026-08-08,PROD0015,Karachi-Main,0,7,103,47
2026-08-08,PROD0016,Lahore-Hub,0,5,87,22
2026-08-08,PROD0017,Lahore-Hub,0,7,466,49
2026-08-08,PROD0018,Karachi-Main,0,3,107,57
2026-08-08,PROD0019,Lahore-Hub,0,2,218,55
2026-08-08,PROD0020,Karachi-Main,0,4,141,38
2026-08-08,PROD0021,Karachi-Main,0,2,157,54
2026-08-08,PROD0022,Karachi-Main,0,6,424,49
2026-08-08,PROD0023,Lahore-Hub,100,3,416,22
2026-08-08,PROD0024,Lahore-Hub,0,1,314,38
2026-08-08,PROD0025,Karachi-Main,0,2,200,41
2026-08-08,PROD0026,Lahore-Hub,0,6,541,21
2026-08-08,PROD0027,Lahore-Hub,0,4,240,46
2026-08-08,PROD0028,Lahore-Hub,0,3,587,57
2026-08-08,PROD0029,Karachi-Main,0,4,349,60
2026-08-08,PROD0030,Karachi-Main,0,3,171,24
2026-08-08,PROD0031,Lahore-Hub,0,4,308,50
2026-08-08,PROD0032,Karachi-Main,0,2,426,46
2026-08-08,PROD0033,Karachi-Main,0,7,337,49
2026-08-08,PROD0034,Karachi-Main,0,3,174,58
2026-08-08,PROD0035,Karachi-Main,0,4,378,56
2026-08-08,PROD0036,Lahore-Hub,0,6,502,34
2026-08-08,PROD0037,Lahore-Hub,0,4,412,40
2026-08-08,PROD0038,Lahore-Hub,0,2,481,57
2026-08-08,PROD0039,Karachi-Main,0,6,392,34
2026-08-08,PROD0040,Karachi-Main,0,2,442,48
2026-08-08,PROD0041,Karachi-Main,0,3,169,36
2026-08-08,PROD0042,Karachi-Main,0,2,173,39
2026-08-08,PROD0043,Karachi-Main,0,4,411,22
2026-08-08,PROD0044,Lahore-Hub,0,6,432,34
2026-08-08,PROD0045,Karachi-Main,20,2,263,57
2026-08-08,PROD0046,Karachi-Main,0,2,325,36
2026-08-08,PROD0047,Karachi-Main,0,6,437,45
2026-08-08,PROD0048,Karachi-Main,0,2,292,36
2026-08-08,PROD0049,Lahore-Hub,0,1,331,20
2026-08-08,PROD0050,Karachi-Main,0,6,211,53
2026-08-08,PROD0051,Karachi-Main,0,4,79,34
2026-08-08,PROD0052,Lahore-Hub,0,4,196,22
2026-08-08,PROD0053,Karachi-Main,0,2,70,34
2026-08-08,PROD0054,Lahore-Hub,0,1,189,48
2026-08-08,PROD0055,Karachi-Main,0,4,318,35
2026-08-08,PROD0056,Lahore-Hub,0,5,106,45
2026-08-08,PROD0057,Lahore-Hub,0,5,115,20
2026-08-08,PROD0058,Lahore-Hub,20,2,105,47
2026-08-08,PROD0059,Lahore-Hub,0,2,457,23
2026-08-08,PROD0060,Karachi-Main,0,3,429,24
2026-08-09,PROD0001,Lahore-Hub,50,7,335,52
2026-08-09,PROD0002,Lahore-Hub,0,3,320,32
2026-08-09,PROD0003,Lahore-Hub,0,5,365,33
2026-08-09,PROD0004,Lahore-Hub,100,4,519,29
2026-08-09,PROD0005,Lahore-Hub,0,2,461,41
2026-08-09,PROD0006,Karachi-Main,0,0,517,52
2026-08-09,PROD0007,Lahore-Hub,0,4,555,37
2026-08-09,PROD0008,Karachi-Main,0,0,348,53
2026-08-09,PROD0009,Lahore-Hub,0,1,383,45
2026-08-09,PROD0010,Karachi-Main,0,1,362,53
2026-08-09,PROD0011,Karachi-Main,0,6,339,57
2026-08-09,PROD0012,Karachi-Main,0,2,98,59
2026-08-09,PROD0013,Karachi-Main,0,7,411,59
2026-08-09,PROD0014,Lahore-Hub,0,4,282,32
2026-08-09,PROD0015,Lahore-Hub,0,6,97,47
2026-08-09,PROD0016,Karachi-Main,0,5,82,22
2026-08-09,PROD0017,Karachi-Main,0,1,465,49
2026-08-09,PROD0018,Lahore-Hub,0,4,103,57
2026-08-09,PROD0019,Lahore-Hub,0,3,215,55
2026-08-09,PROD0020,Karachi-Main,0,5,136,38
2026-08-09,PROD0021,Karachi-Main,0,1,156,54
2026-08-09,PROD0022,Lahore-Hub,0,3,421,49
2026-08-09,PROD0023,Karachi-Main,0,5,411,22
2026-08-09,PROD0024,Karachi-Main,0,3,311,38
2026-08-09,PROD0025,Karachi-Main,0,0,200,41
2026-08-09,PROD0026,Karachi-Main,0,2,539,21
2026-08-09,PROD0027,Lahore-Hub,0,2,238,46
2026-08-09,PROD0028,Karachi-Main,50,3,634,57
2026-08-09,PROD0029,Lahore-Hub,0,4,345,60
2026-08-09,PROD0030,Karachi-Main,0,4,167,24
2026-08-09,PROD0031,Karachi-Main,0,3,305,50
2026-08-09,PROD0032,Karachi-Main,0,0,426,46
2026-08-09,PROD0033,Lahore-Hub,0,2,335,49
2026-08-09,PROD0034,Karachi-Main,0,2,172,58
2026-08-09,PROD0035,Lahore-Hub,0,9,369,56
2026-08-09,PROD0036,Lahore-Hub,0,3,499,34
2026-08-09,PROD0037,Lahore-Hub,50,5,457,40
2026-08-09,PROD0038,Lahore-Hub,0,3,478,57
2026-08-09,PROD0039,Lahore-Hub,0,4,388,34
2026-08-09,PROD0040,Lahore-Hub,0,2,440,48
2026-08-09,PROD0041,Karachi-Main,0,0,169,36
2026-08-09,PROD0042,Karachi-Main,0,1,172,39
2026-08-09,PROD0043,Karachi-Main,0,0,411,22
2026-08-09,PROD0044,Lahore-Hub,0,2,430,34
2026-08-09,PROD0045,Karachi-Main,0,5,258,57
2026-08-09,PROD0046,Karachi-Main,0,3,322,36
2026-08-09,PROD0047,Lahore-Hub,0,3,434,45
2026-08-09,PROD0048,Lahore-Hub,0,2,290,36
2026-08-09,PROD0049,Lahore-Hub,0,1,330,20
2026-08-09,PROD0050,Karachi-Main,0,3,208,53
2026-08-09,PROD0051,Lahore-Hub,0,2,77,34
2026-08-09,PROD0052,Lahore-Hub,0,2,194,22
2026-08-09,PROD0053,Karachi-Main,0,3,67,34
2026-08-09,PROD0054,Karachi-Main,0,1,188,48
2026-08-09,PROD0055,Lahore-Hub,0,0,318,35
2026-08-09,PROD0056,Karachi-Main,0,3,103,45
2026-08-09,PROD0057,Karachi-Main,0,3,112,20
2026-08-09,PROD0058,Karachi-Main,0,5,100,47
2026-08-09,PROD0059,Lahore-Hub,100,2,555,23
2026-08-09,PROD0060,Lahore-Hub,0,3,426,24
2026-08-10,PROD0001,Lahore-Hub,0,3,332,52
2026-08-10,PROD0002,Lahore-Hub,0,2,318,32
2026-08-10,PROD0003,Lahore-Hub,0,6,359,33
2026-08-10,PROD0004,Lahore-Hub,0,5,514,29
2026-08-10,PROD0005,Lahore-Hub,0,3,458,41
2026-08-10,PROD0006,Lahore-Hub,0,1,516,52
2026-08-10,PROD0007,Karachi-Main,0,3,552,37
2026-08-10,PROD0008,Lahore-Hub,0,4,344,53
2026-08-10,PROD0009,Karachi-Main,0,2,381,45
2026-08-10,PROD0010,Lahore-Hub,0,2,360,53
2026-08-10,PROD0011,Karachi-Main,0,3,336,57
2026-08-10,PROD0012,Karachi-Main,100,2,196,59
2026-08-10,PROD0013,Lahore-Hub,0,1,410,59
2026-08-10,PROD0014,Lahore-Hub,0,1,281,32
2026-08-10,PROD0015,Lahore-Hub,0,3,94,47
2026-08-10,PROD0016,Lahore-Hub,0,3,79,22
2026-08-10,PROD0017,Lahore-Hub,0,3,462,49
2026-08-10,PROD0018,Karachi-Main,0,0,103,57
2026-08-10,PROD0019,Lahore-Hub,0,4,211,55
2026-08-10,PROD0020,Karachi-Main,0,3,133,38
2026-08-10,PROD0021,Lahore-Hub,0,5,151,54
2026-08-10,PROD0022,Karachi-Main,0,8,413,49
2026-08-10,PROD0023,Karachi-Main,0,3,408,22
2026-08-10,PROD0024,Lahore-Hub,0,2,309,38
2026-08-10,PROD0025,Lahore-Hub,0,5,195,41
2026-08-10,PROD0026,Lahore-Hub,0,3,536,21
2026-08-10,PROD0027,Lahore-Hub,0,0,238,46
2026-08-10,PROD0028,Karachi-Main,0,4,630,57
2026-08-10,PROD0029,Lahore-Hub,0,1,344,60
2026-08-10,PROD0030,Karachi-Main,0,1,166,24
2026-08-10,PROD0031,Lahore-Hub,0,2,303,50
2026-08-10,PROD0032,Lahore-Hub,100,1,525,46
2026-08-10,PROD0033,Lahore-Hub,0,3,332,49
2026-08-10,PROD0034,Karachi-Main,100,5,267,58
2026-08-10,PROD0035,Lahore-Hub,0,4,365,56
2026-08-10,PROD0036,Karachi-Main,0,3,496,34
2026-08-10,PROD0037,Karachi-Main,0,3,454,40
2026-08-10,PROD0038,Lahore-Hub,0,4,474,57
2026-08-10,PROD0039,Karachi-Main,0,3,385,34
2026-08-10,PROD0040,Lahore-Hub,0,3,437,48
2026-08-10,PROD0041,Karachi-Main,0,2,167,36
2026-08-10,PROD0042,Karachi-Main,0,3,169,39
2026-08-10,PROD0043,Lahore-Hub,0,4,407,22
2026-08-10,PROD0044,Lahore-Hub,0,2,428,34
2026-08-10,PROD0045,Karachi-Main,0,8,250,57
2026-08-10,PROD0046,Karachi-Main,0,2,320,36
2026-08-10,PROD0047,Lahore-Hub,0,1,433,45
2026-08-10,PROD0048,Karachi-Main,0,8,282,36
2026-08-10,PROD0049,Karachi-Main,0,2,328,20
2026-08-10,PROD0050,Lahore-Hub,0,3,205,53
2026-08-10,PROD0051,Karachi-Main,0,1,76,34
2026-08-10,PROD0052,Karachi-Main,0,3,191,22
2026-08-10,PROD0053,Lahore-Hub,0,6,61,34
2026-08-10,PROD0054,Lahore-Hub,100,3,285,48
2026-08-10,PROD0055,Lahore-Hub,0,2,316,35
2026-08-10,PROD0056,Karachi-Main,0,2,101,45
2026-08-10,PROD0057,Lahore-Hub,0,2,110,20
2026-08-10,PROD0058,Karachi-Main,0,4,96,47
2026-08-10,PROD0059,Lahore-Hub,0,3,552,23
2026-08-10,PROD0060,Lahore-Hub,0,1,425,24
2026-08-11,PROD0001,Karachi-Main,0,5,327,52
2026-08-11,PROD0002,Lahore-Hub,0,2,316,32
2026-08-11,PROD0003,Lahore-Hub,0,3,356,33
2026-08-11,PROD0004,Karachi-Main,0,3,511,29
2026-08-11,PROD0005,Karachi-Main,0,5,453,41
2026-08-11,PROD0006,Karachi-Main,0,4,512,52
2026-08-11,PROD0007,Lahore-Hub,0,6,546,37
2026-08-11,PROD0008,Lahore-Hub,0,4,340,53
2026-08-11,PROD0009,Karachi-Main,50,1,430,45
2026-08-11,PROD0010,Karachi-Main,0,4,356,53
2026-08-11,PROD0011,Lahore-Hub,0,2,334,57
2026-08-11,PROD0012,Lahore-Hub,0,2,194,59
2026-08-11,PROD0013,Lahore-Hub,0,5,405,59
2026-08-11,PROD0014,Lahore-Hub,0,2,279,32
2026-08-11,PROD0015,Lahore-Hub,0,2,92,47
2026-08-11,PROD0016,Lahore-Hub,0,1,78,22
2026-08-11,PROD0017,Lahore-Hub,0,4,458,49
2026-08-11,PROD0018,Lahore-Hub,0,2,101,57
2026-08-11,PROD0019,Lahore-Hub,0,4,207,55
2026-08-11,PROD0020,Lahore-Hub,0,0,133,38
2026-08-11,PROD0021,Lahore-Hub,0,3,148,54
2026-08-11,PROD0022,Lahore-Hub,0,6,407,49
2026-08-11,PROD0023,Lahore-Hub,0,3,405,22
2026-08-11,PROD0024,Karachi-Main,0,1,308,38
2026-08-11,PROD0025,Lahore-Hub,0,4,191,41
2026-08-11,PROD0026,Karachi-Main,0,0,536,21
2026-08-11,PROD0027,Karachi-Main,0,2,236,46
2026-08-11,PROD0028,Lahore-Hub,0,4,626,57
2026-08-11,PROD0029,Lahore-Hub,0,1,343,60
2026-08-11,PROD0030,Lahore-Hub,0,3,163,24
2026-08-11,PROD0031,Karachi-Main,0,5,298,50
2026-08-11,PROD0032,Lahore-Hub,0,2,523,46
2026-08-11,PROD0033,Lahore-Hub,0,1,331,49
2026-08-11,PROD0034,Lahore-Hub,20,5,282,58
2026-08-11,PROD0035,Lahore-Hub,0,1,364,56
2026-08-11,PROD0036,Lahore-Hub,0,2,494,34
2026-08-11,PROD0037,Karachi-Main,0,2,452,40
2026-08-11,PROD0038,Karachi-Main,20,2,492,57
2026-08-11,PROD0039,Karachi-Main,0,2,383,34
2026-08-11,PROD0040,Lahore-Hub,0,1,436,48
2026-08-11,PROD0041,Lahore-Hub,0,2,165,36
2026-08-11,PROD0042,Lahore-Hub,0,3,166,39
2026-08-11,PROD0043,Karachi-Main,0,3,404,22
2026-08-11,PROD0044,Lahore-Hub,0,0,428,34
2026-08-11,PROD0045,Lahore-Hub,0,5,245,57
2026-08-11,PROD0046,Lahore-Hub,0,7,313,36
2026-08-11,PROD0047,Lahore-Hub,0,3,430,45
2026-08-11,PROD0048,Lahore-Hub,0,1,281,36
2026-08-11,PROD0049,Karachi-Main,0,3,325,20
2026-08-11,PROD0050,Karachi-Main,0,1,204,53
2026-08-11,PROD0051,Lahore-Hub,0,3,73,34
2026-08-11,PROD0052,Karachi-Main,0,3,188,22
2026-08-11,PROD0053,Karachi-Main,0,1,60,34
2026-08-11,PROD0054,Karachi-Main,0,5,280,48
2026-08-11,PROD0055,Karachi-Main,0,4,312,35
2026-08-11,PROD0056,Karachi-Main,50,0,151,45
2026-08-11,PROD0057,Lahore-Hub,0,3,107,20
2026-08-11,PROD0058,Karachi-Main,0,1,95,47
2026-08-11,PROD0059,Lahore-Hub,50,11,591,23
2026-08-11,PROD0060,Karachi-Main,0,0,425,24
2026-08-12,PROD0001,Lahore-Hub,0,4,323,52
2026-08-12,PROD0002,Lahore-Hub,0,3,313,32
2026-08-12,PROD0003,Lahore-Hub,0,3,353,33
2026-08-12,PROD0004,Karachi-Main,0,0,511,29
2026-08-12,PROD0005,Lahore-Hub,0,1,452,41
2026-08-12,PROD0006,Lahore-Hub,0,4,508,52
2026-08-12,PROD0007,Lahore-Hub,0,7,539,37
2026-08-12,PROD0008,Karachi-Main,0,1,339,53
2026-08-12,PROD0009,Lahore-Hub,0,0,430,45
2026-08-12,PROD0010,Lahore-Hub,0,2,354,53
2026-08-12,PROD0011,Lahore-Hub,0,4,330,57
2026-08-12,PROD0012,Karachi-Main,0,2,192,59
2026-08-12,PROD0013,Karachi-Main,0,3,402,59
2026-08-12,PROD0014,Karachi-Main,0,3,276,32
2026-08-12,PROD0015,Lahore-Hub,0,1,91,47
2026-08-12,PROD0016,Lahore-Hub,0,3,75,22
2026-08-12,PROD0017,Karachi-Main,50,2,506,49
2026-08-12,PROD0018,Karachi-Main,0,4,97,57
2026-08-12,PROD0019,Karachi-Main,0,4,203,55
2026-08-12,PROD0020,Karachi-Main,0,2,131,38
2026-08-12,PROD0021,Lahore-Hub,0,1,147,54
2026-08-12,PROD0022,Lahore-Hub,0,3,404,49
2026-08-12,PROD0023,Lahore-Hub,0,2,403,22
2026-08-12,PROD0024,Lahore-Hub,0,5,303,38
2026-08-12,PROD0025,Karachi-Main,0,3,188,41
2026-08-12,PROD0026,Lahore-Hub,0,3,533,21
2026-08-12,PROD0027,Lahore-Hub,0,7,229,46
2026-08-12,PROD0028,Lahore-Hub,0,4,622,57
2026-08-12,PROD0029,Lahore-Hub,0,2,341,60
2026-08-12,PROD0030,Karachi-Main,0,4,159,24
2026-08-12,PROD0031,Karachi-Main,0,3,295,50
2026-08-12,PROD0032,Lahore-Hub,0,3,520,46
2026-08-12,PROD0033,Lahore-Hub,0,6,325,49
2026-08-12,PROD0034,Lahore-Hub,0,2,280,58
2026-08-12,PROD0035,Karachi-Main,0,0,364,56
2026-08-12,PROD0036,Lahore-Hub,0,3,491,34
2026-08-12,PROD0037,Karachi-Main,0,3,449,40
2026-08-12,PROD0038,Karachi-Main,0,1,491,57
2026-08-12,PROD0039,Karachi-Main,0,3,380,34
2026-08-12,PROD0040,Lahore-Hub,0,0,436,48
2026-08-12,PROD0041,Lahore-Hub,0,2,163,36
2026-08-12,PROD0042,Lahore-Hub,0,4,162,39
2026-08-12,PROD0043,Lahore-Hub,0,6,398,22
2026-08-12,PROD0044,Karachi-Main,0,3,425,34
2026-08-12,PROD0045,Karachi-Main,0,3,242,57
2026-08-12,PROD0046,Karachi-Main,0,0,313,36
2026-08-12,PROD0047,Karachi-Main,0,7,423,45
2026-08-12,PROD0048,Lahore-Hub,0,3,278,36
2026-08-12,PROD0049,Lahore-Hub,0,4,321,20
2026-08-12,PROD0050,Karachi-Main,0,5,199,53
2026-08-12,PROD0051,Lahore-Hub,0,2,71,34
2026-08-12,PROD0052,Karachi-Main,0,0,188,22
2026-08-12,PROD0053,Lahore-Hub,0,1,59,34
2026-08-12,PROD0054,Karachi-Main,0,1,279,48
2026-08-12,PROD0055,Lahore-Hub,0,2,310,35
2026-08-12,PROD0056,Karachi-Main,0,2,149,45
2026-08-12,PROD0057,Lahore-Hub,0,3,104,20
2026-08-12,PROD0058,Karachi-Main,0,2,93,47
2026-08-12,PROD0059,Lahore-Hub,0,3,588,23
2026-08-12,PROD0060,Karachi-Main,0,3,422,24
2026-08-13,PROD0001,Karachi-Main,0,6,317,52
2026-08-13,PROD0002,Karachi-Main,0,4,309,32
2026-08-13,PROD0003,Lahore-Hub,0,4,349,33
2026-08-13,PROD0004,Karachi-Main,0,1,510,29
2026-08-13,PROD0005,Karachi-Main,0,0,452,41
2026-08-13,PROD0006,Karachi-Main,0,4,504,52
2026-08-13,PROD0007,Karachi-Main,0,2,537,37
2026-08-13,PROD0008,Lahore-Hub,0,7,332,53
2026-08-13,PROD0009,Karachi-Main,0,3,427,45
2026-08-13,PROD0010,Karachi-Main,0,1,353,53
2026-08-13,PROD0011,Karachi-Main,0,1,329,57
2026-08-13,PROD0012,Lahore-Hub,20,4,208,59
2026-08-13,PROD0013,Karachi-Main,0,3,399,59
2026-08-13,PROD0014,Karachi-Main,0,4,272,32
2026-08-13,PROD0015,Karachi-Main,0,3,88,47
2026-08-13,PROD0016,Lahore-Hub,0,2,73,22
2026-08-13,PROD0017,Karachi-Main,0,0,506,49
2026-08-13,PROD0018,Karachi-Main,0,1,96,57
2026-08-13,PROD0019,Lahore-Hub,0,3,200,55
2026-08-13,PROD0020,Karachi-Main,0,3,128,38
2026-08-13,PROD0021,Lahore-Hub,0,3,144,54
2026-08-13,PROD0022,Karachi-Main,0,1,403,49
2026-08-13,PROD0023,Lahore-Hub,0,6,397,22
2026-08-13,PROD0024,Karachi-Main,0,2,301,38
2026-08-13,PROD0025,Lahore-Hub,0,2,186,41
2026-08-13,PROD0026,Karachi-Main,0,5,528,21
2026-08-13,PROD0027,Karachi-Main,0,4,225,46
2026-08-13,PROD0028,Lahore-Hub,0,4,618,57
2026-08-13,PROD0029,Lahore-Hub,0,2,339,60
2026-08-13,PROD0030,Lahore-Hub,0,8,151,24
2026-08-13,PROD0031,Lahore-Hub,0,5,290,50
2026-08-13,PROD0032,Lahore-Hub,0,5,515,46
2026-08-13,PROD0033,Lahore-Hub,0,7,318,49
2026-08-13,PROD0034,Lahore-Hub,0,2,278,58
2026-08-13,PROD0035,Karachi-Main,20,2,382,56
2026-08-13,PROD0036,Karachi-Main,0,3,488,34
2026-08-13,PROD0037,Lahore-Hub,20,6,463,40
2026-08-13,PROD0038,Karachi-Main,0,2,489,57
2026-08-13,PROD0039,Karachi-Main,0,6,374,34
2026-08-13,PROD0040,Karachi-Main,0,6,430,48
2026-08-13,PROD0041,Lahore-Hub,0,4,159,36
2026-08-13,PROD0042,Lahore-Hub,0,5,157,39
2026-08-13,PROD0043,Karachi-Main,0,4,394,22
2026-08-13,PROD0044,Karachi-Main,100,2,523,34
2026-08-13,PROD0045,Lahore-Hub,0,2,240,57
2026-08-13,PROD0046,Karachi-Main,50,6,357,36
2026-08-13,PROD0047,Karachi-Main,0,5,418,45
2026-08-13,PROD0048,Karachi-Main,0,2,276,36
2026-08-13,PROD0049,Karachi-Main,0,2,319,20
2026-08-13,PROD0050,Lahore-Hub,0,4,195,53
2026-08-13,PROD0051,Lahore-Hub,0,3,68,34
2026-08-13,PROD0052,Lahore-Hub,0,3,185,22
2026-08-13,PROD0053,Lahore-Hub,0,6,53,34
2026-08-13,PROD0054,Karachi-Main,0,3,276,48
2026-08-13,PROD0055,Lahore-Hub,0,4,306,35
2026-08-13,PROD0056,Karachi-Main,0,4,145,45
2026-08-13,PROD0057,Karachi-Main,0,4,100,20
2026-08-13,PROD0058,Karachi-Main,0,4,89,47
2026-08-13,PROD0059,Lahore-Hub,100,5,683,23
2026-08-13,PROD0060,Karachi-Main,0,0,422,24
2026-08-14,PROD0001,Lahore-Hub,0,3,314,52
2026-08-14,PROD0002,Karachi-Main,0,1,308,32
2026-08-14,PROD0003,Lahore-Hub,0,3,346,33
2026-08-14,PROD0004,Lahore-Hub,0,10,500,29
2026-08-14,PROD0005,Lahore-Hub,0,3,449,41
2026-08-14,PROD0006,Lahore-Hub,0,3,501,52
2026-08-14,PROD0007,Lahore-Hub,0,2,535,37
2026-08-14,PROD0008,Karachi-Main,0,2,330,53
2026-08-14,PROD0009,Karachi-Main,0,1,426,45
2026-08-14,PROD0010,Karachi-Main,0,4,349,53
2026-08-14,PROD0011,Karachi-Main,0,4,325,57
2026-08-14,PROD0012,Karachi-Main,0,5,203,59
2026-08-14,PROD0013,Karachi-Main,0,6,393,59
2026-08-14,PROD0014,Lahore-Hub,0,2,270,32
2026-08-14,PROD0015,Karachi-Main,0,2,86,47
2026-08-14,PROD0016,Karachi-Main,0,2,71,22
2026-08-14,PROD0017,Karachi-Main,0,2,504,49
2026-08-14,PROD0018,Lahore-Hub,0,1,95,57
2026-08-14,PROD0019,Lahore-Hub,0,2,198,55
2026-08-14,PROD0020,Lahore-Hub,0,4,124,38
2026-08-14,PROD0021,Lahore-Hub,0,4,140,54
2026-08-14,PROD0022,Lahore-Hub,0,3,400,49
2026-08-14,PROD0023,Karachi-Main,20,2,415,22
2026-08-14,PROD0024,Karachi-Main,0,2,299,38
2026-08-14,PROD0025,Lahore-Hub,0,2,184,41
2026-08-14,PROD0026,Lahore-Hub,0,1,527,21
2026-08-14,PROD0027,Karachi-Main,0,2,223,46
2026-08-14,PROD0028,Lahore-Hub,0,3,615,57
2026-08-14,PROD0029,Lahore-Hub,0,2,337,60
2026-08-14,PROD0030,Karachi-Main,0,3,148,24
2026-08-14,PROD0031,Lahore-Hub,0,5,285,50
2026-08-14,PROD0032,Lahore-Hub,0,5,510,46
2026-08-14,PROD0033,Lahore-Hub,0,1,317,49
2026-08-14,PROD0034,Karachi-Main,0,3,275,58
2026-08-14,PROD0035,Karachi-Main,0,6,376,56
2026-08-14,PROD0036,Karachi-Main,0,3,485,34
2026-08-14,PROD0037,Karachi-Main,0,3,460,40
2026-08-14,PROD0038,Karachi-Main,0,1,488,57
2026-08-14,PROD0039,Karachi-Main,0,2,372,34
2026-08-14,PROD0040,Karachi-Main,0,0,430,48
2026-08-14,PROD0041,Karachi-Main,0,2,157,36
2026-08-14,PROD0042,Lahore-Hub,0,4,153,39
2026-08-14,PROD0043,Lahore-Hub,0,5,389,22
2026-08-14,PROD0044,Lahore-Hub,0,6,517,34
2026-08-14,PROD0045,Karachi-Main,0,6,234,57
2026-08-14,PROD0046,Karachi-Main,0,6,351,36
2026-08-14,PROD0047,Karachi-Main,0,3,415,45
2026-08-14,PROD0048,Karachi-Main,0,3,273,36
2026-08-14,PROD0049,Lahore-Hub,0,5,314,20
2026-08-14,PROD0050,Lahore-Hub,0,2,193,53
2026-08-14,PROD0051,Karachi-Main,0,4,64,34
2026-08-14,PROD0052,Lahore-Hub,0,4,181,22
2026-08-14,PROD0053,Karachi-Main,0,4,49,34
2026-08-14,PROD0054,Karachi-Main,0,5,271,48
2026-08-14,PROD0055,Karachi-Main,0,4,302,35
2026-08-14,PROD0056,Karachi-Main,0,6,139,45
2026-08-14,PROD0057,Lahore-Hub,0,3,97,20
2026-08-14,PROD0058,Lahore-Hub,0,0,89,47
2026-08-14,PROD0059,Karachi-Main,0,2,681,23
2026-08-14,PROD0060,Lahore-Hub,0,5,417,24
2026-08-15,PROD0001,Karachi-Main,0,1,313,52
2026-08-15,PROD0002,Lahore-Hub,0,2,306,32
2026-08-15,PROD0003,Lahore-Hub,0,7,339,33
2026-08-15,PROD0004,Lahore-Hub,0,2,498,29
2026-08-15,PROD0005,Lahore-Hub,0,5,444,41
2026-08-15,PROD0006,Lahore-Hub,0,4,497,52
2026-08-15,PROD0007,Karachi-Main,0,2,533,37
2026-08-15,PROD0008,Karachi-Main,0,2,328,53
2026-08-15,PROD0009,Karachi-Main,0,1,425,45
2026-08-15,PROD0010,Karachi-Main,0,0,349,53
2026-08-15,PROD0011,Karachi-Main,0,2,323,57
2026-08-15,PROD0012,Karachi-Main,0,3,200,59
2026-08-15,PROD0013,Karachi-Main,0,3,390,59
2026-08-15,PROD0014,Karachi-Main,0,2,268,32
2026-08-15,PROD0015,Karachi-Main,0,3,83,47
2026-08-15,PROD0016,Lahore-Hub,20,2,89,22
2026-08-15,PROD0017,Lahore-Hub,0,5,499,49
2026-08-15,PROD0018,Lahore-Hub,0,2,93,57
2026-08-15,PROD0019,Lahore-Hub,0,3,195,55
2026-08-15,PROD0020,Karachi-Main,0,1,123,38
2026-08-15,PROD0021,Lahore-Hub,0,4,136,54
2026-08-15,PROD0022,Karachi-Main,0,0,400,49
2026-08-15,PROD0023,Lahore-Hub,0,1,414,22
2026-08-15,PROD0024,Lahore-Hub,0,6,293,38
2026-08-15,PROD0025,Lahore-Hub,0,3,181,41
2026-08-15,PROD0026,Karachi-Main,0,4,523,21
2026-08-15,PROD0027,Karachi-Main,0,5,218,46
2026-08-15,PROD0028,Lahore-Hub,0,8,607,57
2026-08-15,PROD0029,Lahore-Hub,0,7,330,60
2026-08-15,PROD0030,Karachi-Main,0,3,145,24
2026-08-15,PROD0031,Lahore-Hub,0,3,282,50
2026-08-15,PROD0032,Lahore-Hub,0,1,509,46
2026-08-15,PROD0033,Karachi-Main,0,7,310,49
2026-08-15,PROD0034,Karachi-Main,0,8,267,58
2026-08-15,PROD0035,Lahore-Hub,0,1,375,56
2026-08-15,PROD0036,Lahore-Hub,0,5,480,34
2026-08-15,PROD0037,Karachi-Main,0,3,457,40
2026-08-15,PROD0038,Lahore-Hub,0,5,483,57
2026-08-15,PROD0039,Karachi-Main,0,2,370,34
2026-08-15,PROD0040,Lahore-Hub,0,3,427,48
2026-08-15,PROD0041,Lahore-Hub,0,4,153,36
2026-08-15,PROD0042,Lahore-Hub,0,6,147,39
2026-08-15,PROD0043,Lahore-Hub,0,1,388,22
2026-08-15,PROD0044,Lahore-Hub,0,7,510,34
2026-08-15,PROD0045,Karachi-Main,0,3,231,57
2026-08-15,PROD0046,Lahore-Hub,0,4,347,36
2026-08-15,PROD0047,Lahore-Hub,0,6,409,45
2026-08-15,PROD0048,Karachi-Main,0,2,271,36
2026-08-15,PROD0049,Karachi-Main,0,0,314,20
2026-08-15,PROD0050,Karachi-Main,0,1,192,53
2026-08-15,PROD0051,Karachi-Main,0,4,60,34
2026-08-15,PROD0052,Lahore-Hub,0,3,178,22
2026-08-15,PROD0053,Karachi-Main,0,3,46,34
2026-08-15,PROD0054,Lahore-Hub,50,4,317,48
2026-08-15,PROD0055,Karachi-Main,0,5,297,35
2026-08-15,PROD0056,Lahore-Hub,0,1,138,45
2026-08-15,PROD0057,Lahore-Hub,20,7,110,20
2026-08-15,PROD0058,Karachi-Main,0,6,83,47
2026-08-15,PROD0059,Karachi-Main,0,2,679,23
2026-08-15,PROD0060,Lahore-Hub,0,3,414,24
2026-08-16,PROD0001,Lahore-Hub,0,4,309,52
2026-08-16,PROD0002,Karachi-Main,0,1,305,32
2026-08-16,PROD0003,Karachi-Main,0,4,335,33
2026-08-16,PROD0004,Karachi-Main,0,7,491,29
2026-08-16,PROD0005,Lahore-Hub,0,1,443,41
2026-08-16,PROD0006,Karachi-Main,0,3,494,52
2026-08-16,PROD0007,Lahore-Hub,0,1,532,37
2026-08-16,PROD0008,Lahore-Hub,0,4,324,53
2026-08-16,PROD0009,Lahore-Hub,0,4,421,45
2026-08-16,PROD0010,Lahore-Hub,0,2,347,53
2026-08-16,PROD0011,Lahore-Hub,0,6,317,57
2026-08-16,PROD0012,Lahore-Hub,0,3,197,59
2026-08-16,PROD0013,Lahore-Hub,0,4,386,59
2026-08-16,PROD0014,Lahore-Hub,0,2,266,32
2026-08-16,PROD0015,Karachi-Main,0,5,78,47
2026-08-16,PROD0016,Karachi-Main,0,3,86,22
2026-08-16,PROD0017,Lahore-Hub,0,4,495,49
2026-08-16,PROD0018,Lahore-Hub,0,3,90,57
2026-08-16,PROD0019,Lahore-Hub,0,3,192,55
2026-08-16,PROD0020,Karachi-Main,0,6,117,38
2026-08-16,PROD0021,Karachi-Main,0,1,135,54
2026-08-16,PROD0022,Karachi-Main,0,4,396,49
2026-08-16,PROD0023,Lahore-Hub,0,1,413,22
2026-08-16,PROD0024,Karachi-Main,0,1,292,38
2026-08-16,PROD0025,Karachi-Main,50,4,227,41
2026-08-16,PROD0026,Lahore-Hub,0,3,520,21
2026-08-16,PROD0027,Karachi-Main,0,1,217,46
2026-08-16,PROD0028,Lahore-Hub,0,2,605,57
2026-08-16,PROD0029,Karachi-Main,0,2,328,60
2026-08-16,PROD0030,Lahore-Hub,0,2,143,24
2026-08-16,PROD0031,Karachi-Main,0,3,279,50
2026-08-16,PROD0032,Karachi-Main,0,4,505,46
2026-08-16,PROD0033,Lahore-Hub,0,7,303,49
2026-08-16,PROD0034,Lahore-Hub,0,2,265,58
2026-08-16,PROD0035,Karachi-Main,0,7,368,56
2026-08-16,PROD0036,Lahore-Hub,0,0,480,34
2026-08-16,PROD0037,Lahore-Hub,0,3,454,40
2026-08-16,PROD0038,Lahore-Hub,0,6,477,57
2026-08-16,PROD0039,Lahore-Hub,0,2,368,34
2026-08-16,PROD0040,Lahore-Hub,0,1,426,48
2026-08-16,PROD0041,Karachi-Main,20,2,171,36
2026-08-16,PROD0042,Lahore-Hub,0,6,141,39
2026-08-16,PROD0043,Karachi-Main,100,3,485,22
2026-08-16,PROD0044,Karachi-Main,0,2,508,34
2026-08-16,PROD0045,Lahore-Hub,0,6,225,57
2026-08-16,PROD0046,Karachi-Main,0,3,344,36
2026-08-16,PROD0047,Lahore-Hub,0,1,408,45
2026-08-16,PROD0048,Lahore-Hub,0,3,268,36
2026-08-16,PROD0049,Karachi-Main,0,4,310,20
2026-08-16,PROD0050,Karachi-Main,0,5,187,53
2026-08-16,PROD0051,Lahore-Hub,0,5,55,34
2026-08-16,PROD0052,Karachi-Main,0,1,177,22
2026-08-16,PROD0053,Karachi-Main,0,2,44,34
2026-08-16,PROD0054,Lahore-Hub,0,7,310,48
2026-08-16,PROD0055,Lahore-Hub,0,3,294,35
2026-08-16,PROD0056,Lahore-Hub,0,3,135,45
2026-08-16,PROD0057,Lahore-Hub,0,2,108,20
2026-08-16,PROD0058,Karachi-Main,0,2,81,47
2026-08-16,PROD0059,Lahore-Hub,0,2,677,23
2026-08-16,PROD0060,Lahore-Hub,0,4,410,24
2026-08-17,PROD0001,Karachi-Main,0,6,303,52
2026-08-17,PROD0002,Lahore-Hub,0,10,295,32
2026-08-17,PROD0003,Lahore-Hub,0,3,332,33
2026-08-17,PROD0004,Lahore-Hub,0,3,488,29
2026-08-17,PROD0005,Lahore-Hub,100,2,541,41
2026-08-17,PROD0006,Karachi-Main,0,2,492,52
2026-08-17,PROD0007,Karachi-Main,0,6,526,37
2026-08-17,PROD0008,Lahore-Hub,0,1,323,53
2026-08-17,PROD0009,Karachi-Main,0,4,417,45
2026-08-17,PROD0010,Karachi-Main,0,6,341,53
2026-08-17,PROD0011,Karachi-Main,0,2,315,57
2026-08-17,PROD0012,Lahore-Hub,0,3,194,59
2026-08-17,PROD0013,Lahore-Hub,0,1,385,59
2026-08-17,PROD0014,Karachi-Main,0,5,261,32
2026-08-17,PROD0015,Lahore-Hub,0,1,77,47
2026-08-17,PROD0016,Karachi-Main,0,3,83,22
2026-08-17,PROD0017,Lahore-Hub,0,3,492,49
2026-08-17,PROD0018,Karachi-Main,0,4,86,57
2026-08-17,PROD0019,Lahore-Hub,0,2,190,55
2026-08-17,PROD0020,Lahore-Hub,0,2,115,38
2026-08-17,PROD0021,Lahore-Hub,0,4,131,54
2026-08-17,PROD0022,Lahore-Hub,0,0,396,49
2026-08-17,PROD0023,Karachi-Main,0,3,410,22
2026-08-17,PROD0024,Lahore-Hub,0,3,289,38
2026-08-17,PROD0025,Lahore-Hub,0,7,220,41
2026-08-17,PROD0026,Lahore-Hub,0,3,517,21
2026-08-17,PROD0027,Lahore-Hub,0,2,215,46
2026-08-17,PROD0028,Lahore-Hub,0,2,603,57
2026-08-17,PROD0029,Karachi-Main,0,1,327,60
2026-08-17,PROD0030,Lahore-Hub,0,1,142,24
2026-08-17,PROD0031,Karachi-Main,0,3,276,50
2026-08-17,PROD0032,Lahore-Hub,0,2,503,46
2026-08-17,PROD0033,Lahore-Hub,0,3,300,49
2026-08-17,PROD0034,Lahore-Hub,0,6,259,58
2026-08-17,PROD0035,Karachi-Main,0,2,366,56
2026-08-17,PROD0036,Lahore-Hub,0,3,477,34
2026-08-17,PROD0037,Lahore-Hub,100,2,552,40
2026-08-17,PROD0038,Karachi-Main,0,3,474,57
2026-08-17,PROD0039,Lahore-Hub,0,1,367,34
2026-08-17,PROD0040,Karachi-Main,0,1,425,48
2026-08-17,PROD0041,Lahore-Hub,0,1,170,36
2026-08-17,PROD0042,Lahore-Hub,0,1,140,39
2026-08-17,PROD0043,Lahore-Hub,0,3,482,22
2026-08-17,PROD0044,Lahore-Hub,0,6,502,34
2026-08-17,PROD0045,Karachi-Main,0,5,220,57
2026-08-17,PROD0046,Lahore-Hub,0,3,341,36
2026-08-17,PROD0047,Lahore-Hub,0,3,405,45
2026-08-17,PROD0048,Karachi-Main,0,4,264,36
2026-08-17,PROD0049,Karachi-Main,0,2,308,20
2026-08-17,PROD0050,Lahore-Hub,0,3,184,53
2026-08-17,PROD0051,Karachi-Main,0,5,50,34
2026-08-17,PROD0052,Karachi-Main,0,6,171,22
2026-08-17,PROD0053,Lahore-Hub,0,1,43,34
2026-08-17,PROD0054,Lahore-Hub,0,4,306,48
2026-08-17,PROD0055,Karachi-Main,0,3,291,35
2026-08-17,PROD0056,Lahore-Hub,0,4,131,45
2026-08-17,PROD0057,Lahore-Hub,0,2,106,20
2026-08-17,PROD0058,Karachi-Main,0,5,76,47
2026-08-17,PROD0059,Karachi-Main,0,1,676,23
2026-08-17,PROD0060,Lahore-Hub,0,4,406,24
2026-08-18,PROD0001,Lahore-Hub,0,5,298,52
2026-08-18,PROD0002,Lahore-Hub,0,1,294,32
2026-08-18,PROD0003,Lahore-Hub,0,1,331,33
2026-08-18,PROD0004,Karachi-Main,0,4,484,29
2026-08-18,PROD0005,Lahore-Hub,0,1,540,41
2026-08-18,PROD0006,Karachi-Main,0,4,488,52
2026-08-18,PROD0007,Karachi-Main,0,3,523,37
2026-08-18,PROD0008,Lahore-Hub,100,4,419,53
2026-08-18,PROD0009,Karachi-Main,0,5,412,45
2026-08-18,PROD0010,Lahore-Hub,0,4,337,53
2026-08-18,PROD0011,Karachi-Main,0,3,312,57
2026-08-18,PROD0012,Karachi-Main,0,5,189,59
2026-08-18,PROD0013,Lahore-Hub,0,6,379,59
2026-08-18,PROD0014,Lahore-Hub,0,4,257,32
2026-08-18,PROD0015,Lahore-Hub,0,2,75,47
2026-08-18,PROD0016,Lahore-Hub,0,1,82,22
2026-08-18,PROD0017,Lahore-Hub,0,1,491,49
2026-08-18,PROD0018,Karachi-Main,20,1,105,57
2026-08-18,PROD0019,Karachi-Main,0,2,188,55
2026-08-18,PROD0020,Karachi-Main,0,2,113,38
2026-08-18,PROD0021,Karachi-Main,0,3,128,54
2026-08-18,PROD0022,Karachi-Main,0,5,391,49
2026-08-18,PROD0023,Karachi-Main,0,4,406,22
2026-08-18,PROD0024,Lahore-Hub,0,2,287,38
2026-08-18,PROD0025,Lahore-Hub,0,4,216,41
2026-08-18,PROD0026,Karachi-Main,0,3,514,21
2026-08-18,PROD0027,Karachi-Main,0,1,214,46
2026-08-18,PROD0028,Lahore-Hub,0,2,601,57
2026-08-18,PROD0029,Karachi-Main,0,1,326,60
2026-08-18,PROD0030,Lahore-Hub,0,3,139,24
2026-08-18,PROD0031,Karachi-Main,0,4,272,50
2026-08-18,PROD0032,Karachi-Main,0,7,496,46
2026-08-18,PROD0033,Lahore-Hub,0,4,296,49
2026-08-18,PROD0034,Karachi-Main,0,2,257,58
2026-08-18,PROD0035,Lahore-Hub,0,2,364,56
2026-08-18,PROD0036,Karachi-Main,0,3,474,34
2026-08-18,PROD0037,Karachi-Main,0,3,549,40
2026-08-18,PROD0038,Lahore-Hub,0,1,473,57
2026-08-18,PROD0039,Lahore-Hub,0,3,364,34
2026-08-18,PROD0040,Lahore-Hub,0,3,422,48
2026-08-18,PROD0041,Lahore-Hub,0,3,167,36
2026-08-18,PROD0042,Karachi-Main,0,3,137,39
2026-08-18,PROD0043,Lahore-Hub,20,3,499,22
2026-08-18,PROD0044,Karachi-Main,0,5,497,34
2026-08-18,PROD0045,Karachi-Main,0,3,217,57
2026-08-18,PROD0046,Karachi-Main,0,2,339,36
2026-08-18,PROD0047,Karachi-Main,50,4,451,45
2026-08-18,PROD0048,Karachi-Main,0,3,261,36
2026-08-18,PROD0049,Karachi-Main,0,1,307,20
2026-08-18,PROD0050,Lahore-Hub,0,1,183,53
2026-08-18,PROD0051,Karachi-Main,0,4,46,34
2026-08-18,PROD0052,Lahore-Hub,0,3,168,22
2026-08-18,PROD0053,Lahore-Hub,0,2,41,34
2026-08-18,PROD0054,Lahore-Hub,0,5,301,48
2026-08-18,PROD0055,Lahore-Hub,0,7,284,35
2026-08-18,PROD0056,Lahore-Hub,0,1,130,45
2026-08-18,PROD0057,Karachi-Main,0,4,102,20
2026-08-18,PROD0058,Lahore-Hub,0,2,74,47
2026-08-18,PROD0059,Karachi-Main,0,3,673,23
2026-08-18,PROD0060,Lahore-Hub,0,2,404,24
2026-08-19,PROD0001,Lahore-Hub,0,0,298,52
2026-08-19,PROD0002,Karachi-Main,0,3,291,32
2026-08-19,PROD0003,Karachi-Main,0,4,327,33
2026-08-19,PROD0004,Karachi-Main,20,0,504,29
2026-08-19,PROD0005,Karachi-Main,0,0,540,41
2026-08-19,PROD0006,Lahore-Hub,0,1,487,52
2026-08-19,PROD0007,Karachi-Main,0,3,520,37
2026-08-19,PROD0008,Lahore-Hub,0,1,418,53
2026-08-19,PROD0009,Karachi-Main,0,2,410,45
2026-08-19,PROD0010,Karachi-Main,0,5,332,53
2026-08-19,PROD0011,Karachi-Main,0,3,309,57
2026-08-19,PROD0012,Karachi-Main,0,5,184,59
2026-08-19,PROD0013,Lahore-Hub,0,3,376,59
2026-08-19,PROD0014,Karachi-Main,0,5,252,32
2026-08-19,PROD0015,Karachi-Main,0,4,71,47
2026-08-19,PROD0016,Karachi-Main,0,7,75,22
2026-08-19,PROD0017,Lahore-Hub,0,2,489,49
2026-08-19,PROD0018,Lahore-Hub,0,4,101,57
2026-08-19,PROD0019,Lahore-Hub,0,2,186,55
2026-08-19,PROD0020,Lahore-Hub,0,3,110,38
2026-08-19,PROD0021,Karachi-Main,0,2,126,54
2026-08-19,PROD0022,Karachi-Main,0,1,390,49
2026-08-19,PROD0023,Lahore-Hub,0,8,398,22
2026-08-19,PROD0024,Karachi-Main,0,2,285,38
2026-08-19,PROD0025,Lahore-Hub,0,1,215,41
2026-08-19,PROD0026,Lahore-Hub,20,5,529,21
2026-08-19,PROD0027,Lahore-Hub,0,3,211,46
2026-08-19,PROD0028,Karachi-Main,0,1,600,57
2026-08-19,PROD0029,Karachi-Main,0,1,325,60
2026-08-19,PROD0030,Lahore-Hub,0,3,136,24
2026-08-19,PROD0031,Lahore-Hub,0,5,267,50
2026-08-19,PROD0032,Lahore-Hub,0,1,495,46
2026-08-19,PROD0033,Karachi-Main,0,1,295,49
2026-08-19,PROD0034,Karachi-Main,100,4,353,58
2026-08-19,PROD0035,Lahore-Hub,0,5,359,56
2026-08-19,PROD0036,Lahore-Hub,0,5,469,34
2026-08-19,PROD0037,Lahore-Hub,0,6,543,40
2026-08-19,PROD0038,Karachi-Main,0,4,469,57
2026-08-19,PROD0039,Karachi-Main,0,0,364,34
2026-08-19,PROD0040,Lahore-Hub,0,2,420,48
2026-08-19,PROD0041,Karachi-Main,0,3,164,36
2026-08-19,PROD0042,Karachi-Main,0,5,132,39
2026-08-19,PROD0043,Lahore-Hub,0,1,498,22
2026-08-19,PROD0044,Karachi-Main,0,4,493,34
2026-08-19,PROD0045,Lahore-Hub,0,3,214,57
2026-08-19,PROD0046,Karachi-Main,0,3,336,36
2026-08-19,PROD0047,Lahore-Hub,0,7,444,45
2026-08-19,PROD0048,Karachi-Main,0,5,256,36
2026-08-19,PROD0049,Lahore-Hub,0,1,306,20
2026-08-19,PROD0050,Karachi-Main,0,3,180,53
2026-08-19,PROD0051,Lahore-Hub,0,5,41,34
2026-08-19,PROD0052,Karachi-Main,0,5,163,22
2026-08-19,PROD0053,Karachi-Main,0,6,35,34
2026-08-19,PROD0054,Lahore-Hub,0,2,299,48
2026-08-19,PROD0055,Lahore-Hub,0,4,280,35
2026-08-19,PROD0056,Karachi-Main,0,6,124,45
2026-08-19,PROD0057,Karachi-Main,0,1,101,20
2026-08-19,PROD0058,Lahore-Hub,0,1,73,47
2026-08-19,PROD0059,Lahore-Hub,0,1,672,23
2026-08-19,PROD0060,Lahore-Hub,0,3,401,24
2026-08-20,PROD0001,Karachi-Main,0,4,294,52
2026-08-20,PROD0002,Lahore-Hub,0,2,289,32
2026-08-20,PROD0003,Karachi-Main,0,2,325,33
2026-08-20,PROD0004,Lahore-Hub,0,3,501,29
2026-08-20,PROD0005,Lahore-Hub,0,5,535,41
2026-08-20,PROD0006,Karachi-Main,0,5,482,52
2026-08-20,PROD0007,Karachi-Main,0,2,518,37
2026-08-20,PROD0008,Lahore-Hub,0,5,413,53
2026-08-20,PROD0009,Lahore-Hub,0,1,409,45
2026-08-20,PROD0010,Karachi-Main,0,1,331,53
2026-08-20,PROD0011,Lahore-Hub,0,4,305,57
2026-08-20,PROD0012,Lahore-Hub,0,3,181,59
2026-08-20,PROD0013,Lahore-Hub,0,4,372,59
2026-08-20,PROD0014,Lahore-Hub,0,4,248,32
2026-08-20,PROD0015,Karachi-Main,0,5,66,47
2026-08-20,PROD0016,Lahore-Hub,0,0,75,22
2026-08-20,PROD0017,Karachi-Main,0,6,483,49
2026-08-20,PROD0018,Karachi-Main,0,3,98,57
2026-08-20,PROD0019,Karachi-Main,0,4,182,55
2026-08-20,PROD0020,Lahore-Hub,0,1,109,38
2026-08-20,PROD0021,Lahore-Hub,0,1,125,54
2026-08-20,PROD0022,Karachi-Main,0,3,387,49
2026-08-20,PROD0023,Lahore-Hub,0,6,392,22
2026-08-20,PROD0024,Lahore-Hub,0,6,279,38
2026-08-20,PROD0025,Karachi-Main,0,2,213,41
2026-08-20,PROD0026,Karachi-Main,0,7,522,21
2026-08-20,PROD0027,Lahore-Hub,0,1,210,46
2026-08-20,PROD0028,Lahore-Hub,0,2,598,57
2026-08-20,PROD0029,Lahore-Hub,0,4,321,60
2026-08-20,PROD0030,Lahore-Hub,0,3,133,24
2026-08-20,PROD0031,Lahore-Hub,0,7,260,50
2026-08-20,PROD0032,Karachi-Main,0,2,493,46
2026-08-20,PROD0033,Lahore-Hub,0,1,294,49
2026-08-20,PROD0034,Lahore-Hub,0,1,352,58
2026-08-20,PROD0035,Lahore-Hub,0,6,353,56
2026-08-20,PROD0036,Lahore-Hub,20,1,488,34
2026-08-20,PROD0037,Lahore-Hub,0,1,542,40
2026-08-20,PROD0038,Lahore-Hub,0,1,468,57
2026-08-20,PROD0039,Karachi-Main,0,3,361,34
2026-08-20,PROD0040,Karachi-Main,0,4,416,48
2026-08-20,PROD0041,Lahore-Hub,0,2,162,36
2026-08-20,PROD0042,Karachi-Main,0,3,129,39
2026-08-20,PROD0043,Lahore-Hub,0,4,494,22
2026-08-20,PROD0044,Karachi-Main,0,3,490,34
2026-08-20,PROD0045,Karachi-Main,0,3,211,57
2026-08-20,PROD0046,Lahore-Hub,0,2,334,36
2026-08-20,PROD0047,Lahore-Hub,0,3,441,45
2026-08-20,PROD0048,Lahore-Hub,0,4,252,36
2026-08-20,PROD0049,Lahore-Hub,0,3,303,20
2026-08-20,PROD0050,Lahore-Hub,0,3,177,53
2026-08-20,PROD0051,Lahore-Hub,0,2,39,34
2026-08-20,PROD0052,Karachi-Main,0,4,159,22
2026-08-20,PROD0053,Lahore-Hub,0,4,31,34
2026-08-20,PROD0054,Karachi-Main,0,2,297,48
2026-08-20,PROD0055,Karachi-Main,0,6,274,35
2026-08-20,PROD0056,Lahore-Hub,0,1,123,45
2026-08-20,PROD0057,Lahore-Hub,0,3,98,20
2026-08-20,PROD0058,Karachi-Main,0,3,70,47
2026-08-20,PROD0059,Lahore-Hub,0,4,668,23
2026-08-20,PROD0060,Lahore-Hub,0,4,397,24
2026-08-21,PROD0001,Lahore-Hub,0,6,288,52
2026-08-21,PROD0002,Karachi-Main,0,1,288,32
2026-08-21,PROD0003,Lahore-Hub,0,4,321,33
2026-08-21,PROD0004,Lahore-Hub,0,2,499,29
2026-08-21,PROD0005,Lahore-Hub,0,4,531,41
2026-08-21,PROD0006,Lahore-Hub,0,5,477,52
2026-08-21,PROD0007,Lahore-Hub,20,4,534,37
2026-08-21,PROD0008,Lahore-Hub,0,2,411,53
2026-08-21,PROD0009,Karachi-Main,0,5,404,45
2026-08-21,PROD0010,Lahore-Hub,0,2,329,53
2026-08-21,PROD0011,Karachi-Main,0,5,300,57
2026-08-21,PROD0012,Karachi-Main,0,1,180,59
2026-08-21,PROD0013,Lahore-Hub,0,2,370,59
2026-08-21,PROD0014,Lahore-Hub,0,4,244,32
2026-08-21,PROD0015,Lahore-Hub,0,2,64,47
2026-08-21,PROD0016,Karachi-Main,0,3,72,22
2026-08-21,PROD0017,Lahore-Hub,0,1,482,49
2026-08-21,PROD0018,Karachi-Main,0,4,94,57
2026-08-21,PROD0019,Lahore-Hub,0,1,181,55
2026-08-21,PROD0020,Karachi-Main,20,2,127,38
2026-08-21,PROD0021,Lahore-Hub,0,0,125,54
2026-08-21,PROD0022,Lahore-Hub,100,1,486,49
2026-08-21,PROD0023,Lahore-Hub,0,3,389,22
2026-08-21,PROD0024,Lahore-Hub,0,4,275,38
2026-08-21,PROD0025,Karachi-Main,0,0,213,41
2026-08-21,PROD0026,Lahore-Hub,0,8,514,21
2026-08-21,PROD0027,Lahore-Hub,0,3,207,46
2026-08-21,PROD0028,Karachi-Main,0,3,595,57
2026-08-21,PROD0029,Lahore-Hub,0,3,318,60
2026-08-21,PROD0030,Karachi-Main,100,1,232,24
2026-08-21,PROD0031,Karachi-Main,0,4,256,50
2026-08-21,PROD0032,Karachi-Main,0,3,490,46
2026-08-21,PROD0033,Lahore-Hub,20,3,311,49
2026-08-21,PROD0034,Karachi-Main,0,3,349,58
2026-08-21,PROD0035,Karachi-Main,0,3,350,56
2026-08-21,PROD0036,Karachi-Main,0,2,486,34
2026-08-21,PROD0037,Karachi-Main,0,2,540,40
2026-08-21,PROD0038,Karachi-Main,0,3,465,57
2026-08-21,PROD0039,Karachi-Main,0,3,358,34
2026-08-21,PROD0040,Lahore-Hub,0,5,411,48
2026-08-21,PROD0041,Karachi-Main,0,1,161,36
2026-08-21,PROD0042,Lahore-Hub,0,1,128,39
2026-08-21,PROD0043,Lahore-Hub,0,3,491,22
2026-08-21,PROD0044,Karachi-Main,0,2,488,34
2026-08-21,PROD0045,Lahore-Hub,0,4,207,57
2026-08-21,PROD0046,Karachi-Main,0,3,331,36
2026-08-21,PROD0047,Lahore-Hub,0,3,438,45
2026-08-21,PROD0048,Karachi-Main,0,1,251,36
2026-08-21,PROD0049,Karachi-Main,0,2,301,20
2026-08-21,PROD0050,Karachi-Main,0,5,172,53
2026-08-21,PROD0051,Karachi-Main,0,2,37,34
2026-08-21,PROD0052,Lahore-Hub,0,3,156,22
2026-08-21,PROD0053,Lahore-Hub,0,2,29,34
2026-08-21,PROD0054,Lahore-Hub,0,3,294,48
2026-08-21,PROD0055,Lahore-Hub,0,1,273,35
2026-08-21,PROD0056,Karachi-Main,0,4,119,45
2026-08-21,PROD0057,Karachi-Main,0,2,96,20
2026-08-21,PROD0058,Lahore-Hub,0,3,67,47
2026-08-21,PROD0059,Lahore-Hub,0,1,667,23
2026-08-21,PROD0060,Karachi-Main,0,1,396,24
2026-08-22,PROD0001,Lahore-Hub,0,1,287,52
2026-08-22,PROD0002,Lahore-Hub,0,3,285,32
2026-08-22,PROD0003,Lahore-Hub,0,0,321,33
2026-08-22,PROD0004,Karachi-Main,0,2,497,29
2026-08-22,PROD0005,Lahore-Hub,0,2,529,41
2026-08-22,PROD0006,Lahore-Hub,0,3,474,52
2026-08-22,PROD0007,Karachi-Main,0,5,529,37
2026-08-22,PROD0008,Karachi-Main,0,3,408,53
2026-08-22,PROD0009,Karachi-Main,0,5,399,45
2026-08-22,PROD0010,Karachi-Main,0,5,324,53
2026-08-22,PROD0011,Lahore-Hub,0,1,299,57
2026-08-22,PROD0012,Lahore-Hub,0,5,175,59
2026-08-22,PROD0013,Lahore-Hub,0,3,367,59
2026-08-22,PROD0014,Karachi-Main,0,0,244,32
2026-08-22,PROD0015,Lahore-Hub,0,4,60,47
2026-08-22,PROD0016,Lahore-Hub,0,2,70,22
2026-08-22,PROD0017,Lahore-Hub,0,6,476,49
2026-08-22,PROD0018,Karachi-Main,0,1,93,57
2026-08-22,PROD0019,Karachi-Main,0,2,179,55
2026-08-22,PROD0020,Lahore-Hub,0,1,126,38
2026-08-22,PROD0021,Karachi-Main,0,2,123,54
2026-08-22,PROD0022,Karachi-Main,0,4,482,49
2026-08-22,PROD0023,Lahore-Hub,0,5,384,22
2026-08-22,PROD0024,Karachi-Main,0,1,274,38
2026-08-22,PROD0025,Karachi-Main,0,6,207,41
2026-08-22,PROD0026,Karachi-Main,0,7,507,21
2026-08-22,PROD0027,Karachi-Main,0,2,205,46
2026-08-22,PROD0028,Karachi-Main,0,2,593,57
2026-08-22,PROD0029,Karachi-Main,0,6,312,60
2026-08-22,PROD0030,Lahore-Hub,0,4,228,24
2026-08-22,PROD0031,Karachi-Main,0,5,251,50
2026-08-22,PROD0032,Karachi-Main,0,2,488,46
2026-08-22,PROD0033,Karachi-Main,0,1,310,49
2026-08-22,PROD0034,Lahore-Hub,0,5,344,58
2026-08-22,PROD0035,Lahore-Hub,0,6,344,56
2026-08-22,PROD0036,Lahore-Hub,0,3,483,34
2026-08-22,PROD0037,Karachi-Main,0,2,538,40
2026-08-22,PROD0038,Lahore-Hub,0,2,463,57
2026-08-22,PROD0039,Lahore-Hub,0,4,354,34
2026-08-22,PROD0040,Karachi-Main,0,5,406,48
2026-08-22,PROD0041,Lahore-Hub,0,4,157,36
2026-08-22,PROD0042,Lahore-Hub,0,7,121,39
2026-08-22,PROD0043,Karachi-Main,0,2,489,22
2026-08-22,PROD0044,Karachi-Main,0,3,485,34
2026-08-22,PROD0045,Lahore-Hub,0,4,203,57
2026-08-22,PROD0046,Lahore-Hub,20,2,349,36
2026-08-22,PROD0047,Karachi-Main,0,2,436,45
2026-08-22,PROD0048,Lahore-Hub,0,3,248,36
2026-08-22,PROD0049,Lahore-Hub,0,1,300,20
2026-08-22,PROD0050,Karachi-Main,0,2,170,53
2026-08-22,PROD0051,Karachi-Main,0,3,34,34
2026-08-22,PROD0052,Karachi-Main,0,3,153,22
2026-08-22,PROD0053,Lahore-Hub,0,4,25,34
2026-08-22,PROD0054,Karachi-Main,0,6,288,48
2026-08-22,PROD0055,Lahore-Hub,0,2,271,35
2026-08-22,PROD0056,Lahore-Hub,0,5,114,45
2026-08-22,PROD0057,Lahore-Hub,0,2,94,20
2026-08-22,PROD0058,Karachi-Main,0,2,65,47
2026-08-22,PROD0059,Lahore-Hub,0,3,664,23
2026-08-22,PROD0060,Karachi-Main,0,4,392,24
2026-08-23,PROD0001,Lahore-Hub,0,3,284,52
2026-08-23,PROD0002,Lahore-Hub,0,4,281,32
2026-08-23,PROD0003,Karachi-Main,0,4,317,33
2026-08-23,PROD0004,Lahore-Hub,0,5,492,29
2026-08-23,PROD0005,Karachi-Main,0,3,526,41
2026-08-23,PROD0006,Karachi-Main,20,2,492,52
2026-08-23,PROD0007,Lahore-Hub,0,5,524,37
2026-08-23,PROD0008,Karachi-Main,0,4,404,53
2026-08-23,PROD0009,Lahore-Hub,0,1,398,45
2026-08-23,PROD0010,Lahore-Hub,0,0,324,53
2026-08-23,PROD0011,Karachi-Main,0,3,296,57
2026-08-23,PROD0012,Lahore-Hub,0,5,170,59
2026-08-23,PROD0013,Karachi-Main,0,4,363,59
2026-08-23,PROD0014,Lahore-Hub,0,9,235,32
2026-08-23,PROD0015,Karachi-Main,0,1,59,47
2026-08-23,PROD0016,Karachi-Main,100,2,168,22
2026-08-23,PROD0017,Lahore-Hub,0,3,473,49
2026-08-23,PROD0018,Karachi-Main,20,7,106,57
2026-08-23,PROD0019,Lahore-Hub,0,4,175,55
2026-08-23,PROD0020,Lahore-Hub,0,6,120,38
2026-08-23,PROD0021,Karachi-Main,0,3,120,54
2026-08-23,PROD0022,Lahore-Hub,0,4,478,49
2026-08-23,PROD0023,Lahore-Hub,0,2,382,22
2026-08-23,PROD0024,Lahore-Hub,0,1,273,38
2026-08-23,PROD0025,Lahore-Hub,0,1,206,41
2026-08-23,PROD0026,Karachi-Main,0,2,505,21
2026-08-23,PROD0027,Karachi-Main,0,1,204,46
2026-08-23,PROD0028,Karachi-Main,0,3,590,57
2026-08-23,PROD0029,Karachi-Main,0,1,311,60
2026-08-23,PROD0030,Lahore-Hub,0,2,226,24
2026-08-23,PROD0031,Karachi-Main,0,2,249,50
2026-08-23,PROD0032,Lahore-Hub,0,2,486,46
2026-08-23,PROD0033,Lahore-Hub,0,5,305,49
2026-08-23,PROD0034,Lahore-Hub,0,2,342,58
2026-08-23,PROD0035,Lahore-Hub,0,5,339,56
2026-08-23,PROD0036,Lahore-Hub,0,5,478,34
2026-08-23,PROD0037,Lahore-Hub,0,3,535,40
2026-08-23,PROD0038,Karachi-Main,0,4,459,57
2026-08-23,PROD0039,Lahore-Hub,0,2,352,34
2026-08-23,PROD0040,Karachi-Main,0,0,406,48
2026-08-23,PROD0041,Lahore-Hub,0,1,156,36
2026-08-23,PROD0042,Lahore-Hub,0,5,116,39
2026-08-23,PROD0043,Karachi-Main,0,5,484,22
2026-08-23,PROD0044,Karachi-Main,0,5,480,34
2026-08-23,PROD0045,Karachi-Main,0,2,201,57
2026-08-23,PROD0046,Karachi-Main,0,10,339,36
2026-08-23,PROD0047,Karachi-Main,0,0,436,45
2026-08-23,PROD0048,Lahore-Hub,0,4,244,36
2026-08-23,PROD0049,Karachi-Main,0,1,299,20
2026-08-23,PROD0050,Lahore-Hub,0,3,167,53
2026-08-23,PROD0051,Lahore-Hub,0,3,31,34
2026-08-23,PROD0052,Lahore-Hub,0,4,149,22
2026-08-23,PROD0053,Lahore-Hub,0,1,24,34
2026-08-23,PROD0054,Lahore-Hub,0,0,288,48
2026-08-23,PROD0055,Karachi-Main,0,4,267,35
2026-08-23,PROD0056,Karachi-Main,0,3,111,45
2026-08-23,PROD0057,Karachi-Main,0,5,89,20
2026-08-23,PROD0058,Karachi-Main,0,4,61,47
2026-08-23,PROD0059,Karachi-Main,100,2,762,23
2026-08-23,PROD0060,Lahore-Hub,0,4,388,24
2026-08-24,PROD0001,Karachi-Main,0,0,284,52
2026-08-24,PROD0002,Lahore-Hub,0,1,280,32
2026-08-24,PROD0003,Karachi-Main,0,4,313,33
2026-08-24,PROD0004,Karachi-Main,0,0,492,29
2026-08-24,PROD0005,Karachi-Main,0,6,520,41
2026-08-24,PROD0006,Lahore-Hub,0,4,488,52
2026-08-24,PROD0007,Karachi-Main,0,6,518,37
2026-08-24,PROD0008,Lahore-Hub,0,4,400,53
2026-08-24,PROD0009,Karachi-Main,0,4,394,45
2026-08-24,PROD0010,Karachi-Main,0,0,324,53
2026-08-24,PROD0011,Karachi-Main,0,2,294,57
2026-08-24,PROD0012,Karachi-Main,0,3,167,59
2026-08-24,PROD0013,Lahore-Hub,0,1,362,59
2026-08-24,PROD0014,Lahore-Hub,0,2,233,32
2026-08-24,PROD0015,Lahore-Hub,0,3,56,47
2026-08-24,PROD0016,Karachi-Main,0,2,166,22
2026-08-24,PROD0017,Lahore-Hub,0,3,470,49
2026-08-24,PROD0018,Lahore-Hub,0,1,105,57
2026-08-24,PROD0019,Lahore-Hub,0,4,171,55
2026-08-24,PROD0020,Karachi-Main,0,2,118,38
2026-08-24,PROD0021,Karachi-Main,0,1,119,54
2026-08-24,PROD0022,Karachi-Main,0,4,474,49
2026-08-24,PROD0023,Karachi-Main,0,1,381,22
2026-08-24,PROD0024,Karachi-Main,0,6,267,38
2026-08-24,PROD0025,Lahore-Hub,0,3,203,41
2026-08-24,PROD0026,Karachi-Main,0,3,502,21
2026-08-24,PROD0027,Karachi-Main,0,5,199,46
2026-08-24,PROD0028,Karachi-Main,0,3,587,57
2026-08-24,PROD0029,Karachi-Main,0,5,306,60
2026-08-24,PROD0030,Karachi-Main,0,2,224,24
2026-08-24,PROD0031,Lahore-Hub,0,3,246,50
2026-08-24,PROD0032,Lahore-Hub,0,6,480,46
2026-08-24,PROD0033,Lahore-Hub,0,6,299,49
2026-08-24,PROD0034,Karachi-Main,0,3,339,58
2026-08-24,PROD0035,Lahore-Hub,0,3,336,56
2026-08-24,PROD0036,Karachi-Main,0,3,475,34
2026-08-24,PROD0037,Lahore-Hub,0,1,534,40
2026-08-24,PROD0038,Karachi-Main,0,5,454,57
2026-08-24,PROD0039,Lahore-Hub,20,3,369,34
2026-08-24,PROD0040,Karachi-Main,0,4,402,48
2026-08-24,PROD0041,Lahore-Hub,0,1,155,36
2026-08-24,PROD0042,Lahore-Hub,0,3,113,39
2026-08-24,PROD0043,Karachi-Main,0,5,479,22
2026-08-24,PROD0044,Lahore-Hub,0,3,477,34
2026-08-24,PROD0045,Lahore-Hub,0,1,200,57
2026-08-24,PROD0046,Lahore-Hub,0,3,336,36
2026-08-24,PROD0047,Karachi-Main,0,3,433,45
2026-08-24,PROD0048,Karachi-Main,0,4,240,36
2026-08-24,PROD0049,Lahore-Hub,0,2,297,20
2026-08-24,PROD0050,Lahore-Hub,0,6,161,53
2026-08-24,PROD0051,Karachi-Main,0,2,29,34
2026-08-24,PROD0052,Karachi-Main,0,4,145,22
2026-08-24,PROD0053,Karachi-Main,0,2,22,34
2026-08-24,PROD0054,Karachi-Main,0,7,281,48
2026-08-24,PROD0055,Karachi-Main,0,7,260,35
2026-08-24,PROD0056,Karachi-Main,0,2,109,45
2026-08-24,PROD0057,Karachi-Main,0,5,84,20
2026-08-24,PROD0058,Lahore-Hub,0,3,58,47
2026-08-24,PROD0059,Karachi-Main,0,3,759,23
2026-08-24,PROD0060,Lahore-Hub,0,1,387,24
2026-08-25,PROD0001,Karachi-Main,0,2,282,52
2026-08-25,PROD0002,Lahore-Hub,0,4,276,32
2026-08-25,PROD0003,Lahore-Hub,0,5,308,33
2026-08-25,PROD0004,Karachi-Main,0,2,490,29
2026-08-25,PROD0005,Karachi-Main,0,2,518,41
2026-08-25,PROD0006,Karachi-Main,0,0,488,52
2026-08-25,PROD0007,Karachi-Main,0,5,513,37
2026-08-25,PROD0008,Karachi-Main,0,2,398,53
2026-08-25,PROD0009,Karachi-Main,0,2,392,45
2026-08-25,PROD0010,Karachi-Main,0,4,320,53
2026-08-25,PROD0011,Lahore-Hub,0,6,288,57
2026-08-25,PROD0012,Lahore-Hub,0,1,166,59
2026-08-25,PROD0013,Lahore-Hub,20,2,380,59
2026-08-25,PROD0014,Karachi-Main,0,1,232,32
2026-08-25,PROD0015,Karachi-Main,0,2,54,47
2026-08-25,PROD0016,Lahore-Hub,0,2,164,22
2026-08-25,PROD0017,Lahore-Hub,0,1,469,49
2026-08-25,PROD0018,Karachi-Main,0,4,101,57
2026-08-25,PROD0019,Karachi-Main,0,2,169,55
2026-08-25,PROD0020,Lahore-Hub,0,2,116,38
2026-08-25,PROD0021,Karachi-Main,0,0,119,54
2026-08-25,PROD0022,Karachi-Main,0,2,472,49
2026-08-25,PROD0023,Karachi-Main,0,4,377,22
2026-08-25,PROD0024,Karachi-Main,0,3,264,38
2026-08-25,PROD0025,Lahore-Hub,0,1,202,41
2026-08-25,PROD0026,Lahore-Hub,0,7,495,21
2026-08-25,PROD0027,Karachi-Main,0,2,197,46
2026-08-25,PROD0028,Lahore-Hub,0,3,584,57
2026-08-25,PROD0029,Lahore-Hub,0,3,303,60
2026-08-25,PROD0030,Karachi-Main,0,5,219,24
2026-08-25,PROD0031,Lahore-Hub,0,1,245,50
2026-08-25,PROD0032,Lahore-Hub,50,3,527,46
2026-08-25,PROD0033,Lahore-Hub,0,1,298,49
2026-08-25,PROD0034,Karachi-Main,0,3,336,58
2026-08-25,PROD0035,Lahore-Hub,0,3,333,56
2026-08-25,PROD0036,Karachi-Main,0,5,470,34
2026-08-25,PROD0037,Karachi-Main,0,5,529,40
2026-08-25,PROD0038,Lahore-Hub,0,2,452,57
2026-08-25,PROD0039,Lahore-Hub,0,1,368,34
2026-08-25,PROD0040,Karachi-Main,0,2,400,48
2026-08-25,PROD0041,Karachi-Main,0,1,154,36
2026-08-25,PROD0042,Lahore-Hub,0,4,109,39
2026-08-25,PROD0043,Lahore-Hub,0,5,474,22
2026-08-25,PROD0044,Karachi-Main,0,5,472,34
2026-08-25,PROD0045,Karachi-Main,100,0,300,57
2026-08-25,PROD0046,Karachi-Main,0,5,331,36
2026-08-25,PROD0047,Lahore-Hub,0,1,432,45
2026-08-25,PROD0048,Lahore-Hub,0,2,238,36
2026-08-25,PROD0049,Lahore-Hub,0,2,295,20
2026-08-25,PROD0050,Lahore-Hub,0,0,161,53
2026-08-25,PROD0051,Lahore-Hub,0,3,26,34
2026-08-25,PROD0052,Lahore-Hub,0,1,144,22
2026-08-25,PROD0053,Lahore-Hub,0,4,18,34
2026-08-25,PROD0054,Karachi-Main,0,3,278,48
2026-08-25,PROD0055,Lahore-Hub,0,3,257,35
2026-08-25,PROD0056,Karachi-Main,20,5,124,45
2026-08-25,PROD0057,Karachi-Main,0,3,81,20
2026-08-25,PROD0058,Lahore-Hub,0,4,54,47
2026-08-25,PROD0059,Lahore-Hub,0,1,758,23
2026-08-25,PROD0060,Karachi-Main,0,1,386,24
2026-08-26,PROD0001,Karachi-Main,0,4,278,52
2026-08-26,PROD0002,Karachi-Main,0,2,274,32
2026-08-26,PROD0003,Karachi-Main,0,3,305,33
2026-08-26,PROD0004,Lahore-Hub,100,1,589,29
2026-08-26,PROD0005,Lahore-Hub,0,3,515,41
2026-08-26,PROD0006,Karachi-Main,0,4,484,52
2026-08-26,PROD0007,Lahore-Hub,0,2,511,37
2026-08-26,PROD0008,Lahore-Hub,0,4,394,53
2026-08-26,PROD0009,Lahore-Hub,100,9,483,45
2026-08-26,PROD0010,Karachi-Main,0,4,316,53
2026-08-26,PROD0011,Karachi-Main,0,2,286,57
2026-08-26,PROD0012,Lahore-Hub,0,5,161,59
2026-08-26,PROD0013,Lahore-Hub,0,0,380,59
2026-08-26,PROD0014,Karachi-Main,0,2,230,32
2026-08-26,PROD0015,Karachi-Main,0,2,52,47
2026-08-26,PROD0016,Karachi-Main,0,4,160,22
2026-08-26,PROD0017,Karachi-Main,0,1,468,49
2026-08-26,PROD0018,Karachi-Main,0,3,98,57
2026-08-26,PROD0019,Karachi-Main,0,7,162,55
2026-08-26,PROD0020,Lahore-Hub,0,1,115,38
2026-08-26,PROD0021,Karachi-Main,0,3,116,54
2026-08-26,PROD0022,Lahore-Hub,0,3,469,49
2026-08-26,PROD0023,Karachi-Main,0,3,374,22
2026-08-26,PROD0024,Karachi-Main,0,1,263,38
2026-08-26,PROD0025,Karachi-Main,0,1,201,41
2026-08-26,PROD0026,Karachi-Main,0,2,493,21
2026-08-26,PROD0027,Lahore-Hub,0,7,190,46
2026-08-26,PROD0028,Lahore-Hub,0,5,579,57
2026-08-26,PROD0029,Lahore-Hub,0,5,298,60
2026-08-26,PROD0030,Karachi-Main,0,2,217,24
2026-08-26,PROD0031,Karachi-Main,0,8,237,50
2026-08-26,PROD0032,Lahore-Hub,0,5,522,46
2026-08-26,PROD0033,Karachi-Main,0,4,294,49
2026-08-26,PROD0034,Lahore-Hub,0,3,333,58
2026-08-26,PROD0035,Lahore-Hub,0,5,328,56
2026-08-26,PROD0036,Karachi-Main,0,2,468,34
2026-08-26,PROD0037,Lahore-Hub,0,4,525,40
2026-08-26,PROD0038,Karachi-Main,0,0,452,57
2026-08-26,PROD0039,Lahore-Hub,0,2,366,34
2026-08-26,PROD0040,Lahore-Hub,0,3,397,48
2026-08-26,PROD0041,Lahore-Hub,0,7,147,36
2026-08-26,PROD0042,Karachi-Main,0,5,104,39
2026-08-26,PROD0043,Karachi-Main,0,5,469,22
2026-08-26,PROD0044,Karachi-Main,0,3,469,34
2026-08-26,PROD0045,Lahore-Hub,0,1,299,57
2026-08-26,PROD0046,Karachi-Main,0,2,329,36
2026-08-26,PROD0047,Karachi-Main,0,2,430,45
2026-08-26,PROD0048,Lahore-Hub,0,5,233,36
2026-08-26,PROD0049,Karachi-Main,0,1,294,20
2026-08-26,PROD0050,Lahore-Hub,0,3,158,53
2026-08-26,PROD0051,Lahore-Hub,0,2,24,34
2026-08-26,PROD0052,Karachi-Main,0,2,142,22
2026-08-26,PROD0053,Karachi-Main,0,3,15,34
2026-08-26,PROD0054,Lahore-Hub,0,5,273,48
2026-08-26,PROD0055,Karachi-Main,100,3,354,35
2026-08-26,PROD0056,Karachi-Main,0,1,123,45
2026-08-26,PROD0057,Lahore-Hub,0,3,78,20
2026-08-26,PROD0058,Karachi-Main,0,1,53,47
2026-08-26,PROD0059,Karachi-Main,0,3,755,23
2026-08-26,PROD0060,Karachi-Main,0,2,384,24
2026-08-27,PROD0001,Lahore-Hub,0,5,273,52
2026-08-27,PROD0002,Karachi-Main,0,4,270,32
2026-08-27,PROD0003,Lahore-Hub,0,5,300,33
2026-08-27,PROD0004,Karachi-Main,0,1,588,29
2026-08-27,PROD0005,Karachi-Main,0,1,514,41
2026-08-27,PROD0006,Karachi-Main,0,1,483,52
2026-08-27,PROD0007,Lahore-Hub,0,2,509,37
2026-08-27,PROD0008,Lahore-Hub,0,2,392,53
2026-08-27,PROD0009,Lahore-Hub,0,1,482,45
2026-08-27,PROD0010,Karachi-Main,0,1,315,53
2026-08-27,PROD0011,Karachi-Main,0,4,282,57
2026-08-27,PROD0012,Lahore-Hub,0,6,155,59
2026-08-27,PROD0013,Karachi-Main,0,3,377,59
2026-08-27,PROD0014,Karachi-Main,0,1,229,32
2026-08-27,PROD0015,Karachi-Main,20,6,66,47
2026-08-27,PROD0016,Lahore-Hub,0,2,158,22
2026-08-27,PROD0017,Lahore-Hub,0,3,465,49
2026-08-27,PROD0018,Karachi-Main,0,7,91,57
2026-08-27,PROD0019,Lahore-Hub,0,3,159,55
2026-08-27,PROD0020,Lahore-Hub,0,5,110,38
2026-08-27,PROD0021,Lahore-Hub,20,4,132,54
2026-08-27,PROD0022,Lahore-Hub,0,4,465,49
2026-08-27,PROD0023,Lahore-Hub,0,4,370,22
2026-08-27,PROD0024,Lahore-Hub,0,6,257,38
2026-08-27,PROD0025,Lahore-Hub,0,3,198,41
2026-08-27,PROD0026,Lahore-Hub,20,3,510,21
2026-08-27,PROD0027,Lahore-Hub,0,4,186,46
2026-08-27,PROD0028,Lahore-Hub,0,7,572,57
2026-08-27,PROD0029,Karachi-Main,0,2,296,60
2026-08-27,PROD0030,Karachi-Main,0,1,216,24
2026-08-27,PROD0031,Lahore-Hub,0,2,235,50
2026-08-27,PROD0032,Lahore-Hub,0,3,519,46
2026-08-27,PROD0033,Karachi-Main,0,2,292,49
2026-08-27,PROD0034,Karachi-Main,0,3,330,58
2026-08-27,PROD0035,Karachi-Main,0,4,324,56
2026-08-27,PROD0036,Karachi-Main,0,0,468,34
2026-08-27,PROD0037,Karachi-Main,0,5,520,40
2026-08-27,PROD0038,Karachi-Main,0,0,452,57
2026-08-27,PROD0039,Lahore-Hub,0,5,361,34
2026-08-27,PROD0040,Karachi-Main,0,4,393,48
2026-08-27,PROD0041,Karachi-Main,0,4,143,36
2026-08-27,PROD0042,Karachi-Main,0,4,100,39
2026-08-27,PROD0043,Lahore-Hub,0,2,467,22
2026-08-27,PROD0044,Lahore-Hub,0,1,468,34
2026-08-27,PROD0045,Lahore-Hub,0,2,297,57
2026-08-27,PROD0046,Karachi-Main,0,5,324,36
2026-08-27,PROD0047,Lahore-Hub,0,2,428,45
2026-08-27,PROD0048,Lahore-Hub,0,1,232,36
2026-08-27,PROD0049,Lahore-Hub,0,5,289,20
2026-08-27,PROD0050,Lahore-Hub,0,3,155,53
2026-08-27,PROD0051,Lahore-Hub,0,1,23,34
2026-08-27,PROD0052,Karachi-Main,0,0,142,22
2026-08-27,PROD0053,Lahore-Hub,0,5,10,34
2026-08-27,PROD0054,Karachi-Main,0,3,270,48
2026-08-27,PROD0055,Lahore-Hub,0,3,351,35
2026-08-27,PROD0056,Karachi-Main,0,2,121,45
2026-08-27,PROD0057,Lahore-Hub,0,2,76,20
2026-08-27,PROD0058,Karachi-Main,0,3,50,47
2026-08-27,PROD0059,Karachi-Main,0,2,753,23
2026-08-27,PROD0060,Karachi-Main,0,5,379,24
2026-08-28,PROD0001,Karachi-Main,0,3,270,52
2026-08-28,PROD0002,Karachi-Main,0,4,266,32
2026-08-28,PROD0003,Lahore-Hub,0,3,297,33
2026-08-28,PROD0004,Karachi-Main,0,5,583,29
2026-08-28,PROD0005,Karachi-Main,0,1,513,41
2026-08-28,PROD0006,Karachi-Main,0,3,480,52
2026-08-28,PROD0007,Lahore-Hub,0,4,505,37
2026-08-28,PROD0008,Karachi-Main,0,2,390,53
2026-08-28,PROD0009,Karachi-Main,0,1,481,45
2026-08-28,PROD0010,Karachi-Main,0,1,314,53
2026-08-28,PROD0011,Karachi-Main,0,3,279,57
2026-08-28,PROD0012,Lahore-Hub,0,3,152,59
2026-08-28,PROD0013,Karachi-Main,0,1,376,59
2026-08-28,PROD0014,Lahore-Hub,0,6,223,32
2026-08-28,PROD0015,Karachi-Main,0,2,64,47
2026-08-28,PROD0016,Karachi-Main,0,1,157,22
2026-08-28,PROD0017,Karachi-Main,0,6,459,49
2026-08-28,PROD0018,Karachi-Main,0,3,88,57
2026-08-28,PROD0019,Karachi-Main,0,1,158,55
2026-08-28,PROD0020,Karachi-Main,100,2,208,38
2026-08-28,PROD0021,Lahore-Hub,0,2,130,54
2026-08-28,PROD0022,Karachi-Main,0,4,461,49
2026-08-28,PROD0023,Karachi-Main,0,3,367,22
2026-08-28,PROD0024,Karachi-Main,0,3,254,38
2026-08-28,PROD0025,Lahore-Hub,0,5,193,41
2026-08-28,PROD0026,Lahore-Hub,0,1,509,21
2026-08-28,PROD0027,Lahore-Hub,50,3,233,46
2026-08-28,PROD0028,Lahore-Hub,0,5,567,57
2026-08-28,PROD0029,Lahore-Hub,0,3,293,60
2026-08-28,PROD0030,Lahore-Hub,0,3,213,24
2026-08-28,PROD0031,Karachi-Main,0,2,233,50
2026-08-28,PROD0032,Lahore-Hub,0,4,515,46
2026-08-28,PROD0033,Lahore-Hub,0,4,288,49
2026-08-28,PROD0034,Lahore-Hub,0,4,326,58
2026-08-28,PROD0035,Lahore-Hub,0,0,324,56
2026-08-28,PROD0036,Karachi-Main,100,4,564,34
2026-08-28,PROD0037,Lahore-Hub,0,2,518,40
2026-08-28,PROD0038,Karachi-Main,0,2,450,57
2026-08-28,PROD0039,Lahore-Hub,0,5,356,34
2026-08-28,PROD0040,Lahore-Hub,0,3,390,48
2026-08-28,PROD0041,Lahore-Hub,0,2,141,36
2026-08-28,PROD0042,Karachi-Main,0,5,95,39
2026-08-28,PROD0043,Karachi-Main,0,2,465,22
2026-08-28,PROD0044,Lahore-Hub,0,1,467,34
2026-08-28,PROD0045,Lahore-Hub,100,3,394,57
2026-08-28,PROD0046,Karachi-Main,0,3,321,36
2026-08-28,PROD0047,Karachi-Main,0,1,427,45
2026-08-28,PROD0048,Lahore-Hub,0,3,229,36
2026-08-28,PROD0049,Lahore-Hub,0,1,288,20
2026-08-28,PROD0050,Karachi-Main,0,4,151,53
2026-08-28,PROD0051,Karachi-Main,0,3,20,34
2026-08-28,PROD0052,Lahore-Hub,0,4,138,22
2026-08-28,PROD0053,Karachi-Main,0,3,7,34
2026-08-28,PROD0054,Lahore-Hub,20,6,284,48
2026-08-28,PROD0055,Lahore-Hub,0,1,350,35
2026-08-28,PROD0056,Karachi-Main,0,3,118,45
2026-08-28,PROD0057,Karachi-Main,0,5,71,20
2026-08-28,PROD0058,Lahore-Hub,0,2,48,47
2026-08-28,PROD0059,Karachi-Main,0,3,750,23
2026-08-28,PROD0060,Lahore-Hub,0,2,377,24
2026-08-29,PROD0001,Lahore-Hub,0,5,265,52
2026-08-29,PROD0002,Lahore-Hub,0,0,266,32
2026-08-29,PROD0003,Lahore-Hub,0,1,296,33
2026-08-29,PROD0004,Lahore-Hub,0,3,580,29
2026-08-29,PROD0005,Karachi-Main,0,3,510,41
2026-08-29,PROD0006,Karachi-Main,0,4,476,52
2026-08-29,PROD0007,Karachi-Main,0,4,501,37
2026-08-29,PROD0008,Lahore-Hub,0,4,386,53
2026-08-29,PROD0009,Karachi-Main,0,5,476,45
2026-08-29,PROD0010,Lahore-Hub,0,3,311,53
2026-08-29,PROD0011,Karachi-Main,0,4,275,57
2026-08-29,PROD0012,Lahore-Hub,0,0,152,59
2026-08-29,PROD0013,Lahore-Hub,0,4,372,59
2026-08-29,PROD0014,Karachi-Main,0,4,219,32
2026-08-29,PROD0015,Karachi-Main,0,1,63,47
2026-08-29,PROD0016,Karachi-Main,0,5,152,22
2026-08-29,PROD0017,Lahore-Hub,0,2,457,49
2026-08-29,PROD0018,Lahore-Hub,50,2,136,57
2026-08-29,PROD0019,Karachi-Main,0,3,155,55
2026-08-29,PROD0020,Karachi-Main,0,4,204,38
2026-08-29,PROD0021,Karachi-Main,0,4,126,54
2026-08-29,PROD0022,Lahore-Hub,0,2,459,49
2026-08-29,PROD0023,Lahore-Hub,100,1,466,22
2026-08-29,PROD0024,Lahore-Hub,0,5,249,38
2026-08-29,PROD0025,Karachi-Main,0,4,189,41
2026-08-29,PROD0026,Lahore-Hub,0,5,504,21
2026-08-29,PROD0027,Lahore-Hub,0,3,230,46
2026-08-29,PROD0028,Lahore-Hub,0,3,564,57
2026-08-29,PROD0029,Karachi-Main,0,2,291,60
2026-08-29,PROD0030,Karachi-Main,0,3,210,24
2026-08-29,PROD0031,Karachi-Main,0,1,232,50
2026-08-29,PROD0032,Karachi-Main,0,2,513,46
2026-08-29,PROD0033,Karachi-Main,0,4,284,49
2026-08-29,PROD0034,Karachi-Main,0,2,324,58
2026-08-29,PROD0035,Karachi-Main,0,5,319,56
2026-08-29,PROD0036,Lahore-Hub,0,4,560,34
2026-08-29,PROD0037,Karachi-Main,0,2,516,40
2026-08-29,PROD0038,Karachi-Main,0,4,446,57
2026-08-29,PROD0039,Lahore-Hub,0,1,355,34
2026-08-29,PROD0040,Lahore-Hub,0,4,386,48
2026-08-29,PROD0041,Lahore-Hub,0,2,139,36
2026-08-29,PROD0042,Lahore-Hub,0,7,88,39
2026-08-29,PROD0043,Karachi-Main,0,3,462,22
2026-08-29,PROD0044,Lahore-Hub,0,2,465,34
2026-08-29,PROD0045,Karachi-Main,0,6,388,57
2026-08-29,PROD0046,Karachi-Main,0,1,320,36
2026-08-29,PROD0047,Lahore-Hub,0,2,425,45
2026-08-29,PROD0048,Lahore-Hub,0,4,225,36
2026-08-29,PROD0049,Karachi-Main,0,7,281,20
2026-08-29,PROD0050,Karachi-Main,0,5,146,53
2026-08-29,PROD0051,Lahore-Hub,0,2,18,34
2026-08-29,PROD0052,Karachi-Main,0,4,134,22
2026-08-29,PROD0053,Karachi-Main,0,5,2,34
2026-08-29,PROD0054,Karachi-Main,0,2,282,48
2026-08-29,PROD0055,Karachi-Main,0,2,348,35
2026-08-29,PROD0056,Lahore-Hub,0,1,117,45
2026-08-29,PROD0057,Lahore-Hub,0,1,70,20
2026-08-29,PROD0058,Karachi-Main,0,3,45,47
2026-08-29,PROD0059,Lahore-Hub,0,4,746,23
2026-08-29,PROD0060,Karachi-Main,0,2,375,24
2026-08-30,PROD0001,Karachi-Main,0,1,264,52
2026-08-30,PROD0002,Lahore-Hub,0,1,265,32
2026-08-30,PROD0003,Karachi-Main,0,5,291,33
2026-08-30,PROD0004,Karachi-Main,0,1,579,29
2026-08-30,PROD0005,Lahore-Hub,0,2,508,41
2026-08-30,PROD0006,Karachi-Main,50,2,524,52
2026-08-30,PROD0007,Lahore-Hub,0,1,500,37
2026-08-30,PROD0008,Lahore-Hub,0,4,382,53
2026-08-30,PROD0009,Karachi-Main,0,2,474,45
2026-08-30,PROD0010,Lahore-Hub,0,2,309,53
2026-08-30,PROD0011,Lahore-Hub,0,2,273,57
2026-08-30,PROD0012,Karachi-Main,0,4,148,59
2026-08-30,PROD0013,Karachi-Main,0,8,364,59
2026-08-30,PROD0014,Karachi-Main,0,2,217,32
2026-08-30,PROD0015,Karachi-Main,0,3,60,47
2026-08-30,PROD0016,Karachi-Main,0,3,149,22
2026-08-30,PROD0017,Lahore-Hub,0,0,457,49
2026-08-30,PROD0018,Karachi-Main,0,3,133,57
2026-08-30,PROD0019,Karachi-Main,0,3,152,55
2026-08-30,PROD0020,Karachi-Main,0,7,197,38
2026-08-30,PROD0021,Karachi-Main,0,3,123,54
2026-08-30,PROD0022,Karachi-Main,0,2,457,49
2026-08-30,PROD0023,Karachi-Main,50,0,516,22
2026-08-30,PROD0024,Karachi-Main,0,5,244,38
2026-08-30,PROD0025,Karachi-Main,0,2,187,41
2026-08-30,PROD0026,Lahore-Hub,0,2,502,21
2026-08-30,PROD0027,Lahore-Hub,0,3,227,46
2026-08-30,PROD0028,Lahore-Hub,0,2,562,57
2026-08-30,PROD0029,Karachi-Main,0,1,290,60
2026-08-30,PROD0030,Karachi-Main,0,5,205,24
2026-08-30,PROD0031,Karachi-Main,50,2,280,50
2026-08-30,PROD0032,Karachi-Main,0,2,511,46
2026-08-30,PROD0033,Lahore-Hub,0,4,280,49
2026-08-30,PROD0034,Lahore-Hub,0,1,323,58
2026-08-30,PROD0035,Karachi-Main,0,1,318,56
2026-08-30,PROD0036,Lahore-Hub,0,3,557,34
2026-08-30,PROD0037,Karachi-Main,0,1,515,40
2026-08-30,PROD0038,Karachi-Main,0,2,444,57
2026-08-30,PROD0039,Lahore-Hub,0,5,350,34
2026-08-30,PROD0040,Lahore-Hub,0,3,383,48
2026-08-30,PROD0041,Lahore-Hub,0,2,137,36
2026-08-30,PROD0042,Karachi-Main,0,1,87,39
2026-08-30,PROD0043,Lahore-Hub,0,4,458,22
2026-08-30,PROD0044,Lahore-Hub,0,5,460,34
2026-08-30,PROD0045,Lahore-Hub,0,3,385,57
2026-08-30,PROD0046,Karachi-Main,0,6,314,36
2026-08-30,PROD0047,Karachi-Main,0,5,420,45
2026-08-30,PROD0048,Karachi-Main,0,4,221,36
2026-08-30,PROD0049,Karachi-Main,0,4,277,20
2026-08-30,PROD0050,Lahore-Hub,0,2,144,53
2026-08-30,PROD0051,Karachi-Main,0,3,15,34
2026-08-30,PROD0052,Karachi-Main,0,6,128,22
2026-08-30,PROD0053,Karachi-Main,0,3,0,34
2026-08-30,PROD0054,Karachi-Main,0,1,281,48
2026-08-30,PROD0055,Lahore-Hub,0,5,343,35
2026-08-30,PROD0056,Lahore-Hub,0,3,114,45
2026-08-30,PROD0057,Lahore-Hub,0,1,69,20
2026-08-30,PROD0058,Lahore-Hub,0,2,43,47
2026-08-30,PROD0059,Karachi-Main,0,2,744,23
2026-08-30,PROD0060,Lahore-Hub,0,1,374,24
2026-08-31,PROD0001,Karachi-Main,0,4,260,52
2026-08-31,PROD0002,Karachi-Main,0,3,262,32
2026-08-31,PROD0003,Karachi-Main,0,5,286,33
2026-08-31,PROD0004,Karachi-Main,0,2,577,29
2026-08-31,PROD0005,Lahore-Hub,0,2,506,41
2026-08-31,PROD0006,Karachi-Main,20,1,543,52
2026-08-31,PROD0007,Lahore-Hub,0,5,495,37
2026-08-31,PROD0008,Karachi-Main,0,4,378,53
2026-08-31,PROD0009,Karachi-Main,0,3,471,45
2026-08-31,PROD0010,Lahore-Hub,0,5,304,53
2026-08-31,PROD0011,Lahore-Hub,0,2,271,57
2026-08-31,PROD0012,Karachi-Main,0,4,144,59
2026-08-31,PROD0013,Lahore-Hub,0,1,363,59
2026-08-31,PROD0014,Lahore-Hub,0,0,217,32
2026-08-31,PROD0015,Lahore-Hub,0,3,57,47
2026-08-31,PROD0016,Lahore-Hub,0,3,146,22
2026-08-31,PROD0017,Karachi-Main,0,6,451,49
2026-08-31,PROD0018,Lahore-Hub,0,2,131,57
2026-08-31,PROD0019,Lahore-Hub,0,4,148,55
2026-08-31,PROD0020,Karachi-Main,0,2,195,38
2026-08-31,PROD0021,Karachi-Main,100,1,222,54
2026-08-31,PROD0022,Lahore-Hub,0,5,452,49
2026-08-31,PROD0023,Karachi-Main,0,4,512,22
2026-08-31,PROD0024,Lahore-Hub,0,1,243,38
2026-08-31,PROD0025,Lahore-Hub,0,2,185,41
2026-08-31,PROD0026,Lahore-Hub,0,5,497,21
2026-08-31,PROD0027,Karachi-Main,0,1,226,46
2026-08-31,PROD0028,Lahore-Hub,0,3,559,57
2026-08-31,PROD0029,Karachi-Main,0,5,285,60
2026-08-31,PROD0030,Lahore-Hub,0,2,203,24
2026-08-31,PROD0031,Karachi-Main,0,2,278,50
2026-08-31,PROD0032,Lahore-Hub,0,3,508,46
2026-08-31,PROD0033,Karachi-Main,0,2,278,49
2026-08-31,PROD0034,Lahore-Hub,50,3,370,58
2026-08-31,PROD0035,Karachi-Main,0,2,316,56
2026-08-31,PROD0036,Karachi-Main,0,4,553,34
2026-08-31,PROD0037,Lahore-Hub,0,3,512,40
2026-08-31,PROD0038,Karachi-Main,0,4,440,57
2026-08-31,PROD0039,Karachi-Main,0,5,345,34
2026-08-31,PROD0040,Lahore-Hub,0,3,380,48
2026-08-31,PROD0041,Karachi-Main,100,1,236,36
2026-08-31,PROD0042,Lahore-Hub,0,1,86,39
2026-08-31,PROD0043,Lahore-Hub,0,2,456,22
2026-08-31,PROD0044,Karachi-Main,0,3,457,34
2026-08-31,PROD0045,Karachi-Main,0,5,380,57
2026-08-31,PROD0046,Lahore-Hub,0,2,312,36
2026-08-31,PROD0047,Lahore-Hub,0,1,419,45
2026-08-31,PROD0048,Karachi-Main,0,7,214,36
2026-08-31,PROD0049,Karachi-Main,0,5,272,20
2026-08-31,PROD0050,Lahore-Hub,0,2,142,53
2026-08-31,PROD0051,Karachi-Main,0,2,13,34
2026-08-31,PROD0052,Karachi-Main,0,2,126,22
2026-08-31,PROD0053,Lahore-Hub,0,2,0,34
2026-08-31,PROD0054,Lahore-Hub,50,1,330,48
2026-08-31,PROD0055,Lahore-Hub,0,3,340,35
2026-08-31,PROD0056,Lahore-Hub,0,2,112,45
2026-08-31,PROD0057,Karachi-Main,0,6,63,20
2026-08-31,PROD0058,Lahore-Hub,0,6,37,47
2026-08-31,PROD0059,Karachi-Main,0,2,742,23
2026-08-31,PROD0060,Karachi-Main,0,5,369,24
2026-09-01,PROD0001,Karachi-Main,0,1,259,52
2026-09-01,PROD0002,Karachi-Main,0,3,259,32
2026-09-01,PROD0003,Karachi-Main,20,5,301,33
2026-09-01,PROD0004,Karachi-Main,0,2,575,29
2026-09-01,PROD0005,Karachi-Main,0,2,504,41
2026-09-01,PROD0006,Karachi-Main,0,0,543,52
2026-09-01,PROD0007,Karachi-Main,0,3,492,37
2026-09-01,PROD0008,Karachi-Main,0,5,373,53
2026-09-01,PROD0009,Karachi-Main,0,2,469,45
2026-09-01,PROD0010,Lahore-Hub,50,4,350,53
2026-09-01,PROD0011,Lahore-Hub,0,1,270,57
2026-09-01,PROD0012,Lahore-Hub,0,4,140,59
2026-09-01,PROD0013,Karachi-Main,0,3,360,59
2026-09-01,PROD0014,Lahore-Hub,0,5,212,32
2026-09-01,PROD0015,Lahore-Hub,0,5,52,47
2026-09-01,PROD0016,Lahore-Hub,0,0,146,22
2026-09-01,PROD0017,Lahore-Hub,0,1,450,49
2026-09-01,PROD0018,Karachi-Main,0,3,128,57
2026-09-01,PROD0019,Karachi-Main,0,3,145,55
2026-09-01,PROD0020,Lahore-Hub,0,6,189,38
2026-09-01,PROD0021,Karachi-Main,0,0,222,54
2026-09-01,PROD0022,Lahore-Hub,0,4,448,49
2026-09-01,PROD0023,Lahore-Hub,20,5,527,22
2026-09-01,PROD0024,Karachi-Main,0,1,242,38
2026-09-01,PROD0025,Karachi-Main,0,5,180,41
2026-09-01,PROD0026,Karachi-Main,0,4,493,21
2026-09-01,PROD0027,Lahore-Hub,0,2,224,46
2026-09-01,PROD0028,Lahore-Hub,0,7,552,57
2026-09-01,PROD0029,Karachi-Main,0,2,283,60
2026-09-01,PROD0030,Karachi-Main,0,2,201,24
2026-09-01,PROD0031,Karachi-Main,0,2,276,50
2026-09-01,PROD0032,Karachi-Main,0,2,506,46
2026-09-01,PROD0033,Karachi-Main,0,5,273,49
2026-09-01,PROD0034,Karachi-Main,0,3,367,58
2026-09-01,PROD0035,Karachi-Main,0,0,316,56
2026-09-01,PROD0036,Lahore-Hub,0,0,553,34
2026-09-01,PROD0037,Lahore-Hub,0,1,511,40
2026-09-01,PROD0038,Lahore-Hub,0,5,435,57
2026-09-01,PROD0039,Karachi-Main,0,5,340,34
2026-09-01,PROD0040,Lahore-Hub,0,1,379,48
2026-09-01,PROD0041,Karachi-Main,0,5,231,36
2026-09-01,PROD0042,Karachi-Main,0,3,83,39
2026-09-01,PROD0043,Karachi-Main,0,5,451,22
2026-09-01,PROD0044,Lahore-Hub,0,5,452,34
2026-09-01,PROD0045,Lahore-Hub,0,2,378,57
2026-09-01,PROD0046,Lahore-Hub,0,4,308,36
2026-09-01,PROD0047,Lahore-Hub,0,1,418,45
2026-09-01,PROD0048,Lahore-Hub,0,2,212,36
2026-09-01,PROD0049,Karachi-Main,0,4,268,20
2026-09-01,PROD0050,Lahore-Hub,0,5,137,53
2026-09-01,PROD0051,Karachi-Main,0,1,12,34
2026-09-01,PROD0052,Lahore-Hub,0,1,125,22
2026-09-01,PROD0053,Lahore-Hub,0,1,0,34
2026-09-01,PROD0054,Karachi-Main,0,1,329,48
2026-09-01,PROD0055,Lahore-Hub,20,1,359,35
2026-09-01,PROD0056,Lahore-Hub,0,2,110,45
2026-09-01,PROD0057,Karachi-Main,0,2,61,20
2026-09-01,PROD0058,Karachi-Main,0,5,32,47
2026-09-01,PROD0059,Lahore-Hub,0,2,740,23
2026-09-01,PROD0060,Karachi-Main,0,5,364,24
2026-09-02,PROD0001,Karachi-Main,0,4,255,52
2026-09-02,PROD0002,Karachi-Main,0,6,253,32
2026-09-02,PROD0003,Lahore-Hub,0,6,295,33
2026-09-02,PROD0004,Lahore-Hub,0,6,569,29
2026-09-02,PROD0005,Lahore-Hub,0,1,503,41
2026-09-02,PROD0006,Karachi-Main,50,2,591,52
2026-09-02,PROD0007,Karachi-Main,100,5,587,37
2026-09-02,PROD0008,Lahore-Hub,0,5,368,53
2026-09-02,PROD0009,Karachi-Main,0,2,467,45
2026-09-02,PROD0010,Karachi-Main,0,5,345,53
2026-09-02,PROD0011,Karachi-Main,0,4,266,57
2026-09-02,PROD0012,Karachi-Main,0,3,137,59
2026-09-02,PROD0013,Lahore-Hub,0,2,358,59
2026-09-02,PROD0014,Karachi-Main,0,2,210,32
2026-09-02,PROD0015,Lahore-Hub,0,2,50,47
2026-09-02,PROD0016,Lahore-Hub,0,2,144,22
2026-09-02,PROD0017,Lahore-Hub,0,3,447,49
2026-09-02,PROD0018,Lahore-Hub,0,6,122,57
2026-09-02,PROD0019,Karachi-Main,0,1,144,55
2026-09-02,PROD0020,Karachi-Main,0,4,185,38
2026-09-02,PROD0021,Karachi-Main,0,1,221,54
2026-09-02,PROD0022,Karachi-Main,0,2,446,49
2026-09-02,PROD0023,Lahore-Hub,0,4,523,22
2026-09-02,PROD0024,Lahore-Hub,0,2,240,38
2026-09-02,PROD0025,Lahore-Hub,0,2,178,41
2026-09-02,PROD0026,Karachi-Main,0,6,487,21
2026-09-02,PROD0027,Karachi-Main,0,4,220,46
2026-09-02,PROD0028,Lahore-Hub,0,1,551,57
2026-09-02,PROD0029,Karachi-Main,0,1,282,60
2026-09-02,PROD0030,Karachi-Main,0,3,198,24
2026-09-02,PROD0031,Lahore-Hub,0,3,273,50
2026-09-02,PROD0032,Karachi-Main,0,3,503,46
2026-09-02,PROD0033,Lahore-Hub,0,4,269,49
2026-09-02,PROD0034,Lahore-Hub,20,0,387,58
2026-09-02,PROD0035,Lahore-Hub,100,3,413,56
2026-09-02,PROD0036,Karachi-Main,0,3,550,34
2026-09-02,PROD0037,Karachi-Main,0,2,509,40
2026-09-02,PROD0038,Lahore-Hub,0,5,430,57
2026-09-02,PROD0039,Lahore-Hub,0,2,338,34
2026-09-02,PROD0040,Lahore-Hub,0,4,375,48
2026-09-02,PROD0041,Karachi-Main,0,3,228,36
2026-09-02,PROD0042,Lahore-Hub,50,1,132,39
2026-09-02,PROD0043,Lahore-Hub,0,1,450,22
2026-09-02,PROD0044,Lahore-Hub,0,3,449,34
2026-09-02,PROD0045,Karachi-Main,0,1,377,57
2026-09-02,PROD0046,Lahore-Hub,0,3,305,36
2026-09-02,PROD0047,Karachi-Main,0,7,411,45
2026-09-02,PROD0048,Lahore-Hub,0,2,210,36
2026-09-02,PROD0049,Karachi-Main,0,4,264,20
2026-09-02,PROD0050,Lahore-Hub,0,2,135,53
2026-09-02,PROD0051,Karachi-Main,0,2,10,34
2026-09-02,PROD0052,Karachi-Main,0,2,123,22
2026-09-02,PROD0053,Lahore-Hub,0,1,0,34
2026-09-02,PROD0054,Lahore-Hub,0,2,327,48
2026-09-02,PROD0055,Karachi-Main,0,4,355,35
2026-09-02,PROD0056,Karachi-Main,0,2,108,45
2026-09-02,PROD0057,Karachi-Main,0,2,59,20
2026-09-02,PROD0058,Karachi-Main,0,0,32,47
2026-09-02,PROD0059,Lahore-Hub,0,1,739,23
2026-09-02,PROD0060,Karachi-Main,20,3,381,24
2026-09-03,PROD0001,Lahore-Hub,0,4,251,52
2026-09-03,PROD0002,Karachi-Main,0,3,250,32
2026-09-03,PROD0003,Karachi-Main,20,4,311,33
2026-09-03,PROD0004,Lahore-Hub,0,3,566,29
2026-09-03,PROD0005,Karachi-Main,0,7,496,41
2026-09-03,PROD0006,Karachi-Main,0,1,590,52
2026-09-03,PROD0007,Lahore-Hub,0,3,584,37
2026-09-03,PROD0008,Karachi-Main,0,0,368,53
2026-09-03,PROD0009,Lahore-Hub,0,3,464,45
2026-09-03,PROD0010,Karachi-Main,0,4,341,53
2026-09-03,PROD0011,Karachi-Main,0,2,264,57
2026-09-03,PROD0012,Lahore-Hub,0,1,136,59
2026-09-03,PROD0013,Lahore-Hub,0,3,355,59
2026-09-03,PROD0014,Karachi-Main,0,5,205,32
2026-09-03,PROD0015,Lahore-Hub,0,6,44,47
2026-09-03,PROD0016,Karachi-Main,0,4,140,22
2026-09-03,PROD0017,Lahore-Hub,0,0,447,49
2026-09-03,PROD0018,Lahore-Hub,0,4,118,57
2026-09-03,PROD0019,Karachi-Main,0,2,142,55
2026-09-03,PROD0020,Karachi-Main,20,2,203,38
2026-09-03,PROD0021,Lahore-Hub,0,2,219,54
2026-09-03,PROD0022,Lahore-Hub,0,3,443,49
2026-09-03,PROD0023,Lahore-Hub,0,3,520,22
2026-09-03,PROD0024,Lahore-Hub,0,4,236,38
2026-09-03,PROD0025,Lahore-Hub,0,1,177,41
2026-09-03,PROD0026,Lahore-Hub,0,1,486,21
2026-09-03,PROD0027,Karachi-Main,0,2,218,46
2026-09-03,PROD0028,Karachi-Main,0,3,548,57
2026-09-03,PROD0029,Karachi-Main,0,3,279,60
2026-09-03,PROD0030,Lahore-Hub,0,5,193,24
2026-09-03,PROD0031,Karachi-Main,0,3,270,50
2026-09-03,PROD0032,Lahore-Hub,0,0,503,46
2026-09-03,PROD0033,Karachi-Main,0,5,264,49
2026-09-03,PROD0034,Karachi-Main,0,1,386,58
2026-09-03,PROD0035,Lahore-Hub,0,2,411,56
2026-09-03,PROD0036,Karachi-Main,0,5,545,34
2026-09-03,PROD0037,Lahore-Hub,0,4,505,40
2026-09-03,PROD0038,Karachi-Main,0,1,429,57
2026-09-03,PROD0039,Lahore-Hub,0,4,334,34
2026-09-03,PROD0040,Lahore-Hub,0,10,365,48
2026-09-03,PROD0041,Karachi-Main,0,3,225,36
2026-09-03,PROD0042,Lahore-Hub,0,3,129,39
2026-09-03,PROD0043,Karachi-Main,0,7,443,22
2026-09-03,PROD0044,Lahore-Hub,0,4,445,34
2026-09-03,PROD0045,Karachi-Main,0,2,375,57
2026-09-03,PROD0046,Karachi-Main,0,5,300,36
2026-09-03,PROD0047,Karachi-Main,0,3,408,45
2026-09-03,PROD0048,Karachi-Main,0,2,208,36
2026-09-03,PROD0049,Lahore-Hub,0,5,259,20
2026-09-03,PROD0050,Lahore-Hub,0,3,132,53
2026-09-03,PROD0051,Karachi-Main,50,5,55,34
2026-09-03,PROD0052,Karachi-Main,0,4,119,22
2026-09-03,PROD0053,Karachi-Main,0,2,0,34
2026-09-03,PROD0054,Karachi-Main,0,3,324,48
2026-09-03,PROD0055,Karachi-Main,0,2,353,35
2026-09-03,PROD0056,Lahore-Hub,0,4,104,45
2026-09-03,PROD0057,Karachi-Main,0,3,56,20
2026-09-03,PROD0058,Lahore-Hub,0,2,30,47
2026-09-03,PROD0059,Lahore-Hub,0,3,736,23
2026-09-03,PROD0060,Lahore-Hub,20,2,399,24
2026-09-04,PROD0001,Karachi-Main,0,3,248,52
2026-09-04,PROD0002,Karachi-Main,0,2,248,32
2026-09-04,PROD0003,Lahore-Hub,0,3,308,33
2026-09-04,PROD0004,Karachi-Main,0,4,562,29
2026-09-04,PROD0005,Lahore-Hub,0,2,494,41
2026-09-04,PROD0006,Lahore-Hub,0,0,590,52
2026-09-04,PROD0007,Lahore-Hub,0,0,584,37
2026-09-04,PROD0008,Karachi-Main,0,1,367,53
2026-09-04,PROD0009,Karachi-Main,0,2,462,45
2026-09-04,PROD0010,Karachi-Main,0,1,340,53
2026-09-04,PROD0011,Lahore-Hub,0,1,263,57
2026-09-04,PROD0012,Lahore-Hub,0,4,132,59
2026-09-04,PROD0013,Lahore-Hub,0,0,355,59
2026-09-04,PROD0014,Karachi-Main,0,3,202,32
2026-09-04,PROD0015,Lahore-Hub,0,3,41,47
2026-09-04,PROD0016,Lahore-Hub,0,1,139,22
2026-09-04,PROD0017,Karachi-Main,0,2,445,49
2026-09-04,PROD0018,Karachi-Main,0,2,116,57
2026-09-04,PROD0019,Karachi-Main,0,0,142,55
2026-09-04,PROD0020,Karachi-Main,0,3,200,38
2026-09-04,PROD0021,Lahore-Hub,0,3,216,54
2026-09-04,PROD0022,Lahore-Hub,0,3,440,49
2026-09-04,PROD0023,Lahore-Hub,0,3,517,22
2026-09-04,PROD0024,Karachi-Main,0,1,235,38
2026-09-04,PROD0025,Karachi-Main,0,3,174,41
2026-09-04,PROD0026,Karachi-Main,0,4,482,21
2026-09-04,PROD0027,Karachi-Main,0,2,216,46
2026-09-04,PROD0028,Karachi-Main,0,2,546,57
2026-09-04,PROD0029,Karachi-Main,0,7,272,60
2026-09-04,PROD0030,Lahore-Hub,0,1,192,24
2026-09-04,PROD0031,Lahore-Hub,50,10,310,50
2026-09-04,PROD0032,Karachi-Main,0,1,502,46
2026-09-04,PROD0033,Karachi-Main,0,0,264,49
2026-09-04,PROD0034,Karachi-Main,0,3,383,58
2026-09-04,PROD0035,Lahore-Hub,0,3,408,56
2026-09-04,PROD0036,Lahore-Hub,0,3,542,34
2026-09-04,PROD0037,Karachi-Main,0,3,502,40
2026-09-04,PROD0038,Lahore-Hub,0,4,425,57
2026-09-04,PROD0039,Lahore-Hub,0,1,333,34
2026-09-04,PROD0040,Karachi-Main,0,3,362,48
2026-09-04,PROD0041,Karachi-Main,0,5,220,36
2026-09-04,PROD0042,Lahore-Hub,0,2,127,39
2026-09-04,PROD0043,Lahore-Hub,0,3,440,22
2026-09-04,PROD0044,Lahore-Hub,0,2,443,34
2026-09-04,PROD0045,Karachi-Main,0,1,374,57
2026-09-04,PROD0046,Karachi-Main,0,2,298,36
2026-09-04,PROD0047,Karachi-Main,0,5,403,45
2026-09-04,PROD0048,Karachi-Main,0,3,205,36
2026-09-04,PROD0049,Lahore-Hub,0,1,258,20
2026-09-04,PROD0050,Karachi-Main,20,1,151,53
2026-09-04,PROD0051,Karachi-Main,0,5,50,34
2026-09-04,PROD0052,Lahore-Hub,0,2,117,22
2026-09-04,PROD0053,Karachi-Main,0,3,0,34
2026-09-04,PROD0054,Lahore-Hub,0,5,319,48
2026-09-04,PROD0055,Karachi-Main,0,0,353,35
2026-09-04,PROD0056,Karachi-Main,0,5,99,45
2026-09-04,PROD0057,Lahore-Hub,20,3,73,20
2026-09-04,PROD0058,Lahore-Hub,0,1,29,47
2026-09-04,PROD0059,Lahore-Hub,0,2,734,23
2026-09-04,PROD0060,Karachi-Main,100,3,496,24
2026-09-05,PROD0001,Lahore-Hub,0,4,244,52
2026-09-05,PROD0002,Karachi-Main,50,4,294,32
2026-09-05,PROD0003,Karachi-Main,0,3,305,33
2026-09-05,PROD0004,Karachi-Main,0,2,560,29
2026-09-05,PROD0005,Karachi-Main,0,1,493,41
2026-09-05,PROD0006,Karachi-Main,0,6,584,52
2026-09-05,PROD0007,Lahore-Hub,0,5,579,37
2026-09-05,PROD0008,Karachi-Main,0,0,367,53
2026-09-05,PROD0009,Karachi-Main,0,1,461,45
2026-09-05,PROD0010,Karachi-Main,0,3,337,53
2026-09-05,PROD0011,Karachi-Main,0,5,258,57
2026-09-05,PROD0012,Karachi-Main,0,1,131,59
2026-09-05,PROD0013,Karachi-Main,0,3,352,59
2026-09-05,PROD0014,Lahore-Hub,0,5,197,32
2026-09-05,PROD0015,Karachi-Main,0,1,40,47
2026-09-05,PROD0016,Lahore-Hub,100,3,236,22
2026-09-05,PROD0017,Lahore-Hub,0,2,443,49
2026-09-05,PROD0018,Lahore-Hub,0,5,111,57
2026-09-05,PROD0019,Karachi-Main,0,4,138,55
2026-09-05,PROD0020,Karachi-Main,0,1,199,38
2026-09-05,PROD0021,Lahore-Hub,0,6,210,54
2026-09-05,PROD0022,Karachi-Main,0,2,438,49
2026-09-05,PROD0023,Karachi-Main,0,2,515,22
2026-09-05,PROD0024,Lahore-Hub,0,4,231,38
2026-09-05,PROD0025,Lahore-Hub,0,1,173,41
2026-09-05,PROD0026,Karachi-Main,0,3,479,21
2026-09-05,PROD0027,Karachi-Main,0,3,213,46
2026-09-05,PROD0028,Karachi-Main,0,3,543,57
2026-09-05,PROD0029,Karachi-Main,0,3,269,60
2026-09-05,PROD0030,Karachi-Main,0,4,188,24
2026-09-05,PROD0031,Lahore-Hub,0,4,306,50
2026-09-05,PROD0032,Lahore-Hub,0,3,499,46
2026-09-05,PROD0033,Lahore-Hub,0,3,261,49
2026-09-05,PROD0034,Lahore-Hub,0,4,379,58
2026-09-05,PROD0035,Lahore-Hub,0,3,405,56
2026-09-05,PROD0036,Karachi-Main,0,2,540,34
2026-09-05,PROD0037,Lahore-Hub,0,3,499,40
2026-09-05,PROD0038,Lahore-Hub,0,3,422,57
2026-09-05,PROD0039,Lahore-Hub,0,2,331,34
2026-09-05,PROD0040,Lahore-Hub,0,3,359,48
2026-09-05,PROD0041,Lahore-Hub,0,3,217,36
2026-09-05,PROD0042,Lahore-Hub,0,4,123,39
2026-09-05,PROD0043,Lahore-Hub,0,7,433,22
2026-09-05,PROD0044,Lahore-Hub,0,3,440,34
2026-09-05,PROD0045,Lahore-Hub,0,4,370,57
2026-09-05,PROD0046,Karachi-Main,0,3,295,36
2026-09-05,PROD0047,Karachi-Main,0,4,399,45
2026-09-05,PROD0048,Lahore-Hub,20,4,221,36
2026-09-05,PROD0049,Karachi-Main,0,2,256,20
2026-09-05,PROD0050,Karachi-Main,0,3,148,53
2026-09-05,PROD0051,Karachi-Main,0,3,47,34
2026-09-05,PROD0052,Karachi-Main,0,1,116,22
2026-09-05,PROD0053,Karachi-Main,0,1,0,34
2026-09-05,PROD0054,Karachi-Main,0,2,317,48
2026-09-05,PROD0055,Lahore-Hub,0,2,351,35
2026-09-05,PROD0056,Lahore-Hub,0,4,95,45
2026-09-05,PROD0057,Karachi-Main,0,2,71,20
2026-09-05,PROD0058,Karachi-Main,0,2,27,47
2026-09-05,PROD0059,Lahore-Hub,0,3,731,23
2026-09-05,PROD0060,Lahore-Hub,0,2,494,24
2026-09-06,PROD0001,Karachi-Main,0,1,243,52
2026-09-06,PROD0002,Karachi-Main,0,3,291,32
2026-09-06,PROD0003,Lahore-Hub,0,2,303,33
2026-09-06,PROD0004,Lahore-Hub,0,2,558,29
2026-09-06,PROD0005,Lahore-Hub,0,2,491,41
2026-09-06,PROD0006,Karachi-Main,0,5,579,52
2026-09-06,PROD0007,Karachi-Main,0,2,577,37
2026-09-06,PROD0008,Karachi-Main,0,2,365,53
2026-09-06,PROD0009,Lahore-Hub,0,3,458,45
2026-09-06,PROD0010,Lahore-Hub,50,3,384,53
2026-09-06,PROD0011,Lahore-Hub,0,4,254,57
2026-09-06,PROD0012,Lahore-Hub,0,3,128,59
2026-09-06,PROD0013,Karachi-Main,0,4,348,59
2026-09-06,PROD0014,Karachi-Main,20,3,214,32
2026-09-06,PROD0015,Lahore-Hub,0,1,39,47
2026-09-06,PROD0016,Lahore-Hub,0,3,233,22
2026-09-06,PROD0017,Karachi-Main,50,3,490,49
2026-09-06,PROD0018,Lahore-Hub,0,1,110,57
2026-09-06,PROD0019,Karachi-Main,0,3,135,55
2026-09-06,PROD0020,Karachi-Main,0,2,197,38
2026-09-06,PROD0021,Karachi-Main,0,0,210,54
2026-09-06,PROD0022,Karachi-Main,0,0,438,49
2026-09-06,PROD0023,Lahore-Hub,0,2,513,22
2026-09-06,PROD0024,Karachi-Main,0,4,227,38
2026-09-06,PROD0025,Lahore-Hub,0,2,171,41
2026-09-06,PROD0026,Lahore-Hub,0,4,475,21
2026-09-06,PROD0027,Karachi-Main,0,1,212,46
2026-09-06,PROD0028,Lahore-Hub,0,3,540,57
2026-09-06,PROD0029,Karachi-Main,0,3,266,60
2026-09-06,PROD0030,Karachi-Main,0,0,188,24
2026-09-06,PROD0031,Karachi-Main,100,1,405,50
2026-09-06,PROD0032,Karachi-Main,0,4,495,46
2026-09-06,PROD0033,Lahore-Hub,0,3,258,49
2026-09-06,PROD0034,Lahore-Hub,0,1,378,58
2026-09-06,PROD0035,Karachi-Main,0,1,404,56
2026-09-06,PROD0036,Karachi-Main,0,4,536,34
2026-09-06,PROD0037,Lahore-Hub,0,3,496,40
2026-09-06,PROD0038,Karachi-Main,0,6,416,57
2026-09-06,PROD0039,Karachi-Main,0,5,326,34
2026-09-06,PROD0040,Karachi-Main,0,3,356,48
2026-09-06,PROD0041,Karachi-Main,0,3,214,36
2026-09-06,PROD0042,Lahore-Hub,0,2,121,39
2026-09-06,PROD0043,Lahore-Hub,0,2,431,22
2026-09-06,PROD0044,Lahore-Hub,0,1,439,34
2026-09-06,PROD0045,Lahore-Hub,0,0,370,57
2026-09-06,PROD0046,Lahore-Hub,0,6,289,36
2026-09-06,PROD0047,Lahore-Hub,0,1,398,45
2026-09-06,PROD0048,Lahore-Hub,0,4,217,36
2026-09-06,PROD0049,Karachi-Main,0,4,252,20
2026-09-06,PROD0050,Lahore-Hub,0,1,147,53
2026-09-06,PROD0051,Lahore-Hub,0,5,42,34
2026-09-06,PROD0052,Karachi-Main,0,2,114,22
2026-09-06,PROD0053,Lahore-Hub,0,4,0,34
2026-09-06,PROD0054,Lahore-Hub,0,1,316,48
2026-09-06,PROD0055,Karachi-Main,0,3,348,35
2026-09-06,PROD0056,Karachi-Main,0,8,87,45
2026-09-06,PROD0057,Lahore-Hub,0,4,67,20
2026-09-06,PROD0058,Karachi-Main,0,0,27,47
2026-09-06,PROD0059,Karachi-Main,0,4,727,23
2026-09-06,PROD0060,Lahore-Hub,0,6,488,24
2026-09-07,PROD0001,Lahore-Hub,0,2,241,52
2026-09-07,PROD0002,Lahore-Hub,0,4,287,32
2026-09-07,PROD0003,Karachi-Main,0,1,302,33
2026-09-07,PROD0004,Lahore-Hub,0,1,557,29
2026-09-07,PROD0005,Karachi-Main,0,2,489,41
2026-09-07,PROD0006,Lahore-Hub,0,2,577,52
2026-09-07,PROD0007,Karachi-Main,0,4,573,37
2026-09-07,PROD0008,Lahore-Hub,0,3,362,53
2026-09-07,PROD0009,Karachi-Main,0,1,457,45
2026-09-07,PROD0010,Lahore-Hub,0,5,379,53
2026-09-07,PROD0011,Lahore-Hub,0,6,248,57
2026-09-07,PROD0012,Karachi-Main,0,3,125,59
2026-09-07,PROD0013,Karachi-Main,0,3,345,59
2026-09-07,PROD0014,Karachi-Main,0,3,211,32
2026-09-07,PROD0015,Lahore-Hub,0,5,34,47
2026-09-07,PROD0016,Karachi-Main,0,2,231,22
2026-09-07,PROD0017,Karachi-Main,0,3,487,49
2026-09-07,PROD0018,Lahore-Hub,0,4,106,57
2026-09-07,PROD0019,Lahore-Hub,0,3,132,55
2026-09-07,PROD0020,Lahore-Hub,20,3,214,38
2026-09-07,PROD0021,Lahore-Hub,0,3,207,54
2026-09-07,PROD0022,Karachi-Main,0,0,438,49
2026-09-07,PROD0023,Lahore-Hub,0,0,513,22
2026-09-07,PROD0024,Karachi-Main,0,3,224,38
2026-09-07,PROD0025,Karachi-Main,0,6,165,41
2026-09-07,PROD0026,Karachi-Main,0,6,469,21
2026-09-07,PROD0027,Lahore-Hub,0,2,210,46
2026-09-07,PROD0028,Karachi-Main,0,5,535,57
2026-09-07,PROD0029,Lahore-Hub,0,2,264,60
2026-09-07,PROD0030,Lahore-Hub,0,3,185,24
2026-09-07,PROD0031,Lahore-Hub,0,0,405,50
2026-09-07,PROD0032,Karachi-Main,0,2,493,46
2026-09-07,PROD0033,Lahore-Hub,0,4,254,49
2026-09-07,PROD0034,Karachi-Main,50,3,425,58
2026-09-07,PROD0035,Lahore-Hub,50,6,448,56
2026-09-07,PROD0036,Karachi-Main,0,4,532,34
2026-09-07,PROD0037,Karachi-Main,0,4,492,40
2026-09-07,PROD0038,Karachi-Main,0,5,411,57
2026-09-07,PROD0039,Karachi-Main,0,5,321,34
2026-09-07,PROD0040,Lahore-Hub,0,0,356,48
2026-09-07,PROD0041,Lahore-Hub,0,4,210,36
2026-09-07,PROD0042,Lahore-Hub,0,2,119,39
2026-09-07,PROD0043,Karachi-Main,0,3,428,22
2026-09-07,PROD0044,Lahore-Hub,100,5,534,34
2026-09-07,PROD0045,Karachi-Main,0,2,368,57
2026-09-07,PROD0046,Lahore-Hub,0,3,286,36
2026-09-07,PROD0047,Karachi-Main,0,2,396,45
2026-09-07,PROD0048,Karachi-Main,0,6,211,36
2026-09-07,PROD0049,Lahore-Hub,0,1,251,20
2026-09-07,PROD0050,Lahore-Hub,0,2,145,53
2026-09-07,PROD0051,Lahore-Hub,0,3,39,34
2026-09-07,PROD0052,Lahore-Hub,0,4,110,22
2026-09-07,PROD0053,Karachi-Main,0,1,0,34
2026-09-07,PROD0054,Karachi-Main,0,2,314,48
2026-09-07,PROD0055,Lahore-Hub,0,2,346,35
2026-09-07,PROD0056,Karachi-Main,0,2,85,45
2026-09-07,PROD0057,Karachi-Main,0,3,64,20
2026-09-07,PROD0058,Lahore-Hub,0,3,24,47
2026-09-07,PROD0059,Karachi-Main,0,0,727,23
2026-09-07,PROD0060,Lahore-Hub,0,5,483,24
2026-09-08,PROD0001,Karachi-Main,0,4,237,52
2026-09-08,PROD0002,Lahore-Hub,0,4,283,32
2026-09-08,PROD0003,Lahore-Hub,0,0,302,33
2026-09-08,PROD0004,Lahore-Hub,0,3,554,29
2026-09-08,PROD0005,Lahore-Hub,0,4,485,41
2026-09-08,PROD0006,Lahore-Hub,0,2,575,52
2026-09-08,PROD0007,Lahore-Hub,0,1,572,37
2026-09-08,PROD0008,Karachi-Main,0,2,360,53
2026-09-08,PROD0009,Karachi-Main,0,4,453,45
2026-09-08,PROD0010,Karachi-Main,20,3,396,53
2026-09-08,PROD0011,Karachi-Main,0,2,246,57
2026-09-08,PROD0012,Karachi-Main,0,2,123,59
2026-09-08,PROD0013,Lahore-Hub,0,3,342,59
2026-09-08,PROD0014,Lahore-Hub,0,2,209,32
2026-09-08,PROD0015,Karachi-Main,0,3,31,47
2026-09-08,PROD0016,Karachi-Main,0,1,230,22
2026-09-08,PROD0017,Karachi-Main,0,5,482,49
2026-09-08,PROD0018,Karachi-Main,0,1,105,57
2026-09-08,PROD0019,Lahore-Hub,100,3,229,55
2026-09-08,PROD0020,Lahore-Hub,0,3,211,38
2026-09-08,PROD0021,Lahore-Hub,0,2,205,54
2026-09-08,PROD0022,Lahore-Hub,0,2,436,49
2026-09-08,PROD0023,Lahore-Hub,0,3,510,22
2026-09-08,PROD0024,Karachi-Main,0,4,220,38
2026-09-08,PROD0025,Lahore-Hub,0,3,162,41
2026-09-08,PROD0026,Lahore-Hub,0,0,469,21
2026-09-08,PROD0027,Karachi-Main,0,2,208,46
2026-09-08,PROD0028,Karachi-Main,0,1,534,57
2026-09-08,PROD0029,Lahore-Hub,0,1,263,60
2026-09-08,PROD0030,Lahore-Hub,0,3,182,24
2026-09-08,PROD0031,Karachi-Main,0,2,403,50
2026-09-08,PROD0032,Karachi-Main,0,2,491,46
2026-09-08,PROD0033,Karachi-Main,0,3,251,49
2026-09-08,PROD0034,Lahore-Hub,0,2,423,58
2026-09-08,PROD0035,Lahore-Hub,0,3,445,56
2026-09-08,PROD0036,Karachi-Main,0,3,529,34
2026-09-08,PROD0037,Lahore-Hub,0,2,490,40
2026-09-08,PROD0038,Karachi-Main,0,4,407,57
2026-09-08,PROD0039,Lahore-Hub,0,2,319,34
2026-09-08,PROD0040,Karachi-Main,0,3,353,48
2026-09-08,PROD0041,Lahore-Hub,0,2,208,36
2026-09-08,PROD0042,Lahore-Hub,0,2,117,39
2026-09-08,PROD0043,Karachi-Main,0,2,426,22
2026-09-08,PROD0044,Karachi-Main,0,3,531,34
2026-09-08,PROD0045,Karachi-Main,0,3,365,57
2026-09-08,PROD0046,Karachi-Main,0,3,283,36
2026-09-08,PROD0047,Karachi-Main,0,2,394,45
2026-09-08,PROD0048,Lahore-Hub,0,3,208,36
2026-09-08,PROD0049,Karachi-Main,0,1,250,20
2026-09-08,PROD0050,Lahore-Hub,0,4,141,53
2026-09-08,PROD0051,Lahore-Hub,50,4,85,34
2026-09-08,PROD0052,Lahore-Hub,0,2,108,22
2026-09-08,PROD0053,Lahore-Hub,0,1,0,34
2026-09-08,PROD0054,Lahore-Hub,0,3,311,48
2026-09-08,PROD0055,Lahore-Hub,0,3,343,35
2026-09-08,PROD0056,Karachi-Main,0,2,83,45
2026-09-08,PROD0057,Karachi-Main,0,4,60,20
2026-09-08,PROD0058,Karachi-Main,0,4,20,47
2026-09-08,PROD0059,Lahore-Hub,0,2,725,23
2026-09-08,PROD0060,Karachi-Main,0,4,479,24
2026-09-09,PROD0001,Lahore-Hub,0,3,234,52
2026-09-09,PROD0002,Lahore-Hub,0,1,282,32
2026-09-09,PROD0003,Lahore-Hub,0,4,298,33
2026-09-09,PROD0004,Karachi-Main,0,0,554,29
2026-09-09,PROD0005,Lahore-Hub,0,5,480,41
2026-09-09,PROD0006,Karachi-Main,0,1,574,52
2026-09-09,PROD0007,Karachi-Main,0,4,568,37
2026-09-09,PROD0008,Karachi-Main,0,2,358,53
2026-09-09,PROD0009,Karachi-Main,0,1,452,45
2026-09-09,PROD0010,Lahore-Hub,0,5,391,53
2026-09-09,PROD0011,Karachi-Main,50,3,293,57
2026-09-09,PROD0012,Karachi-Main,0,2,121,59
2026-09-09,PROD0013,Karachi-Main,0,2,340,59
2026-09-09,PROD0014,Lahore-Hub,0,7,202,32
2026-09-09,PROD0015,Lahore-Hub,0,4,27,47
2026-09-09,PROD0016,Lahore-Hub,0,2,228,22
2026-09-09,PROD0017,Karachi-Main,0,0,482,49
2026-09-09,PROD0018,Lahore-Hub,0,2,103,57
2026-09-09,PROD0019,Karachi-Main,0,1,228,55
2026-09-09,PROD0020,Lahore-Hub,0,2,209,38
2026-09-09,PROD0021,Karachi-Main,0,3,202,54
2026-09-09,PROD0022,Lahore-Hub,20,3,453,49
2026-09-09,PROD0023,Karachi-Main,0,3,507,22
2026-09-09,PROD0024,Lahore-Hub,0,4,216,38
2026-09-09,PROD0025,Karachi-Main,0,1,161,41
2026-09-09,PROD0026,Karachi-Main,0,4,465,21
2026-09-09,PROD0027,Lahore-Hub,0,4,204,46
2026-09-09,PROD0028,Lahore-Hub,0,2,532,57
2026-09-09,PROD0029,Lahore-Hub,0,4,259,60
2026-09-09,PROD0030,Lahore-Hub,0,6,176,24
2026-09-09,PROD0031,Karachi-Main,0,6,397,50
2026-09-09,PROD0032,Karachi-Main,0,2,489,46
2026-09-09,PROD0033,Lahore-Hub,0,2,249,49
2026-09-09,PROD0034,Karachi-Main,0,0,423,58
2026-09-09,PROD0035,Karachi-Main,0,3,442,56
2026-09-09,PROD0036,Lahore-Hub,0,1,528,34
2026-09-09,PROD0037,Lahore-Hub,0,5,485,40
2026-09-09,PROD0038,Karachi-Main,0,5,402,57
2026-09-09,PROD0039,Karachi-Main,0,3,316,34
2026-09-09,PROD0040,Karachi-Main,0,2,351,48
2026-09-09,PROD0041,Lahore-Hub,0,3,205,36
2026-09-09,PROD0042,Lahore-Hub,0,4,113,39
2026-09-09,PROD0043,Karachi-Main,0,2,424,22
2026-09-09,PROD0044,Karachi-Main,0,3,528,34
2026-09-09,PROD0045,Karachi-Main,0,2,363,57
2026-09-09,PROD0046,Karachi-Main,0,2,281,36
2026-09-09,PROD0047,Lahore-Hub,0,1,393,45
2026-09-09,PROD0048,Lahore-Hub,0,1,207,36
2026-09-09,PROD0049,Karachi-Main,0,5,245,20
2026-09-09,PROD0050,Lahore-Hub,0,2,139,53
2026-09-09,PROD0051,Lahore-Hub,0,5,80,34
2026-09-09,PROD0052,Lahore-Hub,0,2,106,22
2026-09-09,PROD0053,Lahore-Hub,0,1,0,34
2026-09-09,PROD0054,Karachi-Main,0,5,306,48
2026-09-09,PROD0055,Lahore-Hub,0,4,339,35
2026-09-09,PROD0056,Lahore-Hub,0,3,80,45
2026-09-09,PROD0057,Lahore-Hub,0,1,59,20
2026-09-09,PROD0058,Lahore-Hub,0,6,14,47
2026-09-09,PROD0059,Lahore-Hub,0,2,723,23
2026-09-09,PROD0060,Karachi-Main,0,3,476,24
2026-09-10,PROD0001,Lahore-Hub,0,0,234,52
2026-09-10,PROD0002,Lahore-Hub,0,3,279,32
2026-09-10,PROD0003,Lahore-Hub,0,4,294,33
2026-09-10,PROD0004,Karachi-Main,0,4,550,29
2026-09-10,PROD0005,Karachi-Main,0,4,476,41
2026-09-10,PROD0006,Karachi-Main,0,0,574,52
2026-09-10,PROD0007,Karachi-Main,0,4,564,37
2026-09-10,PROD0008,Lahore-Hub,0,5,353,53
2026-09-10,PROD0009,Lahore-Hub,0,3,449,45
2026-09-10,PROD0010,Lahore-Hub,0,2,389,53
2026-09-10,PROD0011,Lahore-Hub,50,3,340,57
2026-09-10,PROD0012,Karachi-Main,0,5,116,59
2026-09-10,PROD0013,Lahore-Hub,0,0,340,59
2026-09-10,PROD0014,Lahore-Hub,0,4,198,32
2026-09-10,PROD0015,Lahore-Hub,0,1,26,47
2026-09-10,PROD0016,Lahore-Hub,0,6,222,22
2026-09-10,PROD0017,Lahore-Hub,0,3,479,49
2026-09-10,PROD0018,Karachi-Main,0,4,99,57
2026-09-10,PROD0019,Karachi-Main,50,1,277,55
2026-09-10,PROD0020,Karachi-Main,0,4,205,38
2026-09-10,PROD0021,Karachi-Main,0,6,196,54
2026-09-10,PROD0022,Karachi-Main,0,2,451,49
2026-09-10,PROD0023,Lahore-Hub,0,6,501,22
2026-09-10,PROD0024,Lahore-Hub,100,4,312,38
2026-09-10,PROD0025,Karachi-Main,0,4,157,41
2026-09-10,PROD0026,Karachi-Main,0,3,462,21
2026-09-10,PROD0027,Karachi-Main,0,3,201,46
2026-09-10,PROD0028,Karachi-Main,50,2,580,57
2026-09-10,PROD0029,Lahore-Hub,0,3,256,60
2026-09-10,PROD0030,Karachi-Main,0,3,173,24
2026-09-10,PROD0031,Karachi-Main,0,3,394,50
2026-09-10,PROD0032,Lahore-Hub,0,2,487,46
2026-09-10,PROD0033,Lahore-Hub,50,2,297,49
2026-09-10,PROD0034,Lahore-Hub,0,5,418,58
2026-09-10,PROD0035,Lahore-Hub,0,1,441,56
2026-09-10,PROD0036,Lahore-Hub,0,2,526,34
2026-09-10,PROD0037,Lahore-Hub,0,6,479,40
2026-09-10,PROD0038,Lahore-Hub,0,4,398,57
2026-09-10,PROD0039,Lahore-Hub,0,1,315,34
2026-09-10,PROD0040,Lahore-Hub,0,3,348,48
2026-09-10,PROD0041,Lahore-Hub,0,3,202,36
2026-09-10,PROD0042,Karachi-Main,0,2,111,39
2026-09-10,PROD0043,Lahore-Hub,0,1,423,22
2026-09-10,PROD0044,Karachi-Main,0,4,524,34
2026-09-10,PROD0045,Lahore-Hub,0,5,358,57
2026-09-10,PROD0046,Karachi-Main,50,2,329,36
2026-09-10,PROD0047,Lahore-Hub,0,1,392,45
2026-09-10,PROD0048,Lahore-Hub,0,4,203,36
2026-09-10,PROD0049,Karachi-Main,0,3,242,20
2026-09-10,PROD0050,Karachi-Main,0,5,134,53
2026-09-10,PROD0051,Karachi-Main,0,2,78,34
2026-09-10,PROD0052,Lahore-Hub,0,1,105,22
2026-09-10,PROD0053,Lahore-Hub,0,2,0,34
2026-09-10,PROD0054,Karachi-Main,0,1,305,48
2026-09-10,PROD0055,Karachi-Main,0,7,332,35
2026-09-10,PROD0056,Lahore-Hub,0,2,78,45
2026-09-10,PROD0057,Karachi-Main,0,6,53,20
2026-09-10,PROD0058,Lahore-Hub,100,3,111,47
2026-09-10,PROD0059,Lahore-Hub,0,1,722,23
2026-09-10,PROD0060,Karachi-Main,0,4,472,24
2026-09-11,PROD0001,Karachi-Main,0,7,227,52
2026-09-11,PROD0002,Karachi-Main,0,0,279,32
2026-09-11,PROD0003,Lahore-Hub,0,5,289,33
2026-09-11,PROD0004,Lahore-Hub,0,3,547,29
2026-09-11,PROD0005,Karachi-Main,0,5,471,41
2026-09-11,PROD0006,Karachi-Main,0,3,571,52
2026-09-11,PROD0007,Karachi-Main,0,2,562,37
2026-09-11,PROD0008,Lahore-Hub,0,3,350,53
2026-09-11,PROD0009,Karachi-Main,0,2,447,45
2026-09-11,PROD0010,Karachi-Main,0,5,384,53
2026-09-11,PROD0011,Lahore-Hub,0,3,337,57
2026-09-11,PROD0012,Lahore-Hub,0,4,112,59
2026-09-11,PROD0013,Karachi-Main,50,2,388,59
2026-09-11,PROD0014,Lahore-Hub,0,1,197,32
2026-09-11,PROD0015,Karachi-Main,0,5,21,47
2026-09-11,PROD0016,Karachi-Main,0,4,218,22
2026-09-11,PROD0017,Karachi-Main,0,5,474,49
2026-09-11,PROD0018,Karachi-Main,0,5,94,57
2026-09-11,PROD0019,Karachi-Main,0,3,274,55
2026-09-11,PROD0020,Lahore-Hub,0,5,200,38
2026-09-11,PROD0021,Karachi-Main,0,2,194,54
2026-09-11,PROD0022,Lahore-Hub,0,1,450,49
2026-09-11,PROD0023,Lahore-Hub,0,3,498,22
2026-09-11,PROD0024,Lahore-Hub,0,6,306,38
2026-09-11,PROD0025,Karachi-Main,100,4,253,41
2026-09-11,PROD0026,Lahore-Hub,0,1,461,21
2026-09-11,PROD0027,Karachi-Main,0,6,195,46
2026-09-11,PROD0028,Karachi-Main,20,3,597,57
2026-09-11,PROD0029,Karachi-Main,0,2,254,60
2026-09-11,PROD0030,Lahore-Hub,0,0,173,24
2026-09-11,PROD0031,Karachi-Main,0,4,390,50
2026-09-11,PROD0032,Lahore-Hub,0,1,486,46
2026-09-11,PROD0033,Karachi-Main,0,4,293,49
2026-09-11,PROD0034,Lahore-Hub,0,2,416,58
2026-09-11,PROD0035,Lahore-Hub,0,6,435,56
2026-09-11,PROD0036,Lahore-Hub,0,2,524,34
2026-09-11,PROD0037,Karachi-Main,0,2,477,40
2026-09-11,PROD0038,Karachi-Main,0,6,392,57
2026-09-11,PROD0039,Karachi-Main,0,5,310,34
2026-09-11,PROD0040,Karachi-Main,0,1,347,48
2026-09-11,PROD0041,Karachi-Main,0,4,198,36
2026-09-11,PROD0042,Karachi-Main,0,1,110,39
2026-09-11,PROD0043,Lahore-Hub,0,4,419,22
2026-09-11,PROD0044,Karachi-Main,0,3,521,34
2026-09-11,PROD0045,Karachi-Main,0,3,355,57
2026-09-11,PROD0046,Karachi-Main,0,3,326,36
2026-09-11,PROD0047,Lahore-Hub,0,1,391,45
2026-09-11,PROD0048,Lahore-Hub,0,3,200,36
2026-09-11,PROD0049,Karachi-Main,0,2,240,20
2026-09-11,PROD0050,Karachi-Main,0,3,131,53
2026-09-11,PROD0051,Karachi-Main,0,3,75,34
2026-09-11,PROD0052,Karachi-Main,0,1,104,22
2026-09-11,PROD0053,Karachi-Main,0,3,0,34
2026-09-11,PROD0054,Karachi-Main,0,4,301,48
2026-09-11,PROD0055,Karachi-Main,0,3,329,35
2026-09-11,PROD0056,Lahore-Hub,0,4,74,45
2026-09-11,PROD0057,Lahore-Hub,0,4,49,20
2026-09-11,PROD0058,Karachi-Main,0,2,109,47
2026-09-11,PROD0059,Karachi-Main,0,2,720,23
2026-09-11,PROD0060,Karachi-Main,50,0,522,24
2026-09-12,PROD0001,Karachi-Main,0,2,225,52
2026-09-12,PROD0002,Lahore-Hub,0,4,275,32
2026-09-12,PROD0003,Lahore-Hub,0,3,286,33
2026-09-12,PROD0004,Karachi-Main,0,2,545,29
2026-09-12,PROD0005,Karachi-Main,50,6,515,41
2026-09-12,PROD0006,Karachi-Main,0,1,570,52
2026-09-12,PROD0007,Karachi-Main,0,2,560,37
2026-09-12,PROD0008,Lahore-Hub,0,6,344,53
2026-09-12,PROD0009,Lahore-Hub,0,1,446,45
2026-09-12,PROD0010,Karachi-Main,0,2,382,53
2026-09-12,PROD0011,Lahore-Hub,0,5,332,57
2026-09-12,PROD0012,Lahore-Hub,0,3,109,59
2026-09-12,PROD0013,Lahore-Hub,50,7,431,59
2026-09-12,PROD0014,Karachi-Main,0,2,195,32
2026-09-12,PROD0015,Lahore-Hub,0,2,19,47
2026-09-12,PROD0016,Karachi-Main,0,1,217,22
2026-09-12,PROD0017,Karachi-Main,0,0,474,49
2026-09-12,PROD0018,Karachi-Main,0,2,92,57
2026-09-12,PROD0019,Karachi-Main,0,2,272,55
2026-09-12,PROD0020,Karachi-Main,100,4,296,38
2026-09-12,PROD0021,Lahore-Hub,0,1,193,54
2026-09-12,PROD0022,Karachi-Main,0,6,444,49
2026-09-12,PROD0023,Lahore-Hub,0,3,495,22
2026-09-12,PROD0024,Karachi-Main,0,6,300,38
2026-09-12,PROD0025,Lahore-Hub,0,5,248,41
2026-09-12,PROD0026,Lahore-Hub,0,1,460,21
2026-09-12,PROD0027,Lahore-Hub,0,3,192,46
2026-09-12,PROD0028,Karachi-Main,0,5,592,57
2026-09-12,PROD0029,Karachi-Main,0,1,253,60
2026-09-12,PROD0030,Karachi-Main,0,4,169,24
2026-09-12,PROD0031,Lahore-Hub,0,3,387,50
2026-09-12,PROD0032,Karachi-Main,0,1,485,46
2026-09-12,PROD0033,Lahore-Hub,0,2,291,49
2026-09-12,PROD0034,Karachi-Main,0,3,413,58
2026-09-12,PROD0035,Lahore-Hub,0,2,433,56
2026-09-12,PROD0036,Karachi-Main,0,3,521,34
2026-09-12,PROD0037,Karachi-Main,0,3,474,40
2026-09-12,PROD0038,Karachi-Main,0,3,389,57
2026-09-12,PROD0039,Karachi-Main,0,3,307,34
2026-09-12,PROD0040,Karachi-Main,0,2,345,48
2026-09-12,PROD0041,Lahore-Hub,0,1,197,36
2026-09-12,PROD0042,Lahore-Hub,0,1,109,39
2026-09-12,PROD0043,Karachi-Main,0,4,415,22
2026-09-12,PROD0044,Karachi-Main,0,2,519,34
2026-09-12,PROD0045,Lahore-Hub,0,1,354,57
2026-09-12,PROD0046,Karachi-Main,0,2,324,36
2026-09-12,PROD0047,Lahore-Hub,0,4,387,45
2026-09-12,PROD0048,Lahore-Hub,0,1,199,36
2026-09-12,PROD0049,Karachi-Main,0,4,236,20
2026-09-12,PROD0050,Lahore-Hub,0,3,128,53
2026-09-12,PROD0051,Lahore-Hub,0,3,72,34
2026-09-12,PROD0052,Karachi-Main,0,2,102,22
2026-09-12,PROD0053,Karachi-Main,0,1,0,34
2026-09-12,PROD0054,Lahore-Hub,0,3,298,48
2026-09-12,PROD0055,Karachi-Main,0,0,329,35
2026-09-12,PROD0056,Karachi-Main,0,2,72,45
2026-09-12,PROD0057,Karachi-Main,0,4,45,20
2026-09-12,PROD0058,Karachi-Main,0,1,108,47
2026-09-12,PROD0059,Lahore-Hub,0,0,720,23
2026-09-12,PROD0060,Karachi-Main,0,0,522,24
2026-09-13,PROD0001,Karachi-Main,0,4,221,52
2026-09-13,PROD0002,Karachi-Main,50,1,324,32
2026-09-13,PROD0003,Lahore-Hub,0,3,283,33
2026-09-13,PROD0004,Lahore-Hub,0,4,541,29
2026-09-13,PROD0005,Lahore-Hub,0,1,514,41
2026-09-13,PROD0006,Lahore-Hub,0,3,567,52
2026-09-13,PROD0007,Lahore-Hub,0,2,558,37
2026-09-13,PROD0008,Lahore-Hub,0,3,341,53
2026-09-13,PROD0009,Karachi-Main,0,2,444,45
2026-09-13,PROD0010,Karachi-Main,0,2,380,53
2026-09-13,PROD0011,Lahore-Hub,0,2,330,57
2026-09-13,PROD0012,Lahore-Hub,0,2,107,59
2026-09-13,PROD0013,Karachi-Main,0,4,427,59
2026-09-13,PROD0014,Lahore-Hub,0,3,192,32
2026-09-13,PROD0015,Karachi-Main,0,2,17,47
2026-09-13,PROD0016,Lahore-Hub,0,3,214,22
2026-09-13,PROD0017,Karachi-Main,0,4,470,49
2026-09-13,PROD0018,Karachi-Main,0,4,88,57
2026-09-13,PROD0019,Lahore-Hub,0,3,269,55
2026-09-13,PROD0020,Lahore-Hub,0,5,291,38
2026-09-13,PROD0021,Karachi-Main,0,0,193,54
2026-09-13,PROD0022,Lahore-Hub,0,1,443,49
2026-09-13,PROD0023,Lahore-Hub,0,2,493,22
2026-09-13,PROD0024,Karachi-Main,0,4,296,38
2026-09-13,PROD0025,Karachi-Main,0,3,245,41
2026-09-13,PROD0026,Karachi-Main,20,4,476,21
2026-09-13,PROD0027,Karachi-Main,0,2,190,46
2026-09-13,PROD0028,Lahore-Hub,0,0,592,57
2026-09-13,PROD0029,Lahore-Hub,0,1,252,60
2026-09-13,PROD0030,Lahore-Hub,0,4,165,24
2026-09-13,PROD0031,Karachi-Main,0,2,385,50
2026-09-13,PROD0032,Karachi-Main,0,3,482,46
2026-09-13,PROD0033,Lahore-Hub,0,6,285,49
2026-09-13,PROD0034,Karachi-Main,0,3,410,58
2026-09-13,PROD0035,Karachi-Main,0,2,431,56
2026-09-13,PROD0036,Karachi-Main,0,2,519,34
2026-09-13,PROD0037,Lahore-Hub,0,2,472,40
2026-09-13,PROD0038,Lahore-Hub,0,5,384,57
2026-09-13,PROD0039,Lahore-Hub,0,3,304,34
2026-09-13,PROD0040,Lahore-Hub,0,1,344,48
2026-09-13,PROD0041,Lahore-Hub,0,5,192,36
2026-09-13,PROD0042,Karachi-Main,0,3,106,39
2026-09-13,PROD0043,Karachi-Main,0,3,412,22
2026-09-13,PROD0044,Lahore-Hub,0,2,517,34
2026-09-13,PROD0045,Karachi-Main,0,2,352,57
2026-09-13,PROD0046,Karachi-Main,0,4,320,36
2026-09-13,PROD0047,Lahore-Hub,0,3,384,45
2026-09-13,PROD0048,Lahore-Hub,0,6,193,36
2026-09-13,PROD0049,Karachi-Main,0,0,236,20
2026-09-13,PROD0050,Lahore-Hub,0,3,125,53
2026-09-13,PROD0051,Karachi-Main,0,4,68,34
2026-09-13,PROD0052,Karachi-Main,0,2,100,22
2026-09-13,PROD0053,Karachi-Main,0,2,0,34
2026-09-13,PROD0054,Lahore-Hub,0,2,296,48
2026-09-13,PROD0055,Lahore-Hub,0,2,327,35
2026-09-13,PROD0056,Karachi-Main,100,1,171,45
2026-09-13,PROD0057,Karachi-Main,0,5,40,20
2026-09-13,PROD0058,Lahore-Hub,0,2,106,47
2026-09-13,PROD0059,Karachi-Main,0,2,718,23
2026-09-13,PROD0060,Lahore-Hub,0,1,521,24
