order_id,order_date,customer_id,product_id,quantity,unit_price,discount,total_amount,payment_method,channel,order_status
ORD000547,2026-05-17 22:56:44.130675,CUST00247,PROD0040,1,4051.74,607.76,3443.98,JazzCash,Marketplace,Delivered
ORD001208,2026-05-17 23:13:44.130675,CUST00285,PROD0021,1,5313.35,531.34,4782.01,JazzCash,Instagram,Cancelled
ORD000529,2026-05-17 23:32:44.130675,CUST00179,PROD0014,1,5951.29,0.0,5951.29,COD,Facebook,Delivered
ORD000244,2026-05-17 23:40:44.130675,CUST00171,PROD0020,1,1311.0,0.0,1311.0,JazzCash,WhatsApp,Cancelled
ORD000848,2026-05-18 00:30:44.130675,CUST00131,PROD0031,4,6503.48,0.0,26013.92,COD,Instagram,Returned
ORD000232,2026-05-18 01:53:44.130675,CUST00281,PROD0027,1,4072.3,0.0,4072.3,JazzCash,Marketplace,Cancelled
ORD000118,2026-05-18 02:08:44.130675,CUST00209,PROD0013,1,3836.91,0.0,3836.91,Bank Transfer,Facebook,Returned
ORD000471,2026-05-18 02:59:44.130675,CUST00232,PROD0041,4,627.43,0.0,2509.72,JazzCash,Marketplace,Delivered
ORD001253,2026-05-18 03:21:44.130675,CUST00157,PROD0001,4,3382.01,0.0,13528.04,COD,Marketplace,Returned
ORD001090,2026-05-18 03:56:44.130675,CUST00133,PROD0025,3,845.83,0.0,2537.49,Card,Marketplace,Pending
ORD001181,2026-05-18 04:48:44.130675,CUST00216,PROD0033,1,3226.18,0.0,3226.18,EasyPaisa,Facebook,Delivered
ORD000668,2026-05-18 05:52:44.130675,CUST00206,PROD0023,3,8349.43,1252.41,23795.88,Card,Facebook,Returned
ORD000311,2026-05-18 06:42:44.130675,CUST00252,PROD0045,1,5135.47,0.0,5135.47,EasyPaisa,WhatsApp,Delivered
ORD000468,2026-05-18 06:46:44.130675,CUST00293,PROD0038,1,4805.71,720.86,4084.85,Card,WhatsApp,Delivered
ORD001114,2026-05-18 06:50:44.130675,CUST00172,PROD0060,3,1519.23,0.0,4557.69,EasyPaisa,Instagram,Cancelled
ORD000989,2026-05-18 07:34:44.130675,CUST00190,PROD0060,1,1519.23,0.0,1519.23,EasyPaisa,WhatsApp,Delivered
ORD001380,2026-05-18 07:59:44.130675,CUST00289,PROD0013,1,3836.91,0.0,3836.91,EasyPaisa,Marketplace,Cancelled
ORD001270,2026-05-18 12:12:44.130675,CUST00170,PROD0058,2,1138.07,227.61,2048.53,Card,WhatsApp,Pending
ORD000150,2026-05-18 22:30:44.130675,CUST00070,PROD0024,1,1137.57,0.0,1137.57,JazzCash,Website,Delivered
ORD000922,2026-05-19 00:19:44.130675,CUST00257,PROD0030,3,5388.9,0.0,16166.7,Bank Transfer,Instagram,Delivered
ORD000385,2026-05-19 00:30:44.130675,CUST00145,PROD0035,1,1003.11,50.16,952.95,JazzCash,WhatsApp,Delivered
ORD000320,2026-05-19 00:37:44.130675,CUST00026,PROD0003,1,4565.11,0.0,4565.11,JazzCash,Facebook,Delivered
ORD000622,2026-05-19 02:04:44.130675,CUST00070,PROD0026,3,1616.31,0.0,4848.93,JazzCash,WhatsApp,Delivered
ORD000798,2026-05-19 03:45:44.130675,CUST00145,PROD0004,1,2516.58,251.66,2264.92,EasyPaisa,Marketplace,Delivered
ORD000628,2026-05-19 03:49:44.130675,CUST00099,PROD0013,1,3836.91,0.0,3836.91,COD,Instagram,Delivered
ORD000301,2026-05-19 07:57:44.130675,CUST00035,PROD0045,4,5135.47,0.0,20541.88,COD,WhatsApp,Delivered
ORD000243,2026-05-19 08:09:44.130675,CUST00145,PROD0023,1,8349.43,0.0,8349.43,JazzCash,Facebook,Delivered
ORD000130,2026-05-19 08:10:44.130675,CUST00195,PROD0034,1,4718.01,0.0,4718.01,Bank Transfer,Facebook,Delivered
ORD000085,2026-05-19 08:12:44.130675,CUST00085,PROD0033,1,3226.18,0.0,3226.18,Bank Transfer,Instagram,Delivered
ORD001312,2026-05-19 09:33:44.130675,CUST00010,PROD0009,3,5596.77,1679.03,15111.28,JazzCash,WhatsApp,Delivered
ORD001395,2026-05-19 09:35:44.130675,CUST00154,PROD0028,3,6109.36,0.0,18328.08,JazzCash,WhatsApp,Delivered
ORD001020,2026-05-19 09:50:44.130675,CUST00278,PROD0046,2,5794.77,0.0,11589.54,Bank Transfer,Instagram,Delivered
ORD000769,2026-05-19 10:50:44.130675,CUST00023,PROD0025,1,845.83,0.0,845.83,Card,Instagram,Pending
ORD000796,2026-05-19 10:55:44.130675,CUST00159,PROD0035,1,1003.11,0.0,1003.11,Card,Marketplace,Delivered
ORD000217,2026-05-19 12:14:44.130675,CUST00212,PROD0013,1,3836.91,0.0,3836.91,Card,Instagram,Pending
ORD001172,2026-05-19 22:11:44.130675,CUST00166,PROD0019,1,4229.01,211.45,4017.56,EasyPaisa,Instagram,Delivered
ORD000485,2026-05-19 22:22:44.130675,CUST00060,PROD0056,2,1011.77,0.0,2023.54,COD,Instagram,Cancelled
ORD000490,2026-05-19 23:07:44.130675,CUST00079,PROD0050,1,3995.81,0.0,3995.81,EasyPaisa,WhatsApp,Delivered
ORD000034,2026-05-19 23:22:44.130675,CUST00212,PROD0008,4,2070.31,0.0,8281.24,COD,Marketplace,Returned
ORD000482,2026-05-19 23:44:44.130675,CUST00237,PROD0017,1,4081.04,204.05,3876.99,Card,Instagram,Pending
ORD000937,2026-05-20 01:49:44.130675,CUST00149,PROD0015,1,1683.11,0.0,1683.11,JazzCash,WhatsApp,Cancelled
ORD000357,2026-05-20 02:09:44.130675,CUST00033,PROD0023,1,8349.43,0.0,8349.43,COD,Instagram,Pending
ORD001183,2026-05-20 02:43:44.130675,CUST00166,PROD0042,2,7902.11,1580.42,14223.8,COD,Instagram,Pending
ORD000536,2026-05-20 02:47:44.130675,CUST00106,PROD0043,3,2961.93,0.0,8885.79,Card,Marketplace,Delivered
ORD000965,2026-05-20 04:57:44.130675,CUST00239,PROD0017,2,4081.04,0.0,8162.08,COD,Website,Delivered
ORD001093,2026-05-20 05:17:44.130675,CUST00153,PROD0018,1,3298.86,0.0,3298.86,COD,Marketplace,Delivered
ORD001071,2026-05-20 05:48:44.130675,CUST00234,PROD0011,1,5016.23,0.0,5016.23,Bank Transfer,Marketplace,Cancelled
ORD000265,2026-05-20 23:27:44.130675,CUST00058,PROD0056,3,1011.77,0.0,3035.31,JazzCash,WhatsApp,Delivered
ORD000996,2026-05-21 03:10:44.130675,CUST00145,PROD0013,1,3836.91,191.85,3645.06,Bank Transfer,WhatsApp,Cancelled
ORD000972,2026-05-21 03:35:44.130675,CUST00185,PROD0042,1,7902.11,0.0,7902.11,JazzCash,WhatsApp,Cancelled
ORD000049,2026-05-21 04:06:44.130675,CUST00028,PROD0028,2,6109.36,0.0,12218.72,COD,Instagram,Delivered
ORD000543,2026-05-21 04:37:44.130675,CUST00120,PROD0030,1,5388.9,0.0,5388.9,COD,Website,Returned
ORD001473,2026-05-21 05:22:44.130675,CUST00172,PROD0033,1,3226.18,0.0,3226.18,Bank Transfer,WhatsApp,Delivered
ORD001201,2026-05-21 06:05:44.130675,CUST00049,PROD0005,2,4099.95,0.0,8199.9,Card,WhatsApp,Pending
ORD001353,2026-05-21 08:24:44.130675,CUST00166,PROD0021,2,5313.35,0.0,10626.7,EasyPaisa,Instagram,Delivered
ORD001349,2026-05-21 08:38:44.130675,CUST00216,PROD0017,1,4081.04,0.0,4081.04,COD,Website,Delivered
ORD001332,2026-05-21 11:05:44.130675,CUST00163,PROD0048,2,3672.55,0.0,7345.1,EasyPaisa,Instagram,Delivered
ORD000835,2026-05-21 21:58:44.130675,CUST00079,PROD0016,1,1636.99,163.7,1473.29,JazzCash,Marketplace,Pending
ORD000706,2026-05-22 01:06:44.130675,CUST00154,PROD0007,2,4983.51,0.0,9967.02,Card,Instagram,Returned
ORD000161,2026-05-22 01:26:44.130675,CUST00049,PROD0050,4,3995.81,0.0,15983.24,Bank Transfer,Instagram,Delivered
ORD001085,2026-05-22 02:23:44.130675,CUST00092,PROD0020,1,1311.0,65.55,1245.45,Card,WhatsApp,Cancelled
ORD000115,2026-05-22 03:12:44.130675,CUST00001,PROD0045,1,5135.47,0.0,5135.47,Card,Facebook,Delivered
ORD001400,2026-05-22 03:16:44.130675,CUST00283,PROD0022,1,6250.14,937.52,5312.62,EasyPaisa,Instagram,Returned
ORD000014,2026-05-22 04:53:44.130675,CUST00131,PROD0008,1,2070.31,0.0,2070.31,Bank Transfer,Marketplace,Delivered
ORD000186,2026-05-22 05:19:44.130675,CUST00080,PROD0037,3,962.14,0.0,2886.42,Card,Website,Delivered
ORD000083,2026-05-22 06:13:44.130675,CUST00279,PROD0026,2,1616.31,0.0,3232.62,Bank Transfer,WhatsApp,Cancelled
ORD001493,2026-05-22 07:02:44.130675,CUST00021,PROD0011,3,5016.23,0.0,15048.69,Bank Transfer,Facebook,Pending
ORD000790,2026-05-22 07:45:44.130675,CUST00089,PROD0008,1,2070.31,207.03,1863.28,Bank Transfer,Instagram,Delivered
ORD000319,2026-05-22 09:06:44.130675,CUST00251,PROD0048,1,3672.55,367.26,3305.29,COD,WhatsApp,Returned
ORD000073,2026-05-22 22:33:44.130675,CUST00202,PROD0036,3,5478.6,0.0,16435.8,Bank Transfer,Marketplace,Delivered
ORD000869,2026-05-22 23:00:44.130675,CUST00156,PROD0056,1,1011.77,101.18,910.59,COD,Website,Delivered
ORD001461,2026-05-22 23:21:44.130675,CUST00070,PROD0016,1,1636.99,0.0,1636.99,COD,Website,Delivered
ORD000298,2026-05-22 23:55:44.130675,CUST00273,PROD0044,1,2357.35,0.0,2357.35,JazzCash,WhatsApp,Returned
ORD001271,2026-05-23 00:06:44.130675,CUST00127,PROD0015,1,1683.11,84.16,1598.95,Bank Transfer,Website,Delivered
ORD000367,2026-05-23 00:40:44.130675,CUST00283,PROD0045,1,5135.47,0.0,5135.47,COD,Website,Delivered
ORD000391,2026-05-23 01:03:44.130675,CUST00017,PROD0002,2,3739.31,373.93,7104.69,Bank Transfer,Marketplace,Delivered
ORD001234,2026-05-23 01:32:44.130675,CUST00080,PROD0021,4,5313.35,0.0,21253.4,JazzCash,Facebook,Delivered
ORD001422,2026-05-23 03:14:44.130675,CUST00202,PROD0058,2,1138.07,113.81,2162.33,JazzCash,WhatsApp,Cancelled
ORD000342,2026-05-23 05:43:44.130675,CUST00259,PROD0058,1,1138.07,170.71,967.36,COD,WhatsApp,Returned
ORD000019,2026-05-23 06:28:44.130675,CUST00107,PROD0023,2,8349.43,0.0,16698.86,EasyPaisa,Website,Delivered
ORD000088,2026-05-23 08:17:44.130675,CUST00053,PROD0031,3,6503.48,1951.04,17559.4,Bank Transfer,Website,Pending
ORD000615,2026-05-23 09:02:44.130675,CUST00148,PROD0057,1,6194.12,0.0,6194.12,EasyPaisa,Website,Cancelled
ORD001159,2026-05-23 10:39:44.130675,CUST00200,PROD0031,3,6503.48,0.0,19510.44,EasyPaisa,Instagram,Delivered
ORD001418,2026-05-23 11:17:44.130675,CUST00203,PROD0017,1,4081.04,204.05,3876.99,COD,Instagram,Cancelled
ORD000992,2026-05-23 11:44:44.130675,CUST00108,PROD0021,2,5313.35,1594.01,9032.69,EasyPaisa,Marketplace,Delivered
ORD001268,2026-05-23 12:10:44.130675,CUST00051,PROD0012,1,7018.87,0.0,7018.87,EasyPaisa,Instagram,Delivered
ORD000693,2026-05-23 23:29:44.130675,CUST00174,PROD0007,1,4983.51,0.0,4983.51,Bank Transfer,WhatsApp,Delivered
ORD000260,2026-05-23 23:58:44.130675,CUST00242,PROD0040,3,4051.74,0.0,12155.22,COD,Facebook,Delivered
ORD001044,2026-05-24 00:29:44.130675,CUST00226,PROD0056,1,1011.77,0.0,1011.77,EasyPaisa,WhatsApp,Delivered
ORD000067,2026-05-24 00:47:44.130675,CUST00129,PROD0046,1,5794.77,0.0,5794.77,Bank Transfer,Facebook,Returned
ORD000968,2026-05-24 01:04:44.130675,CUST00020,PROD0012,1,7018.87,0.0,7018.87,Card,Marketplace,Pending
ORD001091,2026-05-24 05:15:44.130675,CUST00021,PROD0040,2,4051.74,0.0,8103.48,COD,WhatsApp,Delivered
ORD000900,2026-05-24 05:16:44.130675,CUST00003,PROD0014,1,5951.29,0.0,5951.29,EasyPaisa,Website,Cancelled
ORD001455,2026-05-24 07:38:44.130675,CUST00091,PROD0005,1,4099.95,0.0,4099.95,JazzCash,Marketplace,Delivered
ORD000331,2026-05-24 08:20:44.130675,CUST00146,PROD0012,1,7018.87,701.89,6316.98,Card,WhatsApp,Delivered
ORD000446,2026-05-24 08:38:44.130675,CUST00095,PROD0021,1,5313.35,0.0,5313.35,EasyPaisa,Instagram,Delivered
ORD001320,2026-05-24 09:02:44.130675,CUST00199,PROD0028,2,6109.36,0.0,12218.72,JazzCash,Marketplace,Delivered
ORD000223,2026-05-24 09:30:44.130675,CUST00073,PROD0011,1,5016.23,0.0,5016.23,EasyPaisa,WhatsApp,Delivered
ORD000627,2026-05-24 10:21:44.130675,CUST00104,PROD0020,1,1311.0,0.0,1311.0,Card,Website,Delivered
ORD000562,2026-05-24 11:17:44.130675,CUST00222,PROD0028,2,6109.36,1221.87,10996.85,EasyPaisa,Website,Delivered
ORD001352,2026-05-24 11:17:44.130675,CUST00283,PROD0009,1,5596.77,0.0,5596.77,EasyPaisa,Website,Delivered
ORD000567,2026-05-24 11:18:44.130675,CUST00267,PROD0031,1,6503.48,0.0,6503.48,Card,Facebook,Pending
ORD000690,2026-05-24 11:56:44.130675,CUST00156,PROD0049,2,8791.84,1758.37,15825.31,EasyPaisa,Instagram,Returned
ORD000949,2026-05-24 23:00:44.130675,CUST00065,PROD0001,3,3382.01,0.0,10146.03,EasyPaisa,Instagram,Delivered
ORD000159,2026-05-25 02:46:44.130675,CUST00201,PROD0006,2,4713.7,1414.11,8013.29,COD,Marketplace,Delivered
ORD001357,2026-05-25 06:23:44.130675,CUST00203,PROD0049,1,8791.84,0.0,8791.84,Card,Marketplace,Pending
ORD001265,2026-05-25 06:50:44.130675,CUST00022,PROD0050,1,3995.81,0.0,3995.81,Card,Facebook,Delivered
ORD000966,2026-05-25 07:02:44.130675,CUST00142,PROD0041,2,627.43,0.0,1254.86,Bank Transfer,Marketplace,Delivered
ORD000417,2026-05-25 08:12:44.130675,CUST00127,PROD0023,4,8349.43,0.0,33397.72,Card,Website,Returned
ORD001160,2026-05-25 08:18:44.130675,CUST00142,PROD0039,1,4106.97,0.0,4106.97,Bank Transfer,Website,Delivered
ORD000289,2026-05-25 08:27:44.130675,CUST00297,PROD0020,2,1311.0,0.0,2622.0,Card,Marketplace,Delivered
ORD000510,2026-05-25 23:18:44.130675,CUST00162,PROD0050,1,3995.81,199.79,3796.02,EasyPaisa,Instagram,Delivered
ORD000923,2026-05-26 00:38:44.130675,CUST00078,PROD0058,2,1138.07,0.0,2276.14,JazzCash,Marketplace,Delivered
ORD001479,2026-05-26 00:51:44.130675,CUST00020,PROD0017,4,4081.04,0.0,16324.16,JazzCash,WhatsApp,Pending
ORD000076,2026-05-26 02:03:44.130675,CUST00102,PROD0042,1,7902.11,0.0,7902.11,Bank Transfer,WhatsApp,Delivered
ORD000237,2026-05-26 02:27:44.130675,CUST00069,PROD0005,2,4099.95,410.0,7789.9,COD,Website,Delivered
ORD000028,2026-05-26 02:38:44.130675,CUST00161,PROD0008,3,2070.31,0.0,6210.93,COD,Marketplace,Pending
ORD000392,2026-05-26 02:39:44.130675,CUST00006,PROD0031,1,6503.48,0.0,6503.48,COD,Facebook,Returned
ORD000494,2026-05-26 02:54:44.130675,CUST00214,PROD0002,1,3739.31,0.0,3739.31,EasyPaisa,Facebook,Delivered
ORD001301,2026-05-26 03:36:44.130675,CUST00162,PROD0010,4,683.9,0.0,2735.6,Bank Transfer,WhatsApp,Delivered
ORD000859,2026-05-26 04:15:44.130675,CUST00109,PROD0051,1,6557.75,0.0,6557.75,Bank Transfer,Instagram,Delivered
ORD000121,2026-05-26 04:37:44.130675,CUST00113,PROD0056,1,1011.77,0.0,1011.77,Card,Website,Delivered
ORD000855,2026-05-26 05:07:44.130675,CUST00018,PROD0023,1,8349.43,0.0,8349.43,Bank Transfer,Website,Returned
ORD000753,2026-05-26 05:23:44.130675,CUST00269,PROD0041,2,627.43,125.49,1129.37,Bank Transfer,Facebook,Delivered
ORD000312,2026-05-26 06:11:44.130675,CUST00002,PROD0055,2,5017.52,501.75,9533.29,EasyPaisa,WhatsApp,Delivered
ORD000700,2026-05-26 06:50:44.130675,CUST00300,PROD0035,2,1003.11,0.0,2006.22,Bank Transfer,Facebook,Pending
ORD000569,2026-05-26 10:05:44.130675,CUST00032,PROD0025,1,845.83,42.29,803.54,EasyPaisa,Facebook,Delivered
ORD000614,2026-05-26 11:22:44.130675,CUST00127,PROD0013,1,3836.91,0.0,3836.91,Bank Transfer,Website,Returned
ORD000642,2026-05-26 11:28:44.130675,CUST00036,PROD0021,1,5313.35,0.0,5313.35,Card,Facebook,Cancelled
ORD001119,2026-05-26 11:58:44.130675,CUST00106,PROD0059,1,1569.51,0.0,1569.51,Bank Transfer,WhatsApp,Delivered
ORD001355,2026-05-26 12:01:44.130675,CUST00072,PROD0047,2,2232.86,0.0,4465.72,Card,Facebook,Returned
ORD000788,2026-05-26 22:33:44.130675,CUST00214,PROD0010,1,683.9,0.0,683.9,Card,Instagram,Delivered
ORD000355,2026-05-26 23:07:44.130675,CUST00142,PROD0026,3,1616.31,0.0,4848.93,COD,Instagram,Delivered
ORD000755,2026-05-27 00:25:44.130675,CUST00261,PROD0044,1,2357.35,0.0,2357.35,EasyPaisa,Marketplace,Pending
ORD000985,2026-05-27 00:29:44.130675,CUST00272,PROD0028,1,6109.36,0.0,6109.36,EasyPaisa,WhatsApp,Delivered
ORD000597,2026-05-27 03:54:44.130675,CUST00043,PROD0012,1,7018.87,0.0,7018.87,JazzCash,Marketplace,Returned
ORD001040,2026-05-27 07:06:44.130675,CUST00053,PROD0036,1,5478.6,0.0,5478.6,Card,Website,Delivered
ORD000280,2026-05-27 07:58:44.130675,CUST00074,PROD0056,2,1011.77,0.0,2023.54,EasyPaisa,WhatsApp,Delivered
ORD000721,2026-05-27 09:12:44.130675,CUST00048,PROD0021,2,5313.35,0.0,10626.7,Card,Marketplace,Delivered
ORD000987,2026-05-27 09:55:44.130675,CUST00182,PROD0040,1,4051.74,0.0,4051.74,EasyPaisa,WhatsApp,Cancelled
ORD000178,2026-05-27 11:16:44.130675,CUST00040,PROD0040,1,4051.74,0.0,4051.74,Card,Marketplace,Delivered
ORD000082,2026-05-27 11:58:44.130675,CUST00260,PROD0047,3,2232.86,0.0,6698.58,COD,Marketplace,Returned
ORD000333,2026-05-27 12:12:44.130675,CUST00228,PROD0051,1,6557.75,0.0,6557.75,Bank Transfer,Marketplace,Delivered
ORD001499,2026-05-27 22:34:44.130675,CUST00061,PROD0030,1,5388.9,0.0,5388.9,Card,Facebook,Delivered
ORD001026,2026-05-27 23:32:44.130675,CUST00087,PROD0020,1,1311.0,65.55,1245.45,Card,WhatsApp,Returned
ORD001058,2026-05-28 00:25:44.130675,CUST00023,PROD0049,1,8791.84,0.0,8791.84,JazzCash,Marketplace,Delivered
ORD001086,2026-05-28 03:40:44.130675,CUST00052,PROD0034,2,4718.01,0.0,9436.02,EasyPaisa,Facebook,Delivered
ORD000663,2026-05-28 04:04:44.130675,CUST00142,PROD0056,2,1011.77,0.0,2023.54,COD,Website,Delivered
ORD001453,2026-05-28 06:56:44.130675,CUST00131,PROD0040,2,4051.74,0.0,8103.48,EasyPaisa,Instagram,Delivered
ORD001116,2026-05-28 07:33:44.130675,CUST00210,PROD0009,2,5596.77,0.0,11193.54,COD,Website,Returned
ORD000797,2026-05-28 07:33:44.130675,CUST00023,PROD0041,3,627.43,0.0,1882.29,Bank Transfer,WhatsApp,Delivered
ORD000809,2026-05-28 08:23:44.130675,CUST00260,PROD0055,2,5017.52,0.0,10035.04,EasyPaisa,Website,Cancelled
ORD001107,2026-05-28 08:28:44.130675,CUST00288,PROD0026,1,1616.31,161.63,1454.68,JazzCash,Facebook,Delivered
ORD000215,2026-05-28 09:46:44.130675,CUST00245,PROD0015,1,1683.11,0.0,1683.11,Card,Marketplace,Pending
ORD000553,2026-05-28 10:53:44.130675,CUST00040,PROD0046,1,5794.77,0.0,5794.77,Bank Transfer,Facebook,Pending
ORD000081,2026-05-28 11:14:44.130675,CUST00072,PROD0036,1,5478.6,0.0,5478.6,Bank Transfer,Instagram,Delivered
ORD000522,2026-05-28 22:24:44.130675,CUST00067,PROD0046,1,5794.77,0.0,5794.77,EasyPaisa,Instagram,Delivered
ORD001399,2026-05-28 23:12:44.130675,CUST00049,PROD0058,1,1138.07,0.0,1138.07,EasyPaisa,WhatsApp,Cancelled
ORD001249,2026-05-28 23:22:44.130675,CUST00294,PROD0060,1,1519.23,0.0,1519.23,EasyPaisa,WhatsApp,Delivered
ORD001084,2026-05-29 03:21:44.130675,CUST00093,PROD0013,1,3836.91,0.0,3836.91,EasyPaisa,Instagram,Delivered
ORD000805,2026-05-29 05:03:44.130675,CUST00233,PROD0056,4,1011.77,202.35,3844.73,JazzCash,Instagram,Delivered
ORD001169,2026-05-29 07:56:44.130675,CUST00240,PROD0011,2,5016.23,501.62,9530.84,Bank Transfer,Instagram,Pending
ORD001425,2026-05-29 09:28:44.130675,CUST00176,PROD0051,1,6557.75,0.0,6557.75,Bank Transfer,Marketplace,Returned
ORD001232,2026-05-29 09:35:44.130675,CUST00208,PROD0040,2,4051.74,0.0,8103.48,JazzCash,Instagram,Cancelled
ORD000326,2026-05-29 09:38:44.130675,CUST00146,PROD0006,1,4713.7,0.0,4713.7,EasyPaisa,WhatsApp,Cancelled
ORD000236,2026-05-29 10:16:44.130675,CUST00166,PROD0048,1,3672.55,367.26,3305.29,JazzCash,WhatsApp,Pending
ORD000819,2026-05-29 12:54:44.130675,CUST00220,PROD0058,1,1138.07,56.9,1081.17,JazzCash,Website,Delivered
ORD000624,2026-05-30 00:15:44.130675,CUST00064,PROD0011,1,5016.23,0.0,5016.23,Bank Transfer,WhatsApp,Delivered
ORD001472,2026-05-30 00:44:44.130675,CUST00288,PROD0060,1,1519.23,0.0,1519.23,JazzCash,Facebook,Delivered
ORD000077,2026-05-30 02:36:44.130675,CUST00036,PROD0023,1,8349.43,0.0,8349.43,Card,Website,Delivered
ORD001224,2026-05-30 02:55:44.130675,CUST00212,PROD0012,1,7018.87,701.89,6316.98,COD,WhatsApp,Pending
ORD000572,2026-05-30 03:38:44.130675,CUST00014,PROD0051,1,6557.75,0.0,6557.75,EasyPaisa,Marketplace,Delivered
ORD000747,2026-05-30 07:57:44.130675,CUST00283,PROD0032,1,8158.76,0.0,8158.76,Card,Website,Delivered
ORD000136,2026-05-30 09:07:44.130675,CUST00031,PROD0036,3,5478.6,0.0,16435.8,Card,Website,Delivered
ORD000768,2026-05-30 09:30:44.130675,CUST00071,PROD0030,3,5388.9,2425.0,13741.7,COD,Marketplace,Delivered
ORD001304,2026-05-30 09:59:44.130675,CUST00070,PROD0043,3,2961.93,888.58,7997.21,EasyPaisa,WhatsApp,Delivered
ORD001302,2026-05-30 10:32:44.130675,CUST00082,PROD0022,2,6250.14,0.0,12500.28,Card,Instagram,Delivered
ORD000325,2026-05-30 10:51:44.130675,CUST00193,PROD0016,3,1636.99,0.0,4910.97,Card,Facebook,Delivered
ORD001437,2026-05-30 12:44:44.130675,CUST00217,PROD0036,1,5478.6,0.0,5478.6,Card,Facebook,Cancelled
ORD000309,2026-05-30 22:01:44.130675,CUST00037,PROD0007,3,4983.51,0.0,14950.53,Bank Transfer,Website,Pending
ORD000830,2026-05-30 23:38:44.130675,CUST00009,PROD0007,4,4983.51,996.7,18937.34,Bank Transfer,WhatsApp,Delivered
ORD000308,2026-05-31 00:31:44.130675,CUST00221,PROD0040,1,4051.74,0.0,4051.74,Card,Marketplace,Cancelled
ORD000397,2026-05-31 00:50:44.130675,CUST00182,PROD0038,1,4805.71,0.0,4805.71,EasyPaisa,WhatsApp,Delivered
ORD001316,2026-05-31 01:01:44.130675,CUST00091,PROD0002,2,3739.31,373.93,7104.69,JazzCash,Facebook,Delivered
ORD001391,2026-05-31 01:37:44.130675,CUST00233,PROD0048,1,3672.55,183.63,3488.92,Card,Instagram,Cancelled
ORD000070,2026-05-31 02:47:44.130675,CUST00155,PROD0055,1,5017.52,501.75,4515.77,Bank Transfer,Facebook,Delivered
ORD000911,2026-05-31 03:35:44.130675,CUST00050,PROD0004,1,2516.58,377.49,2139.09,JazzCash,Marketplace,Delivered
ORD000018,2026-05-31 05:09:44.130675,CUST00103,PROD0040,1,4051.74,0.0,4051.74,JazzCash,Marketplace,Delivered
ORD000051,2026-05-31 07:52:44.130675,CUST00288,PROD0035,1,1003.11,50.16,952.95,Card,Marketplace,Delivered
ORD000930,2026-05-31 09:25:44.130675,CUST00194,PROD0054,1,5327.61,0.0,5327.61,Card,Marketplace,Returned
ORD000633,2026-05-31 09:31:44.130675,CUST00292,PROD0027,1,4072.3,0.0,4072.3,Card,Website,Delivered
ORD000763,2026-05-31 09:44:44.130675,CUST00196,PROD0056,2,1011.77,101.18,1922.36,JazzCash,Marketplace,Returned
ORD000713,2026-05-31 10:56:44.130675,CUST00064,PROD0025,4,845.83,0.0,3383.32,Card,Marketplace,Cancelled
ORD000928,2026-05-31 12:53:44.130675,CUST00090,PROD0052,3,2867.28,430.09,8171.75,EasyPaisa,WhatsApp,Delivered
ORD001412,2026-06-01 05:59:44.130675,CUST00119,PROD0051,2,6557.75,0.0,13115.5,Card,Instagram,Delivered
ORD000413,2026-06-01 07:40:44.130675,CUST00252,PROD0020,2,1311.0,0.0,2622.0,Bank Transfer,Marketplace,Returned
ORD000119,2026-06-01 10:29:44.130675,CUST00132,PROD0005,1,4099.95,0.0,4099.95,Bank Transfer,Marketplace,Delivered
ORD000823,2026-06-01 10:40:44.130675,CUST00209,PROD0060,1,1519.23,151.92,1367.31,JazzCash,Marketplace,Cancelled
ORD001358,2026-06-01 10:55:44.130675,CUST00134,PROD0006,2,4713.7,0.0,9427.4,Card,Instagram,Delivered
ORD000020,2026-06-01 11:33:44.130675,CUST00253,PROD0001,1,3382.01,0.0,3382.01,Card,Facebook,Pending
ORD000696,2026-06-01 23:02:44.130675,CUST00063,PROD0041,2,627.43,0.0,1254.86,EasyPaisa,Marketplace,Delivered
ORD000982,2026-06-01 23:23:44.130675,CUST00216,PROD0017,2,4081.04,0.0,8162.08,Bank Transfer,Instagram,Returned
ORD000758,2026-06-02 00:11:44.130675,CUST00024,PROD0015,1,1683.11,0.0,1683.11,Bank Transfer,Instagram,Delivered
ORD000212,2026-06-02 00:17:44.130675,CUST00075,PROD0005,1,4099.95,410.0,3689.95,COD,Website,Delivered
ORD000701,2026-06-02 00:52:44.130675,CUST00093,PROD0049,1,8791.84,0.0,8791.84,COD,Marketplace,Delivered
ORD000694,2026-06-02 01:22:44.130675,CUST00251,PROD0041,2,627.43,0.0,1254.86,JazzCash,Marketplace,Delivered
ORD000411,2026-06-02 04:25:44.130675,CUST00162,PROD0003,4,4565.11,1826.04,16434.4,EasyPaisa,WhatsApp,Delivered
ORD000555,2026-06-02 05:20:44.130675,CUST00099,PROD0050,2,3995.81,1198.74,6792.88,EasyPaisa,Facebook,Delivered
ORD000703,2026-06-02 06:16:44.130675,CUST00187,PROD0055,2,5017.52,0.0,10035.04,Bank Transfer,Instagram,Delivered
ORD001199,2026-06-02 09:14:44.130675,CUST00264,PROD0030,2,5388.9,0.0,10777.8,JazzCash,Website,Delivered
ORD000827,2026-06-02 09:28:44.130675,CUST00234,PROD0058,1,1138.07,56.9,1081.17,EasyPaisa,WhatsApp,Delivered
ORD001430,2026-06-02 09:43:44.130675,CUST00150,PROD0052,1,2867.28,0.0,2867.28,Card,Instagram,Returned
ORD001257,2026-06-02 10:56:44.130675,CUST00160,PROD0060,1,1519.23,227.88,1291.35,JazzCash,Facebook,Delivered
ORD000506,2026-06-02 11:09:44.130675,CUST00225,PROD0042,1,7902.11,395.11,7507.0,EasyPaisa,Facebook,Delivered
ORD000732,2026-06-02 12:28:44.130675,CUST00004,PROD0034,1,4718.01,0.0,4718.01,Card,Website,Delivered
ORD000099,2026-06-02 22:58:44.130675,CUST00104,PROD0038,1,4805.71,0.0,4805.71,Bank Transfer,Marketplace,Cancelled
ORD001131,2026-06-03 00:35:44.130675,CUST00150,PROD0019,1,4229.01,211.45,4017.56,EasyPaisa,Website,Cancelled
ORD000780,2026-06-03 00:46:44.130675,CUST00198,PROD0018,1,3298.86,0.0,3298.86,JazzCash,Website,Delivered
ORD000174,2026-06-03 00:52:44.130675,CUST00017,PROD0034,2,4718.01,0.0,9436.02,Card,Facebook,Delivered
ORD000390,2026-06-03 01:05:44.130675,CUST00041,PROD0045,1,5135.47,0.0,5135.47,EasyPaisa,Facebook,Delivered
ORD000013,2026-06-03 01:43:44.130675,CUST00012,PROD0026,1,1616.31,0.0,1616.31,Bank Transfer,Marketplace,Delivered
ORD000876,2026-06-03 01:55:44.130675,CUST00187,PROD0010,2,683.9,0.0,1367.8,EasyPaisa,WhatsApp,Pending
ORD001080,2026-06-03 03:45:44.130675,CUST00069,PROD0016,2,1636.99,0.0,3273.98,EasyPaisa,Website,Delivered
ORD000946,2026-06-03 04:41:44.130675,CUST00219,PROD0004,1,2516.58,0.0,2516.58,Bank Transfer,Instagram,Delivered
ORD001175,2026-06-03 06:19:44.130675,CUST00036,PROD0039,3,4106.97,0.0,12320.91,JazzCash,Website,Delivered
ORD000146,2026-06-03 06:50:44.130675,CUST00088,PROD0048,1,3672.55,0.0,3672.55,COD,Facebook,Cancelled
ORD000291,2026-06-03 07:14:44.130675,CUST00141,PROD0005,3,4099.95,0.0,12299.85,JazzCash,Facebook,Cancelled
ORD000749,2026-06-03 08:44:44.130675,CUST00062,PROD0038,1,4805.71,480.57,4325.14,COD,Marketplace,Cancelled
ORD000143,2026-06-03 09:12:44.130675,CUST00129,PROD0027,1,4072.3,407.23,3665.07,COD,Instagram,Delivered
ORD000707,2026-06-03 09:36:44.130675,CUST00217,PROD0036,1,5478.6,0.0,5478.6,COD,Marketplace,Delivered
ORD000799,2026-06-03 09:40:44.130675,CUST00050,PROD0021,2,5313.35,0.0,10626.7,JazzCash,WhatsApp,Cancelled
ORD000936,2026-06-03 10:30:44.130675,CUST00153,PROD0025,3,845.83,0.0,2537.49,COD,Facebook,Delivered
ORD000276,2026-06-03 11:15:44.130675,CUST00032,PROD0040,4,4051.74,0.0,16206.96,JazzCash,Marketplace,Delivered
ORD001202,2026-06-03 11:19:44.130675,CUST00158,PROD0008,1,2070.31,0.0,2070.31,EasyPaisa,WhatsApp,Returned
ORD000407,2026-06-03 22:03:44.130675,CUST00028,PROD0032,1,8158.76,0.0,8158.76,COD,WhatsApp,Cancelled
ORD000316,2026-06-03 22:09:44.130675,CUST00013,PROD0057,2,6194.12,0.0,12388.24,Bank Transfer,Instagram,Delivered
ORD000208,2026-06-03 23:43:44.130675,CUST00196,PROD0010,1,683.9,0.0,683.9,Bank Transfer,Marketplace,Pending
ORD000913,2026-06-04 01:54:44.130675,CUST00080,PROD0010,1,683.9,102.58,581.32,JazzCash,Website,Cancelled
ORD001063,2026-06-04 07:17:44.130675,CUST00212,PROD0025,2,845.83,0.0,1691.66,Card,Instagram,Delivered
ORD001174,2026-06-05 01:16:44.130675,CUST00093,PROD0056,1,1011.77,0.0,1011.77,COD,Facebook,Returned
ORD001193,2026-06-05 01:39:44.130675,CUST00043,PROD0015,1,1683.11,84.16,1598.95,COD,WhatsApp,Delivered
ORD001260,2026-06-05 01:49:44.130675,CUST00252,PROD0036,1,5478.6,0.0,5478.6,Card,WhatsApp,Delivered
ORD000198,2026-06-05 04:59:44.130675,CUST00120,PROD0053,4,6462.36,0.0,25849.44,Card,Website,Delivered
ORD001485,2026-06-05 06:11:44.130675,CUST00113,PROD0052,3,2867.28,0.0,8601.84,Card,WhatsApp,Delivered
ORD001343,2026-06-05 07:17:44.130675,CUST00042,PROD0033,3,3226.18,0.0,9678.54,Bank Transfer,WhatsApp,Delivered
ORD001416,2026-06-05 08:05:44.130675,CUST00262,PROD0041,1,627.43,31.37,596.06,Card,Facebook,Delivered
ORD000815,2026-06-05 08:10:44.130675,CUST00164,PROD0003,1,4565.11,456.51,4108.6,Bank Transfer,Facebook,Returned
ORD000513,2026-06-05 09:22:44.130675,CUST00229,PROD0018,3,3298.86,0.0,9896.58,Card,Marketplace,Returned
ORD000684,2026-06-05 09:39:44.130675,CUST00018,PROD0044,1,2357.35,0.0,2357.35,Bank Transfer,Website,Delivered
ORD000371,2026-06-05 09:51:44.130675,CUST00219,PROD0004,3,2516.58,0.0,7549.74,JazzCash,WhatsApp,Delivered
ORD000890,2026-06-05 10:03:44.130675,CUST00052,PROD0015,1,1683.11,0.0,1683.11,JazzCash,Website,Delivered
ORD000528,2026-06-05 10:34:44.130675,CUST00216,PROD0019,1,4229.01,211.45,4017.56,COD,Website,Delivered
ORD000140,2026-06-05 11:07:44.130675,CUST00173,PROD0025,2,845.83,0.0,1691.66,EasyPaisa,Marketplace,Returned
ORD000800,2026-06-05 22:34:44.130675,CUST00196,PROD0033,1,3226.18,161.31,3064.87,EasyPaisa,Marketplace,Pending
ORD000365,2026-06-05 22:44:44.130675,CUST00280,PROD0010,3,683.9,205.17,1846.53,Bank Transfer,Website,Cancelled
ORD000362,2026-06-06 00:12:44.130675,CUST00060,PROD0046,2,5794.77,0.0,11589.54,COD,Website,Returned
ORD000191,2026-06-06 03:29:44.130675,CUST00114,PROD0034,1,4718.01,0.0,4718.01,Card,Facebook,Cancelled
ORD001280,2026-06-06 03:52:44.130675,CUST00129,PROD0021,1,5313.35,0.0,5313.35,Card,Website,Delivered
ORD001288,2026-06-06 05:31:44.130675,CUST00185,PROD0041,1,627.43,62.74,564.69,Card,Instagram,Delivered
ORD001255,2026-06-06 07:20:44.130675,CUST00294,PROD0023,1,8349.43,0.0,8349.43,Card,WhatsApp,Cancelled
ORD000717,2026-06-06 08:05:44.130675,CUST00074,PROD0017,1,4081.04,0.0,4081.04,EasyPaisa,Marketplace,Cancelled
ORD001256,2026-06-06 11:49:44.130675,CUST00228,PROD0055,3,5017.52,0.0,15052.56,COD,Marketplace,Delivered
ORD000206,2026-06-06 22:19:44.130675,CUST00181,PROD0020,1,1311.0,0.0,1311.0,JazzCash,Website,Delivered
ORD000170,2026-06-06 23:30:44.130675,CUST00080,PROD0054,1,5327.61,532.76,4794.85,EasyPaisa,Website,Pending
ORD001149,2026-06-07 00:01:44.130675,CUST00222,PROD0058,4,1138.07,0.0,4552.28,JazzCash,Facebook,Pending
ORD000500,2026-06-07 00:49:44.130675,CUST00258,PROD0023,3,8349.43,0.0,25048.29,COD,Facebook,Delivered
ORD000141,2026-06-07 03:11:44.130675,CUST00161,PROD0026,2,1616.31,0.0,3232.62,JazzCash,Website,Cancelled
ORD001118,2026-06-07 05:20:44.130675,CUST00123,PROD0033,3,3226.18,967.85,8710.69,Card,WhatsApp,Cancelled
ORD000999,2026-06-07 06:18:44.130675,CUST00142,PROD0051,1,6557.75,0.0,6557.75,EasyPaisa,Marketplace,Cancelled
ORD000802,2026-06-07 06:30:44.130675,CUST00268,PROD0044,2,2357.35,235.74,4478.96,JazzCash,WhatsApp,Pending
ORD001303,2026-06-07 06:32:44.130675,CUST00241,PROD0008,1,2070.31,0.0,2070.31,JazzCash,Instagram,Delivered
ORD001031,2026-06-07 06:44:44.130675,CUST00063,PROD0005,1,4099.95,205.0,3894.95,Card,Instagram,Delivered
ORD000381,2026-06-07 07:00:44.130675,CUST00075,PROD0047,1,2232.86,111.64,2121.22,JazzCash,WhatsApp,Cancelled
ORD001490,2026-06-07 07:17:44.130675,CUST00193,PROD0016,2,1636.99,0.0,3273.98,COD,Facebook,Delivered
ORD001130,2026-06-07 07:37:44.130675,CUST00157,PROD0046,1,5794.77,579.48,5215.29,EasyPaisa,WhatsApp,Cancelled
ORD000361,2026-06-07 09:31:44.130675,CUST00147,PROD0030,4,5388.9,0.0,21555.6,Card,Instagram,Pending
ORD001179,2026-06-07 10:10:44.130675,CUST00062,PROD0059,1,1569.51,0.0,1569.51,EasyPaisa,Marketplace,Delivered
ORD001015,2026-06-07 11:31:44.130675,CUST00203,PROD0014,1,5951.29,0.0,5951.29,Card,Website,Pending
ORD000202,2026-06-07 22:15:44.130675,CUST00103,PROD0058,2,1138.07,0.0,2276.14,Bank Transfer,Website,Delivered
ORD001459,2026-06-07 22:27:44.130675,CUST00080,PROD0033,3,3226.18,0.0,9678.54,Card,Instagram,Pending
ORD000794,2026-06-07 22:48:44.130675,CUST00191,PROD0042,2,7902.11,790.21,15014.01,EasyPaisa,Instagram,Delivered
ORD000868,2026-06-07 23:09:44.130675,CUST00189,PROD0056,2,1011.77,0.0,2023.54,Bank Transfer,Facebook,Cancelled
ORD001189,2026-06-08 00:03:44.130675,CUST00008,PROD0025,2,845.83,0.0,1691.66,JazzCash,Instagram,Delivered
ORD001034,2026-06-08 00:15:44.130675,CUST00268,PROD0040,3,4051.74,0.0,12155.22,Card,Marketplace,Cancelled
ORD001417,2026-06-08 01:37:44.130675,CUST00212,PROD0033,4,3226.18,0.0,12904.72,JazzCash,Instagram,Pending
ORD000097,2026-06-08 01:50:44.130675,CUST00211,PROD0039,4,4106.97,1642.79,14785.09,Bank Transfer,Instagram,Pending
ORD000715,2026-06-08 03:45:44.130675,CUST00200,PROD0018,2,3298.86,659.77,5937.95,Card,Website,Pending
ORD001363,2026-06-08 04:10:44.130675,CUST00078,PROD0057,1,6194.12,619.41,5574.71,Bank Transfer,Facebook,Cancelled
ORD000888,2026-06-08 08:45:44.130675,CUST00005,PROD0012,4,7018.87,2807.55,25267.93,Bank Transfer,Website,Delivered
ORD000675,2026-06-08 10:39:44.130675,CUST00046,PROD0043,1,2961.93,0.0,2961.93,COD,WhatsApp,Cancelled
ORD001440,2026-06-08 10:49:44.130675,CUST00197,PROD0036,1,5478.6,273.93,5204.67,Card,Marketplace,Returned
ORD001480,2026-06-08 12:40:44.130675,CUST00253,PROD0005,1,4099.95,410.0,3689.95,COD,Facebook,Cancelled
ORD000631,2026-06-08 22:22:44.130675,CUST00162,PROD0015,1,1683.11,0.0,1683.11,COD,WhatsApp,Delivered
ORD001004,2026-06-08 22:23:44.130675,CUST00135,PROD0032,1,8158.76,0.0,8158.76,Bank Transfer,WhatsApp,Cancelled
ORD000245,2026-06-09 01:18:44.130675,CUST00174,PROD0037,2,962.14,0.0,1924.28,EasyPaisa,WhatsApp,Pending
ORD001297,2026-06-09 02:44:44.130675,CUST00289,PROD0045,1,5135.47,0.0,5135.47,Card,WhatsApp,Returned
ORD000089,2026-06-09 04:38:44.130675,CUST00194,PROD0048,1,3672.55,0.0,3672.55,JazzCash,Marketplace,Cancelled
ORD000100,2026-06-09 05:54:44.130675,CUST00020,PROD0027,2,4072.3,0.0,8144.6,Bank Transfer,Marketplace,Pending
ORD001383,2026-06-09 07:22:44.130675,CUST00191,PROD0021,2,5313.35,0.0,10626.7,EasyPaisa,Website,Pending
ORD000643,2026-06-09 07:32:44.130675,CUST00105,PROD0010,3,683.9,0.0,2051.7,Card,Marketplace,Delivered
ORD000148,2026-06-09 07:35:44.130675,CUST00234,PROD0009,4,5596.77,0.0,22387.08,Bank Transfer,WhatsApp,Returned
ORD001111,2026-06-09 11:07:44.130675,CUST00206,PROD0014,4,5951.29,0.0,23805.16,Bank Transfer,WhatsApp,Delivered
ORD000756,2026-06-09 22:07:44.130675,CUST00293,PROD0025,1,845.83,0.0,845.83,Card,Marketplace,Cancelled
ORD001250,2026-06-09 23:16:44.130675,CUST00182,PROD0045,1,5135.47,256.77,4878.7,Card,WhatsApp,Delivered
ORD000233,2026-06-10 00:00:44.130675,CUST00179,PROD0036,2,5478.6,0.0,10957.2,COD,Instagram,Pending
ORD000155,2026-06-10 00:15:44.130675,CUST00057,PROD0018,1,3298.86,329.89,2968.97,EasyPaisa,Marketplace,Delivered
ORD001061,2026-06-10 03:34:44.130675,CUST00011,PROD0059,1,1569.51,0.0,1569.51,Card,Facebook,Delivered
ORD001203,2026-06-10 04:49:44.130675,CUST00262,PROD0006,4,4713.7,2828.22,16026.58,Card,Instagram,Pending
ORD000661,2026-06-10 06:04:44.130675,CUST00231,PROD0012,2,7018.87,0.0,14037.74,Bank Transfer,Instagram,Delivered
ORD001275,2026-06-10 06:17:44.130675,CUST00086,PROD0011,3,5016.23,0.0,15048.69,JazzCash,WhatsApp,Delivered
ORD000169,2026-06-10 06:19:44.130675,CUST00166,PROD0035,2,1003.11,0.0,2006.22,EasyPaisa,Website,Pending
ORD000001,2026-06-10 08:54:44.130675,CUST00172,PROD0047,2,2232.86,223.29,4242.43,COD,Instagram,Delivered
ORD001229,2026-06-10 10:21:44.130675,CUST00104,PROD0026,1,1616.31,0.0,1616.31,JazzCash,WhatsApp,Delivered
ORD000346,2026-06-10 10:52:44.130675,CUST00190,PROD0050,1,3995.81,0.0,3995.81,EasyPaisa,Facebook,Pending
ORD000467,2026-06-10 11:07:44.130675,CUST00261,PROD0023,1,8349.43,834.94,7514.49,JazzCash,Marketplace,Cancelled
ORD001369,2026-06-10 11:18:44.130675,CUST00106,PROD0002,1,3739.31,0.0,3739.31,EasyPaisa,WhatsApp,Cancelled
ORD000216,2026-06-10 11:21:44.130675,CUST00252,PROD0039,1,4106.97,0.0,4106.97,EasyPaisa,Instagram,Delivered
ORD000075,2026-06-10 23:08:44.130675,CUST00291,PROD0012,1,7018.87,350.94,6667.93,COD,Marketplace,Delivered
ORD000877,2026-06-10 23:14:44.130675,CUST00217,PROD0040,1,4051.74,202.59,3849.15,Card,Website,Pending
ORD000179,2026-06-11 01:30:44.130675,CUST00128,PROD0007,2,4983.51,0.0,9967.02,Bank Transfer,Instagram,Returned
ORD000055,2026-06-11 02:25:44.130675,CUST00091,PROD0039,1,4106.97,0.0,4106.97,COD,Instagram,Delivered
ORD000222,2026-06-11 02:25:44.130675,CUST00204,PROD0034,2,4718.01,1415.4,8020.62,JazzCash,Website,Delivered
ORD000564,2026-06-11 03:02:44.130675,CUST00293,PROD0035,1,1003.11,0.0,1003.11,COD,Instagram,Cancelled
ORD000064,2026-06-11 03:29:44.130675,CUST00043,PROD0032,1,8158.76,815.88,7342.88,COD,Instagram,Pending
ORD001049,2026-06-11 04:20:44.130675,CUST00092,PROD0036,3,5478.6,1643.58,14792.22,COD,Instagram,Delivered
ORD001373,2026-06-11 04:44:44.130675,CUST00191,PROD0007,1,4983.51,0.0,4983.51,COD,Website,Delivered
ORD000152,2026-06-11 04:53:44.130675,CUST00288,PROD0015,2,1683.11,0.0,3366.22,EasyPaisa,WhatsApp,Delivered
ORD000842,2026-06-11 06:50:44.130675,CUST00126,PROD0016,2,1636.99,0.0,3273.98,EasyPaisa,Website,Cancelled
ORD001254,2026-06-11 08:36:44.130675,CUST00256,PROD0024,3,1137.57,511.91,2900.8,Card,Marketplace,Delivered
ORD001323,2026-06-11 09:04:44.130675,CUST00039,PROD0017,1,4081.04,0.0,4081.04,Card,Instagram,Pending
ORD000383,2026-06-11 10:37:44.130675,CUST00094,PROD0034,2,4718.01,0.0,9436.02,COD,Marketplace,Pending
ORD001022,2026-06-11 23:13:44.130675,CUST00296,PROD0048,1,3672.55,0.0,3672.55,EasyPaisa,WhatsApp,Delivered
ORD000565,2026-06-12 00:18:44.130675,CUST00160,PROD0028,4,6109.36,2443.74,21993.7,COD,Facebook,Delivered
ORD000638,2026-06-12 00:21:44.130675,CUST00105,PROD0004,1,2516.58,0.0,2516.58,COD,Instagram,Cancelled
ORD000771,2026-06-12 00:27:44.130675,CUST00289,PROD0053,1,6462.36,0.0,6462.36,EasyPaisa,Instagram,Delivered
ORD000376,2026-06-12 00:50:44.130675,CUST00196,PROD0046,1,5794.77,579.48,5215.29,JazzCash,Marketplace,Delivered
ORD000861,2026-06-12 01:00:44.130675,CUST00253,PROD0049,1,8791.84,439.59,8352.25,EasyPaisa,Facebook,Delivered
ORD001251,2026-06-12 01:19:44.130675,CUST00042,PROD0032,1,8158.76,0.0,8158.76,JazzCash,WhatsApp,Pending
ORD000274,2026-06-12 01:40:44.130675,CUST00163,PROD0019,1,4229.01,0.0,4229.01,JazzCash,Marketplace,Pending
ORD001002,2026-06-12 02:27:44.130675,CUST00078,PROD0025,3,845.83,0.0,2537.49,EasyPaisa,Instagram,Cancelled
ORD000491,2026-06-12 02:33:44.130675,CUST00201,PROD0002,3,3739.31,0.0,11217.93,COD,Website,Delivered
ORD000902,2026-06-12 04:34:44.130675,CUST00042,PROD0046,1,5794.77,869.22,4925.55,JazzCash,Instagram,Delivered
ORD001165,2026-06-12 08:42:44.130675,CUST00133,PROD0030,1,5388.9,0.0,5388.9,JazzCash,Marketplace,Cancelled
ORD000578,2026-06-12 10:01:44.130675,CUST00175,PROD0013,4,3836.91,0.0,15347.64,Card,WhatsApp,Cancelled
ORD000125,2026-06-12 11:12:44.130675,CUST00183,PROD0016,3,1636.99,0.0,4910.97,Card,Facebook,Delivered
ORD000252,2026-06-12 12:02:44.130675,CUST00228,PROD0008,1,2070.31,0.0,2070.31,Bank Transfer,Facebook,Pending
ORD000915,2026-06-12 23:27:44.130675,CUST00013,PROD0057,1,6194.12,0.0,6194.12,Bank Transfer,WhatsApp,Delivered
ORD001180,2026-06-12 23:48:44.130675,CUST00260,PROD0048,4,3672.55,0.0,14690.2,JazzCash,WhatsApp,Delivered
ORD001367,2026-06-13 01:45:44.130675,CUST00292,PROD0052,1,2867.28,286.73,2580.55,JazzCash,Instagram,Returned
ORD000607,2026-06-13 04:01:44.130675,CUST00274,PROD0037,3,962.14,432.96,2453.46,EasyPaisa,Instagram,Delivered
ORD000602,2026-06-13 05:11:44.130675,CUST00265,PROD0026,1,1616.31,0.0,1616.31,Bank Transfer,Marketplace,Pending
ORD000551,2026-06-13 05:35:44.130675,CUST00169,PROD0016,2,1636.99,0.0,3273.98,COD,Instagram,Cancelled
ORD000363,2026-06-13 06:42:44.130675,CUST00018,PROD0009,1,5596.77,0.0,5596.77,JazzCash,Website,Delivered
ORD000238,2026-06-13 07:00:44.130675,CUST00056,PROD0034,1,4718.01,0.0,4718.01,Bank Transfer,Marketplace,Delivered
ORD000065,2026-06-13 08:37:44.130675,CUST00110,PROD0035,1,1003.11,0.0,1003.11,EasyPaisa,Facebook,Delivered
ORD000545,2026-06-13 10:06:44.130675,CUST00192,PROD0029,1,8888.02,0.0,8888.02,Bank Transfer,Instagram,Pending
ORD001029,2026-06-13 10:32:44.130675,CUST00251,PROD0027,3,4072.3,0.0,12216.9,Bank Transfer,WhatsApp,Delivered
ORD000092,2026-06-14 00:08:44.130675,CUST00081,PROD0015,1,1683.11,0.0,1683.11,JazzCash,Marketplace,Cancelled
ORD000344,2026-06-14 00:19:44.130675,CUST00152,PROD0049,1,8791.84,0.0,8791.84,Card,Facebook,Delivered
ORD000386,2026-06-14 00:29:44.130675,CUST00114,PROD0022,3,6250.14,0.0,18750.42,Card,Marketplace,Returned
ORD000832,2026-06-14 01:46:44.130675,CUST00233,PROD0003,2,4565.11,913.02,8217.2,Bank Transfer,WhatsApp,Delivered
ORD000874,2026-06-14 05:49:44.130675,CUST00198,PROD0032,1,8158.76,0.0,8158.76,Card,WhatsApp,Delivered
ORD001016,2026-06-14 06:43:44.130675,CUST00128,PROD0011,3,5016.23,0.0,15048.69,COD,Facebook,Pending
ORD000665,2026-06-14 06:47:44.130675,CUST00004,PROD0038,2,4805.71,0.0,9611.42,EasyPaisa,Marketplace,Returned
ORD000340,2026-06-14 07:27:44.130675,CUST00237,PROD0027,3,4072.3,0.0,12216.9,JazzCash,Facebook,Cancelled
ORD001144,2026-06-14 07:28:44.130675,CUST00154,PROD0031,1,6503.48,0.0,6503.48,Bank Transfer,Facebook,Returned
ORD000814,2026-06-14 09:44:44.130675,CUST00244,PROD0021,1,5313.35,0.0,5313.35,COD,Website,Delivered
ORD000974,2026-06-14 10:17:44.130675,CUST00262,PROD0059,1,1569.51,0.0,1569.51,Bank Transfer,Marketplace,Cancelled
ORD000867,2026-06-14 22:49:44.130675,CUST00006,PROD0024,3,1137.57,0.0,3412.71,Card,Facebook,Delivered
ORD000059,2026-06-15 00:30:44.130675,CUST00035,PROD0005,2,4099.95,0.0,8199.9,Bank Transfer,Instagram,Delivered
ORD000605,2026-06-15 04:24:44.130675,CUST00207,PROD0052,2,2867.28,0.0,5734.56,Bank Transfer,Website,Delivered
ORD000302,2026-06-15 09:15:44.130675,CUST00129,PROD0034,1,4718.01,0.0,4718.01,Card,Facebook,Delivered
ORD000060,2026-06-15 12:10:44.130675,CUST00170,PROD0035,1,1003.11,0.0,1003.11,JazzCash,Website,Delivered
ORD000054,2026-06-15 12:37:44.130675,CUST00189,PROD0050,3,3995.81,0.0,11987.43,Bank Transfer,Marketplace,Cancelled
ORD000838,2026-06-15 23:42:44.130675,CUST00065,PROD0058,1,1138.07,0.0,1138.07,Bank Transfer,Facebook,Cancelled
ORD000954,2026-06-16 02:44:44.130675,CUST00284,PROD0059,1,1569.51,235.43,1334.08,Card,Facebook,Delivered
ORD000167,2026-06-16 03:32:44.130675,CUST00178,PROD0035,2,1003.11,0.0,2006.22,EasyPaisa,Instagram,Delivered
ORD001228,2026-06-16 03:50:44.130675,CUST00157,PROD0040,1,4051.74,202.59,3849.15,COD,Facebook,Cancelled
ORD001448,2026-06-16 04:35:44.130675,CUST00241,PROD0018,1,3298.86,0.0,3298.86,COD,Marketplace,Delivered
ORD000948,2026-06-16 04:44:44.130675,CUST00275,PROD0016,1,1636.99,0.0,1636.99,Bank Transfer,Facebook,Pending
ORD001025,2026-06-16 05:20:44.130675,CUST00245,PROD0037,4,962.14,0.0,3848.56,Bank Transfer,Facebook,Cancelled
ORD000595,2026-06-16 06:59:44.130675,CUST00239,PROD0006,1,4713.7,0.0,4713.7,Bank Transfer,Marketplace,Delivered
ORD001362,2026-06-16 07:28:44.130675,CUST00004,PROD0003,1,4565.11,0.0,4565.11,JazzCash,Facebook,Returned
ORD000451,2026-06-16 12:02:44.130675,CUST00237,PROD0060,1,1519.23,0.0,1519.23,Card,Website,Cancelled
ORD000738,2026-06-16 22:40:44.130675,CUST00176,PROD0023,1,8349.43,417.47,7931.96,EasyPaisa,Marketplace,Cancelled
ORD000971,2026-06-17 01:17:44.130675,CUST00293,PROD0033,1,3226.18,0.0,3226.18,JazzCash,WhatsApp,Delivered
ORD000667,2026-06-17 03:39:44.130675,CUST00205,PROD0057,1,6194.12,0.0,6194.12,EasyPaisa,Marketplace,Delivered
ORD001427,2026-06-17 07:09:44.130675,CUST00179,PROD0021,3,5313.35,0.0,15940.05,JazzCash,Instagram,Pending
ORD001310,2026-06-17 09:16:44.130675,CUST00135,PROD0021,3,5313.35,0.0,15940.05,EasyPaisa,WhatsApp,Delivered
ORD000955,2026-06-17 09:25:44.130675,CUST00233,PROD0047,2,2232.86,0.0,4465.72,COD,Facebook,Delivered
ORD001120,2026-06-17 10:08:44.130675,CUST00237,PROD0016,2,1636.99,0.0,3273.98,Bank Transfer,Facebook,Pending
ORD000519,2026-06-17 10:44:44.130675,CUST00298,PROD0037,2,962.14,0.0,1924.28,Bank Transfer,Marketplace,Pending
ORD000473,2026-06-17 10:52:44.130675,CUST00205,PROD0025,1,845.83,0.0,845.83,COD,Facebook,Pending
ORD000379,2026-06-17 22:04:44.130675,CUST00142,PROD0012,1,7018.87,0.0,7018.87,EasyPaisa,Facebook,Returned
ORD001371,2026-06-17 23:36:44.130675,CUST00055,PROD0019,2,4229.01,0.0,8458.02,COD,Facebook,Returned
ORD001340,2026-06-18 01:17:44.130675,CUST00120,PROD0005,1,4099.95,0.0,4099.95,JazzCash,WhatsApp,Pending
ORD001072,2026-06-18 02:43:44.130675,CUST00192,PROD0028,2,6109.36,0.0,12218.72,Bank Transfer,Website,Delivered
ORD000978,2026-06-18 03:12:44.130675,CUST00186,PROD0013,2,3836.91,0.0,7673.82,Card,WhatsApp,Delivered
ORD000221,2026-06-18 06:31:44.130675,CUST00203,PROD0030,2,5388.9,0.0,10777.8,COD,Marketplace,Delivered
ORD000623,2026-06-18 09:25:44.130675,CUST00072,PROD0030,1,5388.9,0.0,5388.9,EasyPaisa,Website,Pending
ORD001100,2026-06-18 09:48:44.130675,CUST00026,PROD0040,1,4051.74,405.17,3646.57,JazzCash,Marketplace,Delivered
ORD001235,2026-06-18 12:11:44.130675,CUST00226,PROD0015,2,1683.11,504.93,2861.29,Card,Instagram,Delivered
ORD000458,2026-06-18 23:03:44.130675,CUST00286,PROD0025,2,845.83,0.0,1691.66,COD,Facebook,Delivered
ORD001194,2026-06-19 00:43:44.130675,CUST00155,PROD0057,2,6194.12,0.0,12388.24,JazzCash,WhatsApp,Cancelled
ORD000306,2026-06-19 00:46:44.130675,CUST00038,PROD0058,2,1138.07,113.81,2162.33,JazzCash,Facebook,Delivered
ORD001309,2026-06-19 01:29:44.130675,CUST00144,PROD0027,4,4072.3,0.0,16289.2,Bank Transfer,Facebook,Delivered
ORD001218,2026-06-19 03:02:44.130675,CUST00007,PROD0033,1,3226.18,0.0,3226.18,COD,WhatsApp,Delivered
ORD000951,2026-06-19 06:10:44.130675,CUST00254,PROD0043,1,2961.93,0.0,2961.93,JazzCash,Instagram,Delivered
ORD000891,2026-06-19 08:28:44.130675,CUST00130,PROD0032,2,8158.76,2447.63,13869.89,JazzCash,WhatsApp,Delivered
ORD000168,2026-06-19 11:59:44.130675,CUST00249,PROD0045,1,5135.47,0.0,5135.47,EasyPaisa,Marketplace,Delivered
ORD000207,2026-06-19 12:21:44.130675,CUST00016,PROD0033,1,3226.18,0.0,3226.18,Bank Transfer,Website,Delivered
ORD001276,2026-06-19 23:45:44.130675,CUST00062,PROD0035,1,1003.11,100.31,902.8,EasyPaisa,Instagram,Delivered
ORD000940,2026-06-20 01:18:44.130675,CUST00031,PROD0042,1,7902.11,0.0,7902.11,Card,Instagram,Returned
ORD000456,2026-06-20 01:36:44.130675,CUST00231,PROD0051,1,6557.75,0.0,6557.75,Card,Website,Returned
ORD001238,2026-06-20 04:20:44.130675,CUST00187,PROD0051,4,6557.75,1311.55,24919.45,Card,Website,Returned
ORD001428,2026-06-20 07:24:44.130675,CUST00097,PROD0022,1,6250.14,0.0,6250.14,Bank Transfer,Instagram,Pending
ORD000584,2026-06-20 09:08:44.130675,CUST00174,PROD0013,1,3836.91,0.0,3836.91,Bank Transfer,Instagram,Delivered
ORD001064,2026-06-20 09:25:44.130675,CUST00136,PROD0057,1,6194.12,929.12,5265.0,COD,WhatsApp,Delivered
ORD001011,2026-06-20 12:00:44.130675,CUST00138,PROD0026,2,1616.31,0.0,3232.62,EasyPaisa,Instagram,Delivered
ORD000264,2026-06-20 12:20:44.130675,CUST00201,PROD0015,1,1683.11,168.31,1514.8,Card,Website,Pending
ORD001067,2026-06-20 23:29:44.130675,CUST00108,PROD0033,1,3226.18,0.0,3226.18,JazzCash,Instagram,Delivered
ORD000792,2026-06-20 23:30:44.130675,CUST00194,PROD0046,1,5794.77,579.48,5215.29,Card,Instagram,Delivered
ORD000625,2026-06-21 00:25:44.130675,CUST00184,PROD0005,2,4099.95,0.0,8199.9,Card,Instagram,Cancelled
ORD000337,2026-06-21 01:18:44.130675,CUST00066,PROD0030,2,5388.9,0.0,10777.8,COD,Marketplace,Delivered
ORD000764,2026-06-21 01:34:44.130675,CUST00203,PROD0014,2,5951.29,0.0,11902.58,Card,WhatsApp,Delivered
ORD000299,2026-06-21 02:48:44.130675,CUST00051,PROD0059,2,1569.51,0.0,3139.02,JazzCash,Marketplace,Delivered
ORD001334,2026-06-21 03:09:44.130675,CUST00012,PROD0007,1,4983.51,0.0,4983.51,EasyPaisa,WhatsApp,Delivered
ORD001103,2026-06-21 05:35:44.130675,CUST00163,PROD0051,1,6557.75,0.0,6557.75,COD,Instagram,Delivered
ORD000870,2026-06-21 09:07:44.130675,CUST00071,PROD0045,2,5135.47,513.55,9757.39,Bank Transfer,WhatsApp,Delivered
ORD001019,2026-06-21 11:02:44.130675,CUST00040,PROD0026,1,1616.31,0.0,1616.31,COD,Marketplace,Cancelled
ORD001439,2026-06-21 12:32:44.130675,CUST00182,PROD0015,2,1683.11,0.0,3366.22,Card,Instagram,Delivered
ORD000834,2026-06-21 12:39:44.130675,CUST00136,PROD0024,2,1137.57,0.0,2275.14,JazzCash,WhatsApp,Cancelled
ORD000352,2026-06-21 22:01:44.130675,CUST00191,PROD0058,1,1138.07,0.0,1138.07,JazzCash,WhatsApp,Delivered
ORD000330,2026-06-21 22:09:44.130675,CUST00058,PROD0030,2,5388.9,0.0,10777.8,Card,WhatsApp,Delivered
ORD000032,2026-06-21 22:29:44.130675,CUST00115,PROD0032,1,8158.76,0.0,8158.76,Bank Transfer,WhatsApp,Delivered
ORD001158,2026-06-21 23:01:44.130675,CUST00125,PROD0014,2,5951.29,0.0,11902.58,Card,Website,Cancelled
ORD001141,2026-06-21 23:44:44.130675,CUST00098,PROD0003,4,4565.11,0.0,18260.44,COD,Instagram,Returned
ORD001211,2026-06-22 00:54:44.130675,CUST00206,PROD0016,2,1636.99,0.0,3273.98,COD,Marketplace,Cancelled
ORD000369,2026-06-22 00:58:44.130675,CUST00043,PROD0034,1,4718.01,471.8,4246.21,Bank Transfer,WhatsApp,Cancelled
ORD001335,2026-06-22 01:09:44.130675,CUST00250,PROD0020,2,1311.0,262.2,2359.8,Bank Transfer,WhatsApp,Delivered
ORD001351,2026-06-22 01:42:44.130675,CUST00233,PROD0021,1,5313.35,0.0,5313.35,JazzCash,Instagram,Returned
ORD000865,2026-06-22 03:45:44.130675,CUST00178,PROD0054,2,5327.61,0.0,10655.22,EasyPaisa,Facebook,Returned
ORD001112,2026-06-22 03:46:44.130675,CUST00186,PROD0049,1,8791.84,879.18,7912.66,COD,Website,Returned
ORD001477,2026-06-22 04:11:44.130675,CUST00022,PROD0059,1,1569.51,0.0,1569.51,COD,Website,Delivered
ORD001460,2026-06-22 05:12:44.130675,CUST00233,PROD0039,2,4106.97,0.0,8213.94,Card,Facebook,Cancelled
ORD000437,2026-06-22 05:23:44.130675,CUST00131,PROD0014,1,5951.29,0.0,5951.29,Bank Transfer,Facebook,Delivered
ORD001170,2026-06-22 05:25:44.130675,CUST00078,PROD0005,2,4099.95,0.0,8199.9,JazzCash,Facebook,Delivered
ORD000164,2026-06-22 07:04:44.130675,CUST00203,PROD0028,1,6109.36,0.0,6109.36,Card,Facebook,Delivered
ORD000632,2026-06-22 08:36:44.130675,CUST00189,PROD0030,1,5388.9,0.0,5388.9,COD,Facebook,Delivered
ORD000998,2026-06-22 09:39:44.130675,CUST00060,PROD0017,1,4081.04,0.0,4081.04,JazzCash,Facebook,Cancelled
ORD000990,2026-06-22 10:03:44.130675,CUST00119,PROD0029,1,8888.02,0.0,8888.02,JazzCash,WhatsApp,Delivered
ORD001212,2026-06-22 10:17:44.130675,CUST00006,PROD0010,1,683.9,0.0,683.9,COD,Marketplace,Delivered
ORD000924,2026-06-22 10:45:44.130675,CUST00156,PROD0030,2,5388.9,538.89,10238.91,EasyPaisa,Facebook,Pending
ORD000759,2026-06-22 12:05:44.130675,CUST00139,PROD0003,2,4565.11,913.02,8217.2,COD,Instagram,Pending
ORD000746,2026-06-22 12:35:44.130675,CUST00052,PROD0048,1,3672.55,0.0,3672.55,EasyPaisa,Instagram,Delivered
ORD000938,2026-06-22 23:31:44.130675,CUST00295,PROD0023,1,8349.43,834.94,7514.49,Card,Marketplace,Returned
ORD000899,2026-06-22 23:48:44.130675,CUST00151,PROD0036,2,5478.6,0.0,10957.2,COD,WhatsApp,Delivered
ORD001348,2026-06-23 01:47:44.130675,CUST00193,PROD0057,1,6194.12,309.71,5884.41,EasyPaisa,Facebook,Delivered
ORD000844,2026-06-23 02:54:44.130675,CUST00093,PROD0060,1,1519.23,0.0,1519.23,COD,Facebook,Delivered
ORD000415,2026-06-23 03:00:44.130675,CUST00015,PROD0040,2,4051.74,405.17,7698.31,Bank Transfer,Facebook,Delivered
ORD000775,2026-06-23 03:01:44.130675,CUST00171,PROD0011,4,5016.23,0.0,20064.92,COD,Website,Delivered
ORD000139,2026-06-23 03:17:44.130675,CUST00262,PROD0042,1,7902.11,1185.32,6716.79,EasyPaisa,WhatsApp,Delivered
ORD001354,2026-06-23 03:33:44.130675,CUST00292,PROD0040,2,4051.74,0.0,8103.48,COD,Marketplace,Delivered
ORD000472,2026-06-23 03:48:44.130675,CUST00029,PROD0014,3,5951.29,892.69,16961.18,COD,Marketplace,Returned
ORD000184,2026-06-23 06:58:44.130675,CUST00266,PROD0026,1,1616.31,0.0,1616.31,Card,Website,Delivered
ORD000104,2026-06-23 07:53:44.130675,CUST00279,PROD0050,1,3995.81,399.58,3596.23,EasyPaisa,Website,Delivered
ORD000474,2026-06-23 08:45:44.130675,CUST00079,PROD0014,1,5951.29,297.56,5653.73,COD,Website,Delivered
ORD000640,2026-06-23 09:58:44.130675,CUST00118,PROD0051,4,6557.75,0.0,26231.0,JazzCash,Website,Delivered
ORD000360,2026-06-23 10:51:44.130675,CUST00025,PROD0017,1,4081.04,0.0,4081.04,Card,Website,Delivered
ORD000754,2026-06-23 22:33:44.130675,CUST00032,PROD0039,1,4106.97,616.05,3490.92,Card,WhatsApp,Delivered
ORD001033,2026-06-23 23:24:44.130675,CUST00151,PROD0056,1,1011.77,0.0,1011.77,JazzCash,Marketplace,Delivered
ORD000728,2026-06-24 02:27:44.130675,CUST00151,PROD0035,3,1003.11,300.93,2708.4,JazzCash,Instagram,Delivered
ORD001185,2026-06-24 03:36:44.130675,CUST00213,PROD0052,1,2867.28,0.0,2867.28,Card,WhatsApp,Delivered
ORD000505,2026-06-24 09:25:44.130675,CUST00260,PROD0014,3,5951.29,0.0,17853.87,EasyPaisa,Facebook,Delivered
ORD001108,2026-06-24 10:17:44.130675,CUST00232,PROD0048,4,3672.55,0.0,14690.2,EasyPaisa,Facebook,Delivered
ORD000997,2026-06-24 12:04:44.130675,CUST00062,PROD0029,1,8888.02,444.4,8443.62,EasyPaisa,WhatsApp,Delivered
ORD000549,2026-06-24 23:22:44.130675,CUST00063,PROD0011,2,5016.23,0.0,10032.46,Card,Marketplace,Delivered
ORD001132,2026-06-25 00:34:44.130675,CUST00007,PROD0015,1,1683.11,0.0,1683.11,JazzCash,Website,Cancelled
ORD000011,2026-06-25 02:26:44.130675,CUST00267,PROD0020,1,1311.0,65.55,1245.45,Bank Transfer,Marketplace,Delivered
ORD001147,2026-06-25 02:52:44.130675,CUST00273,PROD0031,1,6503.48,975.52,5527.96,Card,Website,Delivered
ORD000234,2026-06-25 03:55:44.130675,CUST00045,PROD0003,2,4565.11,456.51,8673.71,COD,Facebook,Delivered
ORD001467,2026-06-25 04:12:44.130675,CUST00073,PROD0049,2,8791.84,0.0,17583.68,COD,Instagram,Delivered
ORD001098,2026-06-25 04:22:44.130675,CUST00012,PROD0006,1,4713.7,0.0,4713.7,Card,Website,Cancelled
ORD000789,2026-06-25 05:23:44.130675,CUST00173,PROD0048,1,3672.55,0.0,3672.55,EasyPaisa,Facebook,Delivered
ORD001484,2026-06-25 05:43:44.130675,CUST00208,PROD0031,1,6503.48,650.35,5853.13,COD,Marketplace,Delivered
ORD000374,2026-06-25 05:52:44.130675,CUST00269,PROD0038,1,4805.71,0.0,4805.71,JazzCash,Facebook,Returned
ORD000657,2026-06-25 06:31:44.130675,CUST00196,PROD0011,2,5016.23,0.0,10032.46,Bank Transfer,Website,Cancelled
ORD000698,2026-06-25 07:05:44.130675,CUST00051,PROD0031,4,6503.48,0.0,26013.92,JazzCash,Facebook,Cancelled
ORD000315,2026-06-25 09:21:44.130675,CUST00055,PROD0003,4,4565.11,0.0,18260.44,JazzCash,WhatsApp,Delivered
ORD000256,2026-06-25 22:33:44.130675,CUST00160,PROD0007,1,4983.51,0.0,4983.51,Card,Website,Delivered
ORD001077,2026-06-25 23:08:44.130675,CUST00121,PROD0010,1,683.9,0.0,683.9,Card,WhatsApp,Delivered
ORD000418,2026-06-25 23:18:44.130675,CUST00087,PROD0006,3,4713.7,0.0,14141.1,COD,Marketplace,Delivered
ORD001294,2026-06-26 01:22:44.130675,CUST00073,PROD0049,2,8791.84,0.0,17583.68,EasyPaisa,Facebook,Returned
ORD000637,2026-06-26 01:44:44.130675,CUST00220,PROD0002,2,3739.31,747.86,6730.76,Card,Marketplace,Delivered
ORD001050,2026-06-26 03:03:44.130675,CUST00189,PROD0024,1,1137.57,0.0,1137.57,JazzCash,Marketplace,Delivered
ORD000317,2026-06-26 05:31:44.130675,CUST00231,PROD0025,1,845.83,0.0,845.83,COD,Facebook,Delivered
ORD001338,2026-06-26 08:36:44.130675,CUST00220,PROD0020,2,1311.0,0.0,2622.0,Bank Transfer,Facebook,Returned
ORD000720,2026-06-26 08:51:44.130675,CUST00045,PROD0046,3,5794.77,869.22,16515.09,JazzCash,WhatsApp,Pending
ORD000229,2026-06-26 09:46:44.130675,CUST00229,PROD0050,2,3995.81,0.0,7991.62,JazzCash,Instagram,Delivered
ORD000255,2026-06-26 11:59:44.130675,CUST00045,PROD0046,3,5794.77,0.0,17384.31,JazzCash,WhatsApp,Delivered
ORD000475,2026-06-26 12:40:44.130675,CUST00068,PROD0052,1,2867.28,143.36,2723.92,JazzCash,Facebook,Pending
ORD000462,2026-06-26 22:05:44.130675,CUST00256,PROD0034,1,4718.01,0.0,4718.01,JazzCash,Website,Delivered
ORD000185,2026-06-26 22:46:44.130675,CUST00142,PROD0020,4,1311.0,0.0,5244.0,Bank Transfer,Marketplace,Returned
ORD000398,2026-06-26 23:26:44.130675,CUST00057,PROD0033,1,3226.18,0.0,3226.18,Bank Transfer,Instagram,Delivered
ORD000079,2026-06-27 01:47:44.130675,CUST00114,PROD0021,4,5313.35,0.0,21253.4,EasyPaisa,Website,Pending
ORD000436,2026-06-27 03:50:44.130675,CUST00300,PROD0016,1,1636.99,81.85,1555.14,EasyPaisa,Instagram,Delivered
ORD000538,2026-06-27 04:13:44.130675,CUST00047,PROD0012,1,7018.87,701.89,6316.98,COD,Facebook,Returned
ORD001298,2026-06-27 05:12:44.130675,CUST00067,PROD0051,2,6557.75,0.0,13115.5,EasyPaisa,Website,Returned
ORD000438,2026-06-27 06:24:44.130675,CUST00244,PROD0035,1,1003.11,100.31,902.8,Card,Website,Pending
ORD001008,2026-06-27 08:04:44.130675,CUST00178,PROD0028,1,6109.36,0.0,6109.36,EasyPaisa,Instagram,Pending
ORD000682,2026-06-27 10:20:44.130675,CUST00065,PROD0013,2,3836.91,1151.07,6522.75,Bank Transfer,Marketplace,Returned
ORD000156,2026-06-27 22:06:44.130675,CUST00026,PROD0018,2,3298.86,0.0,6597.72,Bank Transfer,Facebook,Delivered
ORD000470,2026-06-27 23:58:44.130675,CUST00042,PROD0038,3,4805.71,0.0,14417.13,EasyPaisa,WhatsApp,Delivered
ORD000162,2026-06-28 00:37:44.130675,CUST00022,PROD0025,2,845.83,0.0,1691.66,Bank Transfer,Marketplace,Delivered
ORD000589,2026-06-28 01:00:44.130675,CUST00144,PROD0055,1,5017.52,250.88,4766.64,Card,Marketplace,Returned
ORD000334,2026-06-28 01:46:44.130675,CUST00057,PROD0027,1,4072.3,0.0,4072.3,JazzCash,Instagram,Delivered
ORD000620,2026-06-28 04:25:44.130675,CUST00085,PROD0049,1,8791.84,439.59,8352.25,JazzCash,Instagram,Returned
ORD000341,2026-06-28 04:34:44.130675,CUST00114,PROD0028,2,6109.36,0.0,12218.72,Bank Transfer,Instagram,Returned
ORD001173,2026-06-28 06:26:44.130675,CUST00103,PROD0055,1,5017.52,0.0,5017.52,Bank Transfer,Website,Cancelled
ORD001264,2026-06-28 06:27:44.130675,CUST00200,PROD0006,1,4713.7,0.0,4713.7,JazzCash,WhatsApp,Pending
ORD000172,2026-06-28 09:01:44.130675,CUST00276,PROD0055,1,5017.52,0.0,5017.52,EasyPaisa,Instagram,Returned
ORD001458,2026-06-28 11:07:44.130675,CUST00140,PROD0060,1,1519.23,75.96,1443.27,Bank Transfer,Facebook,Returned
ORD000182,2026-06-28 11:20:44.130675,CUST00212,PROD0060,1,1519.23,0.0,1519.23,EasyPaisa,Website,Returned
ORD001239,2026-06-28 11:49:44.130675,CUST00127,PROD0023,1,8349.43,0.0,8349.43,Bank Transfer,Marketplace,Delivered
ORD000599,2026-06-29 02:16:44.130675,CUST00141,PROD0035,1,1003.11,0.0,1003.11,Card,Marketplace,Delivered
ORD000137,2026-06-29 02:20:44.130675,CUST00185,PROD0054,2,5327.61,0.0,10655.22,Bank Transfer,Marketplace,Pending
ORD001070,2026-06-29 03:38:44.130675,CUST00052,PROD0058,1,1138.07,0.0,1138.07,Card,Website,Delivered
ORD000347,2026-06-29 05:59:44.130675,CUST00152,PROD0041,1,627.43,62.74,564.69,EasyPaisa,Website,Cancelled
ORD001138,2026-06-29 06:01:44.130675,CUST00139,PROD0043,1,2961.93,0.0,2961.93,Bank Transfer,Marketplace,Pending
ORD000006,2026-06-29 08:08:44.130675,CUST00161,PROD0046,1,5794.77,0.0,5794.77,COD,Facebook,Delivered
ORD000313,2026-06-29 08:16:44.130675,CUST00206,PROD0037,1,962.14,144.32,817.82,COD,Facebook,Delivered
ORD001482,2026-06-29 08:39:44.130675,CUST00168,PROD0036,3,5478.6,821.79,15614.01,Bank Transfer,Instagram,Cancelled
ORD001127,2026-06-29 08:41:44.130675,CUST00038,PROD0051,1,6557.75,0.0,6557.75,EasyPaisa,WhatsApp,Pending
ORD001341,2026-06-29 09:09:44.130675,CUST00066,PROD0018,1,3298.86,0.0,3298.86,JazzCash,Marketplace,Delivered
ORD001300,2026-06-29 11:02:44.130675,CUST00161,PROD0001,3,3382.01,1014.6,9131.43,JazzCash,Instagram,Cancelled
ORD000579,2026-06-29 11:34:44.130675,CUST00290,PROD0045,4,5135.47,0.0,20541.88,JazzCash,Marketplace,Delivered
ORD001056,2026-06-29 11:40:44.130675,CUST00163,PROD0013,2,3836.91,0.0,7673.82,Card,Marketplace,Cancelled
ORD001385,2026-06-29 12:19:44.130675,CUST00239,PROD0006,2,4713.7,942.74,8484.66,EasyPaisa,Marketplace,Pending
ORD000193,2026-06-29 23:27:44.130675,CUST00293,PROD0019,2,4229.01,0.0,8458.02,COD,Marketplace,Delivered
ORD000005,2026-06-30 04:33:44.130675,CUST00235,PROD0055,1,5017.52,752.63,4264.89,Card,Website,Pending
ORD000421,2026-06-30 05:29:44.130675,CUST00174,PROD0032,1,8158.76,0.0,8158.76,Card,Marketplace,Delivered
ORD000358,2026-06-30 08:38:44.130675,CUST00168,PROD0034,2,4718.01,0.0,9436.02,EasyPaisa,Marketplace,Cancelled
ORD000680,2026-06-30 09:34:44.130675,CUST00097,PROD0008,1,2070.31,0.0,2070.31,COD,Marketplace,Delivered
ORD000410,2026-06-30 10:52:44.130675,CUST00277,PROD0032,1,8158.76,0.0,8158.76,Bank Transfer,Facebook,Pending
ORD001028,2026-06-30 11:06:44.130675,CUST00019,PROD0032,1,8158.76,0.0,8158.76,JazzCash,Marketplace,Returned
ORD000461,2026-06-30 12:26:44.130675,CUST00068,PROD0017,1,4081.04,0.0,4081.04,COD,Website,Cancelled
ORD000253,2026-06-30 12:27:44.130675,CUST00269,PROD0031,3,6503.48,0.0,19510.44,JazzCash,Website,Delivered
ORD000012,2026-06-30 12:28:44.130675,CUST00184,PROD0028,3,6109.36,2749.21,15578.87,Card,Instagram,Pending
ORD000010,2026-07-01 02:05:44.130675,CUST00053,PROD0047,1,2232.86,0.0,2232.86,EasyPaisa,Marketplace,Returned
ORD000993,2026-07-01 02:07:44.130675,CUST00061,PROD0037,3,962.14,0.0,2886.42,JazzCash,Website,Delivered
ORD001225,2026-07-01 03:12:44.130675,CUST00142,PROD0058,1,1138.07,56.9,1081.17,EasyPaisa,Facebook,Delivered
ORD000944,2026-07-01 04:27:44.130675,CUST00156,PROD0003,1,4565.11,0.0,4565.11,Card,Facebook,Delivered
ORD000672,2026-07-01 04:56:44.130675,CUST00244,PROD0026,2,1616.31,161.63,3070.99,COD,WhatsApp,Delivered
ORD001076,2026-07-01 05:22:44.130675,CUST00085,PROD0020,2,1311.0,0.0,2622.0,EasyPaisa,Facebook,Cancelled
ORD000149,2026-07-01 05:31:44.130675,CUST00117,PROD0041,2,627.43,0.0,1254.86,COD,WhatsApp,Delivered
ORD000760,2026-07-01 08:35:44.130675,CUST00189,PROD0014,1,5951.29,0.0,5951.29,JazzCash,Facebook,Cancelled
ORD000030,2026-07-01 08:40:44.130675,CUST00198,PROD0028,2,6109.36,0.0,12218.72,Card,Marketplace,Returned
ORD000688,2026-07-01 10:22:44.130675,CUST00201,PROD0022,1,6250.14,0.0,6250.14,COD,Marketplace,Cancelled
ORD000833,2026-07-01 10:55:44.130675,CUST00238,PROD0013,3,3836.91,1726.61,9784.12,EasyPaisa,WhatsApp,Delivered
ORD000138,2026-07-01 11:40:44.130675,CUST00102,PROD0017,1,4081.04,0.0,4081.04,Bank Transfer,Marketplace,Cancelled
ORD000777,2026-07-01 12:03:44.130675,CUST00139,PROD0044,1,2357.35,117.87,2239.48,EasyPaisa,Website,Delivered
ORD000901,2026-07-01 12:15:44.130675,CUST00258,PROD0054,1,5327.61,0.0,5327.61,Bank Transfer,Instagram,Delivered
ORD000953,2026-07-01 12:23:44.130675,CUST00249,PROD0045,1,5135.47,0.0,5135.47,JazzCash,Facebook,Delivered
ORD000514,2026-07-01 12:48:44.130675,CUST00208,PROD0051,2,6557.75,0.0,13115.5,Card,Website,Delivered
ORD000731,2026-07-01 22:03:44.130675,CUST00221,PROD0023,3,8349.43,0.0,25048.29,EasyPaisa,Instagram,Delivered
ORD000806,2026-07-01 23:01:44.130675,CUST00092,PROD0011,1,5016.23,0.0,5016.23,EasyPaisa,Website,Delivered
ORD000368,2026-07-01 23:17:44.130675,CUST00029,PROD0026,2,1616.31,0.0,3232.62,Bank Transfer,Instagram,Returned
ORD000277,2026-07-01 23:52:44.130675,CUST00145,PROD0001,2,3382.01,338.2,6425.82,COD,Instagram,Delivered
ORD000857,2026-07-02 01:01:44.130675,CUST00111,PROD0052,1,2867.28,143.36,2723.92,JazzCash,Website,Delivered
ORD001267,2026-07-02 06:00:44.130675,CUST00223,PROD0004,4,2516.58,0.0,10066.32,Bank Transfer,Marketplace,Pending
ORD001308,2026-07-02 07:48:44.130675,CUST00254,PROD0046,2,5794.77,579.48,11010.06,COD,Marketplace,Returned
ORD000774,2026-07-02 08:15:44.130675,CUST00116,PROD0002,1,3739.31,0.0,3739.31,EasyPaisa,Facebook,Delivered
ORD000734,2026-07-02 09:24:44.130675,CUST00003,PROD0043,2,2961.93,0.0,5923.86,JazzCash,Instagram,Delivered
ORD000554,2026-07-02 11:21:44.130675,CUST00184,PROD0053,2,6462.36,0.0,12924.72,EasyPaisa,Instagram,Pending
ORD000582,2026-07-02 22:01:44.130675,CUST00184,PROD0026,1,1616.31,242.45,1373.86,COD,Marketplace,Delivered
ORD000106,2026-07-02 23:06:44.130675,CUST00219,PROD0014,2,5951.29,0.0,11902.58,Bank Transfer,Website,Delivered
ORD001089,2026-07-02 23:47:44.130675,CUST00092,PROD0031,2,6503.48,650.35,12356.61,EasyPaisa,Marketplace,Pending
ORD000382,2026-07-03 04:37:44.130675,CUST00183,PROD0009,1,5596.77,0.0,5596.77,COD,Website,Delivered
ORD001486,2026-07-03 04:44:44.130675,CUST00205,PROD0060,1,1519.23,0.0,1519.23,EasyPaisa,Marketplace,Delivered
ORD000428,2026-07-03 05:06:44.130675,CUST00124,PROD0047,2,2232.86,0.0,4465.72,Card,Website,Pending
ORD000349,2026-07-03 05:36:44.130675,CUST00021,PROD0024,3,1137.57,0.0,3412.71,JazzCash,Website,Delivered
ORD000784,2026-07-03 06:27:44.130675,CUST00069,PROD0001,1,3382.01,338.2,3043.81,COD,Facebook,Delivered
ORD000177,2026-07-03 06:44:44.130675,CUST00213,PROD0006,1,4713.7,0.0,4713.7,JazzCash,Facebook,Pending
ORD000816,2026-07-03 10:24:44.130675,CUST00243,PROD0050,1,3995.81,399.58,3596.23,Card,Facebook,Delivered
ORD001048,2026-07-03 11:26:44.130675,CUST00178,PROD0042,1,7902.11,0.0,7902.11,EasyPaisa,Instagram,Returned
ORD000163,2026-07-03 12:00:44.130675,CUST00112,PROD0017,1,4081.04,0.0,4081.04,COD,Instagram,Cancelled
ORD001413,2026-07-03 22:29:44.130675,CUST00007,PROD0009,2,5596.77,0.0,11193.54,COD,Marketplace,Cancelled
ORD000112,2026-07-03 23:35:44.130675,CUST00020,PROD0028,1,6109.36,0.0,6109.36,EasyPaisa,WhatsApp,Returned
ORD001154,2026-07-04 00:16:44.130675,CUST00171,PROD0031,3,6503.48,975.52,18534.92,JazzCash,Website,Delivered
ORD000604,2026-07-04 00:33:44.130675,CUST00066,PROD0029,1,8888.02,0.0,8888.02,JazzCash,Facebook,Delivered
ORD000087,2026-07-04 00:59:44.130675,CUST00106,PROD0049,1,8791.84,0.0,8791.84,Bank Transfer,Website,Delivered
ORD001092,2026-07-04 02:24:44.130675,CUST00173,PROD0024,1,1137.57,0.0,1137.57,JazzCash,Facebook,Returned
ORD000591,2026-07-04 05:30:44.130675,CUST00238,PROD0049,3,8791.84,1318.78,25056.74,Card,Website,Cancelled
ORD001364,2026-07-04 06:21:44.130675,CUST00082,PROD0048,2,3672.55,0.0,7345.1,Card,Marketplace,Delivered
ORD001382,2026-07-04 08:54:44.130675,CUST00191,PROD0030,2,5388.9,0.0,10777.8,Bank Transfer,Marketplace,Delivered
ORD000718,2026-07-04 09:46:44.130675,CUST00128,PROD0018,1,3298.86,0.0,3298.86,Bank Transfer,WhatsApp,Cancelled
ORD000586,2026-07-04 10:20:44.130675,CUST00088,PROD0060,1,1519.23,0.0,1519.23,Bank Transfer,Marketplace,Delivered
ORD000596,2026-07-04 10:28:44.130675,CUST00163,PROD0028,1,6109.36,0.0,6109.36,JazzCash,WhatsApp,Delivered
ORD001339,2026-07-04 10:41:44.130675,CUST00066,PROD0009,1,5596.77,0.0,5596.77,JazzCash,Marketplace,Delivered
ORD000439,2026-07-04 11:16:44.130675,CUST00011,PROD0060,1,1519.23,0.0,1519.23,Bank Transfer,Facebook,Pending
ORD000841,2026-07-04 22:44:44.130675,CUST00067,PROD0035,3,1003.11,0.0,3009.33,EasyPaisa,Website,Delivered
ORD000189,2026-07-04 23:46:44.130675,CUST00029,PROD0020,1,1311.0,65.55,1245.45,JazzCash,Website,Pending
ORD001281,2026-07-05 00:15:44.130675,CUST00259,PROD0013,3,3836.91,0.0,11510.73,COD,Instagram,Delivered
ORD000727,2026-07-05 00:20:44.130675,CUST00058,PROD0023,4,8349.43,0.0,33397.72,JazzCash,Instagram,Pending
ORD001452,2026-07-05 03:00:44.130675,CUST00118,PROD0034,2,4718.01,471.8,8964.22,COD,Instagram,Delivered
ORD000272,2026-07-05 03:28:44.130675,CUST00032,PROD0044,2,2357.35,235.74,4478.96,COD,Instagram,Pending
ORD001465,2026-07-05 04:16:44.130675,CUST00192,PROD0020,1,1311.0,131.1,1179.9,COD,Website,Delivered
ORD000957,2026-07-05 04:25:44.130675,CUST00023,PROD0040,1,4051.74,0.0,4051.74,Card,Instagram,Delivered
ORD000743,2026-07-05 04:30:44.130675,CUST00157,PROD0040,1,4051.74,405.17,3646.57,Card,Instagram,Delivered
ORD000204,2026-07-05 06:42:44.130675,CUST00051,PROD0056,3,1011.77,0.0,3035.31,JazzCash,WhatsApp,Pending
ORD000420,2026-07-05 07:21:44.130675,CUST00166,PROD0031,1,6503.48,975.52,5527.96,Bank Transfer,Facebook,Pending
ORD000304,2026-07-05 08:45:44.130675,CUST00290,PROD0008,1,2070.31,0.0,2070.31,Card,Facebook,Cancelled
ORD000027,2026-07-05 10:19:44.130675,CUST00015,PROD0037,2,962.14,0.0,1924.28,Card,WhatsApp,Delivered
ORD000906,2026-07-05 10:53:44.130675,CUST00224,PROD0060,2,1519.23,0.0,3038.46,COD,Instagram,Returned
ORD000450,2026-07-05 11:53:44.130675,CUST00293,PROD0027,1,4072.3,0.0,4072.3,Card,Facebook,Delivered
ORD001134,2026-07-05 11:56:44.130675,CUST00249,PROD0055,1,5017.52,0.0,5017.52,Card,Marketplace,Delivered
ORD000335,2026-07-05 12:11:44.130675,CUST00038,PROD0016,2,1636.99,327.4,2946.58,EasyPaisa,Marketplace,Delivered
ORD000090,2026-07-05 12:11:44.130675,CUST00265,PROD0058,2,1138.07,0.0,2276.14,EasyPaisa,Website,Pending
ORD000846,2026-07-05 12:17:44.130675,CUST00231,PROD0041,1,627.43,0.0,627.43,Card,Instagram,Delivered
ORD000737,2026-07-06 00:04:44.130675,CUST00056,PROD0047,3,2232.86,334.93,6363.65,COD,Instagram,Delivered
ORD000532,2026-07-06 01:54:44.130675,CUST00203,PROD0052,2,2867.28,0.0,5734.56,JazzCash,Marketplace,Delivered
ORD000956,2026-07-06 02:49:44.130675,CUST00044,PROD0054,1,5327.61,0.0,5327.61,COD,Website,Pending
ORD001289,2026-07-06 02:53:44.130675,CUST00083,PROD0041,2,627.43,188.23,1066.63,JazzCash,Facebook,Delivered
ORD000282,2026-07-06 03:11:44.130675,CUST00096,PROD0033,1,3226.18,161.31,3064.87,EasyPaisa,Marketplace,Delivered
ORD000068,2026-07-06 05:37:44.130675,CUST00208,PROD0053,1,6462.36,0.0,6462.36,EasyPaisa,Website,Delivered
ORD000203,2026-07-06 08:14:44.130675,CUST00185,PROD0030,2,5388.9,0.0,10777.8,COD,Facebook,Delivered
ORD000634,2026-07-06 08:56:44.130675,CUST00069,PROD0039,1,4106.97,0.0,4106.97,JazzCash,Instagram,Cancelled
ORD000653,2026-07-06 12:24:44.130675,CUST00127,PROD0045,1,5135.47,0.0,5135.47,Card,WhatsApp,Delivered
ORD001296,2026-07-06 12:30:44.130675,CUST00222,PROD0022,1,6250.14,0.0,6250.14,Card,WhatsApp,Delivered
ORD000617,2026-07-06 12:39:44.130675,CUST00094,PROD0058,2,1138.07,0.0,2276.14,Bank Transfer,Facebook,Delivered
ORD000845,2026-07-06 23:28:44.130675,CUST00012,PROD0055,1,5017.52,250.88,4766.64,EasyPaisa,Facebook,Delivered
ORD001365,2026-07-06 23:38:44.130675,CUST00147,PROD0022,1,6250.14,625.01,5625.13,EasyPaisa,Facebook,Delivered
ORD000558,2026-07-06 23:52:44.130675,CUST00143,PROD0001,1,3382.01,169.1,3212.91,Bank Transfer,Marketplace,Delivered
ORD000611,2026-07-07 00:04:44.130675,CUST00067,PROD0011,1,5016.23,501.62,4514.61,Bank Transfer,WhatsApp,Delivered
ORD001094,2026-07-07 01:08:44.130675,CUST00044,PROD0023,2,8349.43,0.0,16698.86,Bank Transfer,Facebook,Delivered
ORD000040,2026-07-07 01:26:44.130675,CUST00098,PROD0013,1,3836.91,383.69,3453.22,JazzCash,Facebook,Pending
ORD000370,2026-07-07 01:28:44.130675,CUST00163,PROD0043,4,2961.93,1777.16,10070.56,Bank Transfer,Marketplace,Returned
ORD000866,2026-07-07 02:41:44.130675,CUST00233,PROD0050,1,3995.81,0.0,3995.81,EasyPaisa,Facebook,Pending
ORD000687,2026-07-07 02:49:44.130675,CUST00082,PROD0050,1,3995.81,0.0,3995.81,COD,Marketplace,Delivered
ORD001024,2026-07-07 03:45:44.130675,CUST00280,PROD0025,1,845.83,0.0,845.83,COD,WhatsApp,Delivered
ORD001462,2026-07-07 06:31:44.130675,CUST00207,PROD0034,2,4718.01,0.0,9436.02,Bank Transfer,WhatsApp,Cancelled
ORD001489,2026-07-07 07:10:44.130675,CUST00208,PROD0032,3,8158.76,0.0,24476.28,EasyPaisa,Instagram,Delivered
ORD000896,2026-07-07 07:23:44.130675,CUST00142,PROD0059,2,1569.51,313.9,2825.12,JazzCash,Instagram,Delivered
ORD001324,2026-07-07 08:50:44.130675,CUST00152,PROD0021,2,5313.35,0.0,10626.7,Bank Transfer,WhatsApp,Returned
ORD000656,2026-07-07 09:34:44.130675,CUST00042,PROD0006,2,4713.7,942.74,8484.66,Bank Transfer,Instagram,Delivered
ORD001222,2026-07-07 09:44:44.130675,CUST00021,PROD0046,3,5794.77,0.0,17384.31,JazzCash,WhatsApp,Pending
ORD001210,2026-07-07 10:07:44.130675,CUST00215,PROD0052,4,2867.28,1720.37,9748.75,EasyPaisa,Marketplace,Delivered
ORD000813,2026-07-07 10:24:44.130675,CUST00103,PROD0047,1,2232.86,334.93,1897.93,EasyPaisa,Website,Delivered
ORD001494,2026-07-07 11:28:44.130675,CUST00056,PROD0060,1,1519.23,0.0,1519.23,JazzCash,Marketplace,Delivered
ORD001124,2026-07-07 11:49:44.130675,CUST00021,PROD0053,2,6462.36,0.0,12924.72,JazzCash,WhatsApp,Cancelled
ORD001307,2026-07-07 12:06:44.130675,CUST00057,PROD0012,1,7018.87,0.0,7018.87,Card,Website,Delivered
ORD000442,2026-07-07 12:55:44.130675,CUST00131,PROD0029,1,8888.02,888.8,7999.22,JazzCash,Facebook,Pending
ORD000742,2026-07-07 22:14:44.130675,CUST00099,PROD0041,1,627.43,0.0,627.43,Card,WhatsApp,Delivered
ORD000318,2026-07-07 23:10:44.130675,CUST00268,PROD0004,1,2516.58,0.0,2516.58,EasyPaisa,Marketplace,Delivered
ORD000404,2026-07-07 23:11:44.130675,CUST00218,PROD0022,1,6250.14,312.51,5937.63,EasyPaisa,Website,Pending
ORD001207,2026-07-08 02:21:44.130675,CUST00268,PROD0028,3,6109.36,0.0,18328.08,EasyPaisa,WhatsApp,Delivered
ORD000884,2026-07-08 04:22:44.130675,CUST00052,PROD0015,3,1683.11,0.0,5049.33,Card,Website,Delivered
ORD001057,2026-07-08 04:50:44.130675,CUST00032,PROD0024,1,1137.57,113.76,1023.81,COD,Instagram,Pending
ORD001291,2026-07-08 04:53:44.130675,CUST00214,PROD0054,2,5327.61,0.0,10655.22,EasyPaisa,WhatsApp,Delivered
ORD000708,2026-07-08 05:02:44.130675,CUST00131,PROD0017,1,4081.04,408.1,3672.94,EasyPaisa,Instagram,Returned
ORD001133,2026-07-08 05:36:44.130675,CUST00088,PROD0033,2,3226.18,967.85,5484.51,JazzCash,Instagram,Returned
ORD001113,2026-07-08 05:45:44.130675,CUST00238,PROD0035,1,1003.11,0.0,1003.11,JazzCash,WhatsApp,Delivered
ORD001331,2026-07-08 05:52:44.130675,CUST00238,PROD0021,3,5313.35,797.0,15143.05,EasyPaisa,Instagram,Delivered
ORD000537,2026-07-08 06:59:44.130675,CUST00252,PROD0006,2,4713.7,0.0,9427.4,COD,Website,Delivered
ORD000116,2026-07-08 07:09:44.130675,CUST00266,PROD0050,1,3995.81,0.0,3995.81,COD,Facebook,Delivered
ORD001187,2026-07-08 08:20:44.130675,CUST00136,PROD0011,1,5016.23,0.0,5016.23,Bank Transfer,Website,Delivered
ORD000423,2026-07-08 10:11:44.130675,CUST00048,PROD0017,1,4081.04,612.16,3468.88,Bank Transfer,Facebook,Returned
ORD000811,2026-07-08 11:01:44.130675,CUST00115,PROD0007,1,4983.51,0.0,4983.51,EasyPaisa,WhatsApp,Cancelled
ORD000699,2026-07-08 11:41:44.130675,CUST00011,PROD0059,3,1569.51,0.0,4708.53,EasyPaisa,Marketplace,Pending
ORD001223,2026-07-08 11:48:44.130675,CUST00222,PROD0030,1,5388.9,0.0,5388.9,COD,Instagram,Returned
ORD000650,2026-07-08 12:23:44.130675,CUST00203,PROD0033,2,3226.18,0.0,6452.36,JazzCash,WhatsApp,Delivered
ORD000094,2026-07-08 22:12:44.130675,CUST00023,PROD0014,1,5951.29,0.0,5951.29,Card,Marketplace,Returned
ORD001010,2026-07-08 22:32:44.130675,CUST00166,PROD0033,1,3226.18,322.62,2903.56,JazzCash,Website,Delivered
ORD001378,2026-07-08 23:57:44.130675,CUST00296,PROD0003,1,4565.11,228.26,4336.85,COD,Facebook,Pending
ORD001012,2026-07-09 01:33:44.130675,CUST00086,PROD0041,2,627.43,0.0,1254.86,Bank Transfer,Instagram,Pending
ORD001166,2026-07-09 04:22:44.130675,CUST00250,PROD0060,1,1519.23,0.0,1519.23,COD,Marketplace,Delivered
ORD001146,2026-07-09 07:14:44.130675,CUST00253,PROD0030,4,5388.9,0.0,21555.6,Card,Website,Returned
ORD000933,2026-07-09 07:31:44.130675,CUST00037,PROD0009,3,5596.77,0.0,16790.31,JazzCash,Instagram,Cancelled
ORD000045,2026-07-09 07:41:44.130675,CUST00263,PROD0019,1,4229.01,0.0,4229.01,JazzCash,Marketplace,Pending
ORD000670,2026-07-09 08:09:44.130675,CUST00002,PROD0044,2,2357.35,0.0,4714.7,JazzCash,Facebook,Cancelled
ORD001314,2026-07-09 09:18:44.130675,CUST00068,PROD0033,3,3226.18,483.93,9194.61,JazzCash,Website,Returned
ORD001290,2026-07-09 09:53:44.130675,CUST00278,PROD0052,1,2867.28,0.0,2867.28,Card,WhatsApp,Delivered
ORD000893,2026-07-09 11:11:44.130675,CUST00073,PROD0034,2,4718.01,0.0,9436.02,JazzCash,WhatsApp,Delivered
ORD000651,2026-07-09 11:59:44.130675,CUST00064,PROD0020,2,1311.0,0.0,2622.0,EasyPaisa,Marketplace,Delivered
ORD000761,2026-07-09 12:36:44.130675,CUST00151,PROD0057,1,6194.12,0.0,6194.12,JazzCash,Facebook,Cancelled
ORD001155,2026-07-09 22:45:44.130675,CUST00207,PROD0020,1,1311.0,0.0,1311.0,COD,WhatsApp,Delivered
ORD001036,2026-07-10 00:06:44.130675,CUST00241,PROD0046,2,5794.77,0.0,11589.54,COD,Facebook,Delivered
ORD000324,2026-07-10 00:41:44.130675,CUST00190,PROD0005,1,4099.95,0.0,4099.95,Bank Transfer,Instagram,Delivered
ORD001115,2026-07-10 04:23:44.130675,CUST00097,PROD0059,1,1569.51,0.0,1569.51,COD,Marketplace,Delivered
ORD000660,2026-07-10 08:15:44.130675,CUST00221,PROD0005,2,4099.95,0.0,8199.9,Card,Instagram,Delivered
ORD000735,2026-07-10 09:18:44.130675,CUST00017,PROD0013,1,3836.91,0.0,3836.91,Card,Instagram,Delivered
ORD000132,2026-07-10 09:45:44.130675,CUST00191,PROD0024,1,1137.57,0.0,1137.57,JazzCash,WhatsApp,Delivered
ORD001478,2026-07-10 10:49:44.130675,CUST00078,PROD0009,1,5596.77,0.0,5596.77,EasyPaisa,Marketplace,Returned
ORD000710,2026-07-10 11:06:44.130675,CUST00162,PROD0042,2,7902.11,0.0,15804.22,EasyPaisa,WhatsApp,Delivered
ORD000492,2026-07-10 11:28:44.130675,CUST00297,PROD0007,2,4983.51,0.0,9967.02,Bank Transfer,Marketplace,Delivered
ORD000497,2026-07-10 11:40:44.130675,CUST00185,PROD0057,1,6194.12,0.0,6194.12,EasyPaisa,Instagram,Returned
ORD001409,2026-07-10 23:01:44.130675,CUST00045,PROD0003,1,4565.11,0.0,4565.11,JazzCash,Website,Delivered
ORD000920,2026-07-10 23:58:44.130675,CUST00146,PROD0052,1,2867.28,0.0,2867.28,EasyPaisa,Facebook,Returned
ORD000102,2026-07-11 01:48:44.130675,CUST00247,PROD0024,3,1137.57,0.0,3412.71,EasyPaisa,Website,Returned
ORD001176,2026-07-11 02:11:44.130675,CUST00112,PROD0043,1,2961.93,0.0,2961.93,JazzCash,Facebook,Delivered
ORD000817,2026-07-11 02:13:44.130675,CUST00091,PROD0056,1,1011.77,50.59,961.18,COD,Instagram,Delivered
ORD000056,2026-07-11 02:32:44.130675,CUST00136,PROD0048,1,3672.55,0.0,3672.55,Card,Instagram,Returned
ORD000322,2026-07-11 03:48:44.130675,CUST00206,PROD0040,1,4051.74,202.59,3849.15,JazzCash,Facebook,Cancelled
ORD000481,2026-07-11 04:03:44.130675,CUST00238,PROD0059,1,1569.51,0.0,1569.51,Bank Transfer,Website,Delivered
ORD001032,2026-07-11 05:07:44.130675,CUST00269,PROD0056,4,1011.77,0.0,4047.08,EasyPaisa,Instagram,Cancelled
ORD000776,2026-07-11 06:18:44.130675,CUST00093,PROD0058,1,1138.07,0.0,1138.07,EasyPaisa,Instagram,Cancelled
ORD000452,2026-07-11 07:13:44.130675,CUST00077,PROD0055,1,5017.52,0.0,5017.52,COD,Website,Delivered
ORD001125,2026-07-11 10:04:44.130675,CUST00054,PROD0060,1,1519.23,0.0,1519.23,Card,Website,Pending
ORD000733,2026-07-11 12:08:44.130675,CUST00275,PROD0031,1,6503.48,0.0,6503.48,JazzCash,Facebook,Delivered
ORD000479,2026-07-11 23:55:44.130675,CUST00245,PROD0042,1,7902.11,0.0,7902.11,JazzCash,Instagram,Delivered
ORD000894,2026-07-12 03:10:44.130675,CUST00046,PROD0016,1,1636.99,0.0,1636.99,Card,WhatsApp,Cancelled
ORD000829,2026-07-12 04:15:44.130675,CUST00224,PROD0012,1,7018.87,0.0,7018.87,JazzCash,Marketplace,Pending
ORD000575,2026-07-12 06:38:44.130675,CUST00184,PROD0003,1,4565.11,0.0,4565.11,JazzCash,Marketplace,Returned
ORD000269,2026-07-12 07:47:44.130675,CUST00176,PROD0053,2,6462.36,0.0,12924.72,Bank Transfer,Instagram,Delivered
ORD000425,2026-07-12 08:31:44.130675,CUST00161,PROD0053,1,6462.36,323.12,6139.24,Card,WhatsApp,Delivered
ORD000453,2026-07-12 10:55:44.130675,CUST00233,PROD0037,1,962.14,0.0,962.14,EasyPaisa,Facebook,Delivered
ORD000380,2026-07-12 11:13:44.130675,CUST00244,PROD0048,1,3672.55,0.0,3672.55,COD,Website,Returned
ORD001182,2026-07-12 11:38:44.130675,CUST00154,PROD0024,3,1137.57,170.64,3242.07,Card,Facebook,Cancelled
ORD000211,2026-07-12 12:46:44.130675,CUST00075,PROD0046,3,5794.77,1738.43,15645.88,Bank Transfer,Instagram,Delivered
ORD001282,2026-07-12 22:52:44.130675,CUST00226,PROD0041,1,627.43,0.0,627.43,COD,Instagram,Returned
ORD001148,2026-07-12 23:45:44.130675,CUST00094,PROD0044,1,2357.35,0.0,2357.35,EasyPaisa,Facebook,Delivered
ORD000271,2026-07-13 00:16:44.130675,CUST00208,PROD0030,1,5388.9,0.0,5388.9,COD,Marketplace,Delivered
ORD001322,2026-07-13 00:29:44.130675,CUST00004,PROD0044,1,2357.35,235.74,2121.61,COD,Instagram,Delivered
ORD001444,2026-07-13 05:06:44.130675,CUST00197,PROD0007,2,4983.51,0.0,9967.02,Bank Transfer,WhatsApp,Delivered
ORD001242,2026-07-13 05:34:44.130675,CUST00224,PROD0037,2,962.14,0.0,1924.28,COD,Instagram,Delivered
ORD000402,2026-07-13 06:39:44.130675,CUST00044,PROD0044,1,2357.35,0.0,2357.35,COD,Instagram,Delivered
ORD001446,2026-07-13 07:10:44.130675,CUST00191,PROD0032,1,8158.76,0.0,8158.76,Card,Facebook,Returned
ORD000157,2026-07-13 08:57:44.130675,CUST00120,PROD0007,1,4983.51,0.0,4983.51,COD,Instagram,Delivered
ORD000626,2026-07-13 09:00:44.130675,CUST00268,PROD0003,3,4565.11,0.0,13695.33,COD,WhatsApp,Cancelled
ORD000979,2026-07-13 09:53:44.130675,CUST00210,PROD0048,4,3672.55,0.0,14690.2,JazzCash,Facebook,Delivered
ORD000218,2026-07-13 11:36:44.130675,CUST00251,PROD0014,1,5951.29,595.13,5356.16,JazzCash,WhatsApp,Delivered
ORD000593,2026-07-14 11:12:44.130675,CUST00203,PROD0003,1,4565.11,456.51,4108.6,Card,Website,Delivered
ORD000251,2026-07-14 11:16:44.130675,CUST00111,PROD0006,1,4713.7,0.0,4713.7,Bank Transfer,Website,Delivered
ORD000372,2026-07-14 11:32:44.130675,CUST00045,PROD0001,1,3382.01,0.0,3382.01,Card,WhatsApp,Cancelled
ORD000332,2026-07-14 22:03:44.130675,CUST00027,PROD0022,2,6250.14,1250.03,11250.25,Bank Transfer,Instagram,Delivered
ORD000887,2026-07-14 23:57:44.130675,CUST00243,PROD0005,1,4099.95,0.0,4099.95,EasyPaisa,Website,Delivered
ORD000359,2026-07-15 02:33:44.130675,CUST00068,PROD0045,1,5135.47,0.0,5135.47,JazzCash,Instagram,Pending
ORD000338,2026-07-15 04:07:44.130675,CUST00176,PROD0018,1,3298.86,329.89,2968.97,Card,Website,Returned
ORD001432,2026-07-15 06:18:44.130675,CUST00075,PROD0031,2,6503.48,1300.7,11706.26,JazzCash,Marketplace,Delivered
ORD000757,2026-07-15 06:42:44.130675,CUST00269,PROD0001,3,3382.01,507.3,9638.73,JazzCash,Website,Pending
ORD001318,2026-07-15 08:52:44.130675,CUST00170,PROD0010,1,683.9,102.58,581.32,COD,Marketplace,Delivered
ORD000345,2026-07-15 11:33:44.130675,CUST00299,PROD0031,2,6503.48,0.0,13006.96,COD,WhatsApp,Delivered
ORD000503,2026-07-15 11:45:44.130675,CUST00057,PROD0004,3,2516.58,0.0,7549.74,COD,Marketplace,Returned
ORD000263,2026-07-15 23:26:44.130675,CUST00159,PROD0006,2,4713.7,942.74,8484.66,EasyPaisa,WhatsApp,Delivered
ORD001035,2026-07-16 01:56:44.130675,CUST00170,PROD0024,1,1137.57,0.0,1137.57,Card,Instagram,Returned
ORD000648,2026-07-16 02:26:44.130675,CUST00146,PROD0036,2,5478.6,0.0,10957.2,EasyPaisa,Marketplace,Returned
ORD001468,2026-07-16 03:53:44.130675,CUST00105,PROD0017,1,4081.04,0.0,4081.04,EasyPaisa,Instagram,Delivered
ORD001215,2026-07-16 04:34:44.130675,CUST00087,PROD0054,3,5327.61,0.0,15982.83,EasyPaisa,Website,Delivered
ORD000431,2026-07-16 05:32:44.130675,CUST00224,PROD0002,1,3739.31,186.97,3552.34,EasyPaisa,Facebook,Delivered
ORD000851,2026-07-16 09:48:44.130675,CUST00254,PROD0023,2,8349.43,0.0,16698.86,EasyPaisa,Marketplace,Delivered
ORD000200,2026-07-16 22:18:44.130675,CUST00108,PROD0045,2,5135.47,0.0,10270.94,Bank Transfer,Instagram,Delivered
ORD001488,2026-07-16 22:18:44.130675,CUST00190,PROD0026,2,1616.31,0.0,3232.62,COD,Website,Delivered
ORD001188,2026-07-16 22:44:44.130675,CUST00074,PROD0051,1,6557.75,0.0,6557.75,EasyPaisa,Facebook,Returned
ORD000889,2026-07-16 22:59:44.130675,CUST00009,PROD0038,1,4805.71,480.57,4325.14,Bank Transfer,Website,Pending
ORD001151,2026-07-16 23:40:44.130675,CUST00154,PROD0033,1,3226.18,161.31,3064.87,Bank Transfer,Instagram,Returned
ORD000457,2026-07-17 00:52:44.130675,CUST00166,PROD0044,2,2357.35,0.0,4714.7,EasyPaisa,Instagram,Cancelled
ORD000649,2026-07-17 01:06:44.130675,CUST00098,PROD0031,1,6503.48,0.0,6503.48,COD,Facebook,Pending
ORD001213,2026-07-17 01:39:44.130675,CUST00225,PROD0034,1,4718.01,0.0,4718.01,JazzCash,Facebook,Returned
ORD000465,2026-07-17 02:07:44.130675,CUST00240,PROD0010,1,683.9,0.0,683.9,EasyPaisa,Facebook,Delivered
ORD001190,2026-07-17 05:23:44.130675,CUST00275,PROD0027,4,4072.3,0.0,16289.2,EasyPaisa,Instagram,Pending
ORD000147,2026-07-17 05:52:44.130675,CUST00277,PROD0023,3,8349.43,0.0,25048.29,JazzCash,Marketplace,Delivered
ORD001191,2026-07-17 05:54:44.130675,CUST00132,PROD0039,2,4106.97,0.0,8213.94,Card,Website,Cancelled
ORD000820,2026-07-17 06:41:44.130675,CUST00083,PROD0013,1,3836.91,0.0,3836.91,EasyPaisa,Website,Cancelled
ORD000061,2026-07-17 06:49:44.130675,CUST00005,PROD0014,4,5951.29,0.0,23805.16,COD,Website,Delivered
ORD000977,2026-07-17 08:30:44.130675,CUST00267,PROD0057,1,6194.12,0.0,6194.12,EasyPaisa,Website,Delivered
ORD001153,2026-07-17 08:35:44.130675,CUST00214,PROD0011,1,5016.23,0.0,5016.23,JazzCash,Instagram,Delivered
ORD001497,2026-07-17 10:25:44.130675,CUST00184,PROD0055,1,5017.52,0.0,5017.52,Bank Transfer,Website,Delivered
ORD001397,2026-07-17 11:48:44.130675,CUST00197,PROD0021,1,5313.35,0.0,5313.35,Bank Transfer,Facebook,Delivered
ORD001451,2026-07-18 00:07:44.130675,CUST00113,PROD0018,1,3298.86,494.83,2804.03,Bank Transfer,Marketplace,Returned
ORD000188,2026-07-18 00:28:44.130675,CUST00296,PROD0047,1,2232.86,0.0,2232.86,COD,Marketplace,Cancelled
ORD000916,2026-07-18 00:49:44.130675,CUST00121,PROD0004,3,2516.58,0.0,7549.74,Bank Transfer,Website,Pending
ORD001415,2026-07-18 01:03:44.130675,CUST00089,PROD0014,1,5951.29,0.0,5951.29,EasyPaisa,Marketplace,Cancelled
ORD001379,2026-07-18 01:48:44.130675,CUST00137,PROD0057,1,6194.12,0.0,6194.12,COD,Website,Pending
ORD000697,2026-07-18 02:41:44.130675,CUST00049,PROD0002,1,3739.31,560.9,3178.41,Bank Transfer,Instagram,Delivered
ORD000388,2026-07-18 03:16:44.130675,CUST00186,PROD0008,2,2070.31,414.06,3726.56,Card,WhatsApp,Returned
ORD000008,2026-07-18 03:57:44.130675,CUST00020,PROD0028,2,6109.36,0.0,12218.72,Bank Transfer,Instagram,Cancelled
ORD001346,2026-07-18 06:06:44.130675,CUST00140,PROD0001,1,3382.01,169.1,3212.91,JazzCash,WhatsApp,Delivered
ORD001030,2026-07-18 06:32:44.130675,CUST00042,PROD0042,1,7902.11,0.0,7902.11,COD,WhatsApp,Cancelled
ORD000201,2026-07-18 07:43:44.130675,CUST00073,PROD0035,1,1003.11,0.0,1003.11,COD,WhatsApp,Returned
ORD000120,2026-07-18 10:12:44.130675,CUST00174,PROD0045,1,5135.47,0.0,5135.47,EasyPaisa,WhatsApp,Returned
ORD001261,2026-07-18 10:50:44.130675,CUST00051,PROD0023,1,8349.43,1252.41,7097.02,Bank Transfer,Facebook,Cancelled
ORD000779,2026-07-18 11:01:44.130675,CUST00058,PROD0025,1,845.83,42.29,803.54,Bank Transfer,WhatsApp,Cancelled
ORD001487,2026-07-18 12:39:44.130675,CUST00034,PROD0020,1,1311.0,0.0,1311.0,JazzCash,Facebook,Delivered
ORD000714,2026-07-18 23:30:44.130675,CUST00179,PROD0057,1,6194.12,309.71,5884.41,Bank Transfer,Website,Returned
ORD000739,2026-07-18 23:45:44.130675,CUST00220,PROD0001,1,3382.01,0.0,3382.01,Card,Marketplace,Delivered
ORD000872,2026-07-19 02:17:44.130675,CUST00248,PROD0034,1,4718.01,0.0,4718.01,Card,Facebook,Delivered
ORD000736,2026-07-19 06:28:44.130675,CUST00066,PROD0043,4,2961.93,0.0,11847.72,JazzCash,WhatsApp,Returned
ORD001435,2026-07-19 07:03:44.130675,CUST00244,PROD0004,4,2516.58,0.0,10066.32,EasyPaisa,WhatsApp,Delivered
ORD001009,2026-07-19 07:23:44.130675,CUST00121,PROD0057,1,6194.12,309.71,5884.41,COD,Website,Delivered
ORD000766,2026-07-19 09:08:44.130675,CUST00145,PROD0053,3,6462.36,0.0,19387.08,COD,Website,Delivered
ORD001047,2026-07-19 09:47:44.130675,CUST00129,PROD0010,2,683.9,0.0,1367.8,COD,Marketplace,Delivered
ORD000464,2026-07-19 10:06:44.130675,CUST00285,PROD0058,1,1138.07,0.0,1138.07,EasyPaisa,Facebook,Delivered
ORD000039,2026-07-20 00:49:44.130675,CUST00210,PROD0045,1,5135.47,513.55,4621.92,COD,Website,Returned
ORD001269,2026-07-20 01:33:44.130675,CUST00008,PROD0046,1,5794.77,0.0,5794.77,COD,WhatsApp,Delivered
ORD000499,2026-07-20 02:12:44.130675,CUST00108,PROD0032,1,8158.76,0.0,8158.76,Bank Transfer,Facebook,Delivered
ORD000557,2026-07-20 02:59:44.130675,CUST00144,PROD0020,2,1311.0,0.0,2622.0,EasyPaisa,Marketplace,Delivered
ORD000619,2026-07-20 04:45:44.130675,CUST00284,PROD0047,2,2232.86,0.0,4465.72,COD,Website,Delivered
ORD000592,2026-07-20 05:14:44.130675,CUST00298,PROD0024,1,1137.57,0.0,1137.57,EasyPaisa,Marketplace,Cancelled
ORD000882,2026-07-20 06:24:44.130675,CUST00056,PROD0012,1,7018.87,0.0,7018.87,COD,Instagram,Delivered
ORD000782,2026-07-20 06:31:44.130675,CUST00118,PROD0027,1,4072.3,0.0,4072.3,EasyPaisa,Facebook,Returned
ORD000126,2026-07-20 06:57:44.130675,CUST00278,PROD0059,1,1569.51,235.43,1334.08,COD,WhatsApp,Delivered
ORD001321,2026-07-20 07:42:44.130675,CUST00096,PROD0031,2,6503.48,0.0,13006.96,EasyPaisa,Website,Cancelled
ORD000294,2026-07-20 10:23:44.130675,CUST00197,PROD0039,3,4106.97,0.0,12320.91,Card,WhatsApp,Cancelled
ORD000722,2026-07-20 10:52:44.130675,CUST00006,PROD0006,2,4713.7,0.0,9427.4,EasyPaisa,Marketplace,Cancelled
ORD000414,2026-07-20 22:22:44.130675,CUST00135,PROD0031,1,6503.48,650.35,5853.13,EasyPaisa,Marketplace,Delivered
ORD000445,2026-07-20 23:19:44.130675,CUST00216,PROD0007,2,4983.51,0.0,9967.02,Bank Transfer,Marketplace,Cancelled
ORD000507,2026-07-21 00:02:44.130675,CUST00137,PROD0054,2,5327.61,0.0,10655.22,JazzCash,WhatsApp,Delivered
ORD000518,2026-07-21 03:04:44.130675,CUST00025,PROD0004,2,2516.58,0.0,5033.16,COD,WhatsApp,Delivered
ORD000181,2026-07-21 03:39:44.130675,CUST00081,PROD0011,2,5016.23,0.0,10032.46,Bank Transfer,Marketplace,Delivered
ORD000880,2026-07-21 04:29:44.130675,CUST00171,PROD0023,1,8349.43,0.0,8349.43,COD,WhatsApp,Delivered
ORD001017,2026-07-21 04:47:44.130675,CUST00249,PROD0002,2,3739.31,0.0,7478.62,COD,Instagram,Delivered
ORD000205,2026-07-21 05:32:44.130675,CUST00012,PROD0039,1,4106.97,0.0,4106.97,COD,Instagram,Returned
ORD000646,2026-07-21 07:44:44.130675,CUST00222,PROD0025,1,845.83,0.0,845.83,Card,WhatsApp,Delivered
ORD001240,2026-07-21 09:27:44.130675,CUST00275,PROD0007,4,4983.51,996.7,18937.34,JazzCash,Facebook,Pending
ORD000031,2026-07-21 11:27:44.130675,CUST00254,PROD0004,1,2516.58,251.66,2264.92,Card,Facebook,Pending
ORD000577,2026-07-21 11:50:44.130675,CUST00287,PROD0043,2,2961.93,0.0,5923.86,COD,WhatsApp,Delivered
ORD001386,2026-07-21 12:52:44.130675,CUST00075,PROD0044,1,2357.35,0.0,2357.35,Bank Transfer,Website,Returned
ORD001496,2026-07-21 23:28:44.130675,CUST00115,PROD0017,1,4081.04,204.05,3876.99,JazzCash,Facebook,Delivered
ORD000406,2026-07-22 02:06:44.130675,CUST00233,PROD0039,4,4106.97,2464.18,13963.7,COD,Facebook,Delivered
ORD000909,2026-07-22 03:05:44.130675,CUST00279,PROD0059,1,1569.51,0.0,1569.51,Bank Transfer,Website,Delivered
ORD000110,2026-07-22 04:47:44.130675,CUST00174,PROD0045,3,5135.47,0.0,15406.41,Bank Transfer,Marketplace,Cancelled
ORD000918,2026-07-22 09:41:44.130675,CUST00280,PROD0053,2,6462.36,0.0,12924.72,Card,WhatsApp,Delivered
ORD000773,2026-07-22 12:50:44.130675,CUST00213,PROD0003,1,4565.11,0.0,4565.11,Card,Facebook,Delivered
ORD001277,2026-07-22 22:27:44.130675,CUST00246,PROD0036,2,5478.6,0.0,10957.2,COD,Facebook,Delivered
ORD000527,2026-07-23 00:04:44.130675,CUST00191,PROD0008,1,2070.31,0.0,2070.31,JazzCash,Website,Delivered
ORD001184,2026-07-23 00:05:44.130675,CUST00241,PROD0016,1,1636.99,0.0,1636.99,COD,Facebook,Returned
ORD001129,2026-07-23 01:58:44.130675,CUST00114,PROD0039,1,4106.97,0.0,4106.97,JazzCash,Marketplace,Delivered
ORD000114,2026-07-23 02:09:44.130675,CUST00018,PROD0013,3,3836.91,1151.07,10359.66,Bank Transfer,Marketplace,Returned
ORD000516,2026-07-23 03:45:44.130675,CUST00082,PROD0014,1,5951.29,0.0,5951.29,COD,Facebook,Pending
ORD000480,2026-07-23 04:15:44.130675,CUST00292,PROD0044,3,2357.35,353.6,6718.45,COD,Marketplace,Delivered
ORD000327,2026-07-23 05:23:44.130675,CUST00123,PROD0009,1,5596.77,0.0,5596.77,Card,Marketplace,Cancelled
ORD001337,2026-07-23 05:48:44.130675,CUST00111,PROD0031,2,6503.48,0.0,13006.96,EasyPaisa,WhatsApp,Delivered
ORD001065,2026-07-23 05:50:44.130675,CUST00088,PROD0038,1,4805.71,240.29,4565.42,COD,Marketplace,Delivered
ORD001122,2026-07-23 05:52:44.130675,CUST00198,PROD0003,2,4565.11,0.0,9130.22,COD,WhatsApp,Delivered
ORD001237,2026-07-23 07:22:44.130675,CUST00295,PROD0037,1,962.14,0.0,962.14,EasyPaisa,Website,Cancelled
ORD001041,2026-07-23 07:38:44.130675,CUST00197,PROD0017,1,4081.04,0.0,4081.04,JazzCash,Marketplace,Pending
ORD000254,2026-07-23 08:05:44.130675,CUST00106,PROD0050,3,3995.81,599.37,11388.06,COD,WhatsApp,Delivered
ORD000563,2026-07-23 09:59:44.130675,CUST00115,PROD0044,1,2357.35,0.0,2357.35,COD,Website,Delivered
ORD000673,2026-07-23 12:33:44.130675,CUST00259,PROD0039,1,4106.97,0.0,4106.97,COD,Instagram,Delivered
ORD000704,2026-07-23 12:47:44.130675,CUST00151,PROD0043,1,2961.93,0.0,2961.93,Bank Transfer,WhatsApp,Delivered
ORD000864,2026-07-23 22:18:44.130675,CUST00009,PROD0026,1,1616.31,0.0,1616.31,COD,WhatsApp,Delivered
ORD000610,2026-07-23 23:26:44.130675,CUST00030,PROD0019,1,4229.01,0.0,4229.01,JazzCash,Marketplace,Delivered
ORD000329,2026-07-23 23:36:44.130675,CUST00186,PROD0036,1,5478.6,0.0,5478.6,Bank Transfer,Marketplace,Delivered
ORD000395,2026-07-24 01:42:44.130675,CUST00099,PROD0007,2,4983.51,498.35,9468.67,JazzCash,Instagram,Pending
ORD000934,2026-07-24 05:09:44.130675,CUST00107,PROD0047,4,2232.86,0.0,8931.44,Bank Transfer,WhatsApp,Returned
ORD000879,2026-07-24 05:19:44.130675,CUST00136,PROD0012,1,7018.87,0.0,7018.87,COD,Marketplace,Delivered
ORD000424,2026-07-24 05:24:44.130675,CUST00108,PROD0022,1,6250.14,0.0,6250.14,JazzCash,Facebook,Cancelled
ORD000875,2026-07-24 06:51:44.130675,CUST00161,PROD0022,1,6250.14,0.0,6250.14,JazzCash,WhatsApp,Cancelled
ORD001096,2026-07-24 07:26:44.130675,CUST00021,PROD0058,2,1138.07,0.0,2276.14,COD,Website,Delivered
ORD001005,2026-07-24 08:08:44.130675,CUST00154,PROD0038,1,4805.71,0.0,4805.71,Card,Website,Cancelled
ORD000297,2026-07-24 11:24:44.130675,CUST00007,PROD0046,1,5794.77,0.0,5794.77,JazzCash,WhatsApp,Delivered
ORD000711,2026-07-24 23:40:44.130675,CUST00281,PROD0039,1,4106.97,0.0,4106.97,EasyPaisa,Facebook,Delivered
ORD001110,2026-07-25 00:21:44.130675,CUST00064,PROD0032,4,8158.76,0.0,32635.04,COD,WhatsApp,Delivered
ORD000364,2026-07-25 02:04:44.130675,CUST00013,PROD0024,1,1137.57,170.64,966.93,EasyPaisa,WhatsApp,Pending
ORD001205,2026-07-25 03:31:44.130675,CUST00118,PROD0056,1,1011.77,0.0,1011.77,Bank Transfer,Instagram,Delivered
ORD001037,2026-07-25 05:18:44.130675,CUST00049,PROD0045,1,5135.47,0.0,5135.47,COD,Marketplace,Delivered
ORD000961,2026-07-25 05:24:44.130675,CUST00294,PROD0047,3,2232.86,0.0,6698.58,Bank Transfer,Marketplace,Delivered
ORD000945,2026-07-25 07:52:44.130675,CUST00195,PROD0002,2,3739.31,373.93,7104.69,COD,Marketplace,Delivered
ORD000751,2026-07-25 09:06:44.130675,CUST00023,PROD0047,1,2232.86,111.64,2121.22,Card,Instagram,Delivered
ORD000387,2026-07-25 09:32:44.130675,CUST00059,PROD0045,2,5135.47,0.0,10270.94,EasyPaisa,WhatsApp,Delivered
ORD000812,2026-07-25 12:49:44.130675,CUST00239,PROD0006,1,4713.7,0.0,4713.7,COD,Facebook,Delivered
ORD001388,2026-07-25 22:30:44.130675,CUST00054,PROD0027,3,4072.3,1832.54,10384.36,Bank Transfer,Facebook,Delivered
ORD001286,2026-07-25 22:58:44.130675,CUST00244,PROD0015,2,1683.11,0.0,3366.22,Bank Transfer,WhatsApp,Delivered
ORD000831,2026-07-25 23:37:44.130675,CUST00228,PROD0032,2,8158.76,0.0,16317.52,Bank Transfer,Marketplace,Pending
ORD001266,2026-07-26 00:38:44.130675,CUST00161,PROD0058,1,1138.07,113.81,1024.26,COD,Marketplace,Delivered
ORD001491,2026-07-26 04:28:44.130675,CUST00048,PROD0006,2,4713.7,0.0,9427.4,Card,Facebook,Delivered
ORD001393,2026-07-26 08:03:44.130675,CUST00098,PROD0049,1,8791.84,439.59,8352.25,COD,Facebook,Delivered
ORD000772,2026-07-26 09:14:44.130675,CUST00279,PROD0022,1,6250.14,0.0,6250.14,COD,Facebook,Pending
ORD000939,2026-07-26 09:54:44.130675,CUST00057,PROD0033,1,3226.18,0.0,3226.18,Bank Transfer,WhatsApp,Delivered
ORD000053,2026-07-26 21:57:44.130675,CUST00129,PROD0051,4,6557.75,0.0,26231.0,Card,Marketplace,Pending
ORD000268,2026-07-27 00:27:44.130675,CUST00197,PROD0038,1,4805.71,0.0,4805.71,COD,Website,Delivered
ORD000905,2026-07-27 01:16:44.130675,CUST00157,PROD0050,1,3995.81,0.0,3995.81,COD,Website,Returned
ORD000131,2026-07-27 02:12:44.130675,CUST00138,PROD0024,2,1137.57,0.0,2275.14,EasyPaisa,Marketplace,Delivered
ORD000952,2026-07-27 02:52:44.130675,CUST00126,PROD0046,1,5794.77,0.0,5794.77,Bank Transfer,Website,Delivered
ORD001283,2026-07-27 03:00:44.130675,CUST00058,PROD0034,1,4718.01,0.0,4718.01,COD,WhatsApp,Returned
ORD001433,2026-07-27 03:57:44.130675,CUST00035,PROD0017,1,4081.04,0.0,4081.04,Card,Website,Delivered
ORD000716,2026-07-27 07:53:44.130675,CUST00207,PROD0048,2,3672.55,367.26,6977.84,EasyPaisa,Marketplace,Delivered
ORD001475,2026-07-27 09:44:44.130675,CUST00290,PROD0049,1,8791.84,0.0,8791.84,Bank Transfer,Facebook,Delivered
ORD000512,2026-07-27 11:16:44.130675,CUST00161,PROD0027,1,4072.3,0.0,4072.3,JazzCash,Facebook,Pending
ORD000674,2026-07-27 11:26:44.130675,CUST00087,PROD0051,1,6557.75,327.89,6229.86,EasyPaisa,Facebook,Delivered
ORD000504,2026-07-27 22:29:44.130675,CUST00054,PROD0051,3,6557.75,0.0,19673.25,Card,Facebook,Pending
ORD001162,2026-07-27 23:25:44.130675,CUST00126,PROD0010,1,683.9,0.0,683.9,JazzCash,Marketplace,Returned
ORD000501,2026-07-28 01:28:44.130675,CUST00133,PROD0028,1,6109.36,0.0,6109.36,JazzCash,Website,Pending
ORD001023,2026-07-28 02:27:44.130675,CUST00146,PROD0028,1,6109.36,916.4,5192.96,Bank Transfer,Marketplace,Delivered
ORD000526,2026-07-28 03:55:44.130675,CUST00061,PROD0031,1,6503.48,0.0,6503.48,Bank Transfer,WhatsApp,Delivered
ORD001045,2026-07-28 04:21:44.130675,CUST00198,PROD0020,1,1311.0,0.0,1311.0,EasyPaisa,Website,Delivered
ORD000279,2026-07-28 04:50:44.130675,CUST00185,PROD0043,1,2961.93,0.0,2961.93,EasyPaisa,Instagram,Delivered
ORD000466,2026-07-28 05:26:44.130675,CUST00253,PROD0003,1,4565.11,684.77,3880.34,COD,Instagram,Delivered
ORD000258,2026-07-28 06:03:44.130675,CUST00106,PROD0018,1,3298.86,494.83,2804.03,Bank Transfer,Website,Returned
ORD000108,2026-07-28 06:27:44.130675,CUST00130,PROD0051,1,6557.75,0.0,6557.75,JazzCash,Marketplace,Delivered
ORD000195,2026-07-28 07:44:44.130675,CUST00269,PROD0032,1,8158.76,0.0,8158.76,Card,Instagram,Delivered
ORD000544,2026-07-28 08:47:44.130675,CUST00065,PROD0038,2,4805.71,0.0,9611.42,JazzCash,Marketplace,Delivered
ORD000873,2026-07-28 11:52:44.130675,CUST00125,PROD0050,1,3995.81,0.0,3995.81,Card,Facebook,Delivered
ORD001038,2026-07-28 12:11:44.130675,CUST00177,PROD0039,1,4106.97,0.0,4106.97,COD,Instagram,Delivered
ORD001285,2026-07-28 22:49:44.130675,CUST00199,PROD0044,1,2357.35,0.0,2357.35,Bank Transfer,Facebook,Pending
ORD001167,2026-07-29 03:59:44.130675,CUST00259,PROD0059,4,1569.51,0.0,6278.04,JazzCash,Marketplace,Delivered
ORD001109,2026-07-29 04:23:44.130675,CUST00012,PROD0040,1,4051.74,0.0,4051.74,JazzCash,Marketplace,Cancelled
ORD000904,2026-07-29 04:40:44.130675,CUST00166,PROD0059,1,1569.51,0.0,1569.51,Bank Transfer,Instagram,Cancelled
ORD001402,2026-07-29 04:48:44.130675,CUST00275,PROD0033,1,3226.18,0.0,3226.18,COD,Website,Returned
ORD000535,2026-07-29 06:09:44.130675,CUST00244,PROD0035,1,1003.11,0.0,1003.11,Bank Transfer,Facebook,Delivered
ORD000419,2026-07-29 06:54:44.130675,CUST00216,PROD0003,1,4565.11,456.51,4108.6,JazzCash,Facebook,Cancelled
ORD000096,2026-07-29 07:58:44.130675,CUST00146,PROD0034,4,4718.01,0.0,18872.04,COD,Instagram,Delivered
ORD000559,2026-07-29 08:40:44.130675,CUST00290,PROD0011,1,5016.23,0.0,5016.23,Card,Facebook,Returned
ORD001075,2026-07-29 10:05:44.130675,CUST00067,PROD0045,3,5135.47,0.0,15406.41,JazzCash,Facebook,Delivered
ORD000863,2026-07-29 22:55:44.130675,CUST00237,PROD0019,1,4229.01,211.45,4017.56,JazzCash,Instagram,Pending
ORD000447,2026-07-29 23:04:44.130675,CUST00081,PROD0026,1,1616.31,0.0,1616.31,Card,Marketplace,Cancelled
ORD001221,2026-07-29 23:04:44.130675,CUST00123,PROD0054,2,5327.61,1598.28,9056.94,JazzCash,Marketplace,Cancelled
ORD000209,2026-07-30 00:24:44.130675,CUST00160,PROD0041,2,627.43,0.0,1254.86,Bank Transfer,Website,Delivered
ORD000702,2026-07-30 01:38:44.130675,CUST00083,PROD0052,1,2867.28,0.0,2867.28,COD,Marketplace,Delivered
ORD000883,2026-07-30 02:12:44.130675,CUST00034,PROD0015,1,1683.11,168.31,1514.8,Bank Transfer,Facebook,Delivered
ORD000613,2026-07-30 02:34:44.130675,CUST00104,PROD0046,2,5794.77,0.0,11589.54,Bank Transfer,WhatsApp,Delivered
ORD000963,2026-07-30 03:59:44.130675,CUST00141,PROD0016,2,1636.99,0.0,3273.98,JazzCash,Website,Cancelled
ORD000836,2026-07-30 04:12:44.130675,CUST00285,PROD0048,1,3672.55,0.0,3672.55,EasyPaisa,Instagram,Returned
ORD000105,2026-07-30 06:04:44.130675,CUST00267,PROD0001,2,3382.01,338.2,6425.82,COD,WhatsApp,Cancelled
ORD000133,2026-07-30 08:11:44.130675,CUST00052,PROD0029,1,8888.02,0.0,8888.02,JazzCash,Instagram,Returned
ORD000976,2026-07-30 08:32:44.130675,CUST00215,PROD0060,4,1519.23,0.0,6076.92,Bank Transfer,Facebook,Pending
ORD000681,2026-07-30 08:57:44.130675,CUST00160,PROD0009,3,5596.77,2518.55,14271.76,COD,Marketplace,Returned
ORD001262,2026-07-30 09:31:44.130675,CUST00268,PROD0042,1,7902.11,0.0,7902.11,EasyPaisa,Marketplace,Cancelled
ORD000007,2026-07-30 10:07:44.130675,CUST00251,PROD0018,1,3298.86,164.94,3133.92,COD,Instagram,Returned
ORD000678,2026-07-30 10:56:44.130675,CUST00034,PROD0045,1,5135.47,0.0,5135.47,JazzCash,WhatsApp,Cancelled
ORD000932,2026-07-30 22:37:44.130675,CUST00050,PROD0034,2,4718.01,0.0,9436.02,Card,Facebook,Pending
ORD000975,2026-07-30 22:39:44.130675,CUST00077,PROD0023,3,8349.43,0.0,25048.29,EasyPaisa,Facebook,Delivered
ORD000416,2026-07-30 22:45:44.130675,CUST00175,PROD0054,1,5327.61,266.38,5061.23,EasyPaisa,Facebook,Delivered
ORD000043,2026-07-31 00:43:44.130675,CUST00066,PROD0050,3,3995.81,0.0,11987.43,COD,WhatsApp,Cancelled
ORD000521,2026-07-31 01:49:44.130675,CUST00185,PROD0048,1,3672.55,0.0,3672.55,EasyPaisa,Facebook,Delivered
ORD000377,2026-07-31 02:28:44.130675,CUST00287,PROD0003,2,4565.11,0.0,9130.22,EasyPaisa,Instagram,Delivered
ORD000926,2026-07-31 03:34:44.130675,CUST00207,PROD0009,2,5596.77,0.0,11193.54,COD,Facebook,Delivered
ORD000210,2026-07-31 06:40:44.130675,CUST00104,PROD0035,1,1003.11,0.0,1003.11,Card,Website,Cancelled
ORD000991,2026-07-31 06:51:44.130675,CUST00219,PROD0004,1,2516.58,251.66,2264.92,JazzCash,Website,Delivered
ORD000048,2026-07-31 07:39:44.130675,CUST00214,PROD0008,2,2070.31,0.0,4140.62,Bank Transfer,Website,Pending
ORD000655,2026-07-31 08:50:44.130675,CUST00083,PROD0044,1,2357.35,0.0,2357.35,COD,Facebook,Pending
ORD001039,2026-07-31 09:16:44.130675,CUST00189,PROD0019,2,4229.01,845.8,7612.22,Bank Transfer,WhatsApp,Delivered
ORD001142,2026-07-31 10:34:44.130675,CUST00245,PROD0020,1,1311.0,0.0,1311.0,EasyPaisa,Facebook,Returned
ORD001443,2026-07-31 11:35:44.130675,CUST00198,PROD0001,1,3382.01,0.0,3382.01,EasyPaisa,Instagram,Delivered
ORD000224,2026-07-31 12:41:44.130675,CUST00280,PROD0047,1,2232.86,0.0,2232.86,Card,WhatsApp,Delivered
ORD000583,2026-07-31 12:45:44.130675,CUST00185,PROD0010,1,683.9,0.0,683.9,COD,Facebook,Delivered
ORD000871,2026-07-31 12:51:44.130675,CUST00212,PROD0009,1,5596.77,0.0,5596.77,EasyPaisa,Facebook,Returned
ORD001074,2026-07-31 22:07:44.130675,CUST00263,PROD0050,1,3995.81,0.0,3995.81,Card,Website,Returned
ORD001330,2026-07-31 23:59:44.130675,CUST00181,PROD0035,4,1003.11,0.0,4012.44,EasyPaisa,WhatsApp,Delivered
ORD000919,2026-08-01 05:20:44.130675,CUST00141,PROD0019,1,4229.01,0.0,4229.01,EasyPaisa,WhatsApp,Cancelled
ORD000523,2026-08-01 06:30:44.130675,CUST00203,PROD0005,1,4099.95,0.0,4099.95,JazzCash,Marketplace,Delivered
ORD000748,2026-08-01 06:35:44.130675,CUST00191,PROD0048,2,3672.55,0.0,7345.1,Card,Website,Delivered
ORD000493,2026-08-01 09:36:44.130675,CUST00250,PROD0003,1,4565.11,0.0,4565.11,Card,Facebook,Returned
ORD001401,2026-08-01 11:40:44.130675,CUST00015,PROD0027,1,4072.3,0.0,4072.3,Bank Transfer,WhatsApp,Delivered
ORD001069,2026-08-01 11:59:44.130675,CUST00166,PROD0021,1,5313.35,0.0,5313.35,COD,Website,Pending
ORD000496,2026-08-01 12:40:44.130675,CUST00174,PROD0023,1,8349.43,0.0,8349.43,Bank Transfer,WhatsApp,Delivered
ORD000225,2026-08-01 12:42:44.130675,CUST00104,PROD0021,1,5313.35,0.0,5313.35,EasyPaisa,Facebook,Delivered
ORD001421,2026-08-01 22:23:44.130675,CUST00034,PROD0019,1,4229.01,0.0,4229.01,Bank Transfer,Facebook,Cancelled
ORD000113,2026-08-01 22:46:44.130675,CUST00090,PROD0042,1,7902.11,0.0,7902.11,EasyPaisa,WhatsApp,Delivered
ORD000770,2026-08-01 22:47:44.130675,CUST00005,PROD0006,1,4713.7,471.37,4242.33,COD,Marketplace,Cancelled
ORD000165,2026-08-02 00:20:44.130675,CUST00046,PROD0038,2,4805.71,0.0,9611.42,Card,Instagram,Delivered
ORD000430,2026-08-02 01:22:44.130675,CUST00123,PROD0019,2,4229.01,0.0,8458.02,COD,Instagram,Delivered
ORD001006,2026-08-02 03:31:44.130675,CUST00247,PROD0032,1,8158.76,0.0,8158.76,JazzCash,Facebook,Delivered
ORD000862,2026-08-02 03:34:44.130675,CUST00197,PROD0027,1,4072.3,0.0,4072.3,Card,Marketplace,Delivered
ORD001081,2026-08-02 04:31:44.130675,CUST00037,PROD0053,2,6462.36,1292.47,11632.25,JazzCash,WhatsApp,Cancelled
ORD000573,2026-08-02 09:01:44.130675,CUST00100,PROD0038,1,4805.71,0.0,4805.71,Bank Transfer,Instagram,Cancelled
ORD001279,2026-08-02 09:59:44.130675,CUST00258,PROD0024,1,1137.57,0.0,1137.57,Card,Instagram,Cancelled
ORD001248,2026-08-02 10:45:44.130675,CUST00092,PROD0011,2,5016.23,0.0,10032.46,Card,Facebook,Cancelled
ORD000964,2026-08-02 22:04:44.130675,CUST00158,PROD0017,2,4081.04,408.1,7753.98,Bank Transfer,Website,Pending
ORD001252,2026-08-02 22:32:44.130675,CUST00031,PROD0007,1,4983.51,0.0,4983.51,JazzCash,Facebook,Delivered
ORD000767,2026-08-03 01:01:44.130675,CUST00074,PROD0057,1,6194.12,0.0,6194.12,COD,WhatsApp,Delivered
ORD000576,2026-08-03 03:15:44.130675,CUST00189,PROD0050,1,3995.81,0.0,3995.81,COD,Marketplace,Returned
ORD000609,2026-08-03 04:58:44.130675,CUST00096,PROD0036,1,5478.6,273.93,5204.67,Card,Facebook,Delivered
ORD001407,2026-08-03 06:58:44.130675,CUST00225,PROD0009,1,5596.77,839.52,4757.25,EasyPaisa,Website,Pending
ORD000266,2026-08-03 07:05:44.130675,CUST00261,PROD0055,1,5017.52,250.88,4766.64,COD,WhatsApp,Pending
ORD001216,2026-08-03 07:52:44.130675,CUST00186,PROD0034,1,4718.01,707.7,4010.31,Card,WhatsApp,Pending
ORD000925,2026-08-03 08:08:44.130675,CUST00295,PROD0042,1,7902.11,1185.32,6716.79,Bank Transfer,Marketplace,Delivered
ORD000459,2026-08-03 08:48:44.130675,CUST00024,PROD0060,1,1519.23,151.92,1367.31,COD,Website,Returned
ORD000176,2026-08-03 09:01:44.130675,CUST00007,PROD0038,1,4805.71,0.0,4805.71,Card,WhatsApp,Pending
ORD000017,2026-08-03 09:05:44.130675,CUST00215,PROD0007,2,4983.51,0.0,9967.02,COD,Marketplace,Cancelled
ORD000781,2026-08-03 10:37:44.130675,CUST00171,PROD0028,1,6109.36,916.4,5192.96,Card,Instagram,Delivered
ORD001419,2026-08-03 11:52:44.130675,CUST00116,PROD0047,3,2232.86,0.0,6698.58,Card,WhatsApp,Returned
ORD000897,2026-08-03 23:24:44.130675,CUST00233,PROD0038,1,4805.71,0.0,4805.71,Bank Transfer,Website,Delivered
ORD000917,2026-08-03 23:24:44.130675,CUST00075,PROD0040,2,4051.74,810.35,7293.13,COD,Instagram,Delivered
ORD000328,2026-08-03 23:37:44.130675,CUST00155,PROD0003,1,4565.11,0.0,4565.11,JazzCash,WhatsApp,Delivered
ORD000477,2026-08-04 00:24:44.130675,CUST00219,PROD0006,2,4713.7,471.37,8956.03,COD,Facebook,Returned
ORD001442,2026-08-04 00:54:44.130675,CUST00089,PROD0055,1,5017.52,0.0,5017.52,Card,Website,Delivered
ORD001495,2026-08-04 02:05:44.130675,CUST00034,PROD0040,2,4051.74,0.0,8103.48,EasyPaisa,Marketplace,Pending
ORD000173,2026-08-04 02:17:44.130675,CUST00210,PROD0044,1,2357.35,0.0,2357.35,JazzCash,Facebook,Delivered
ORD000107,2026-08-04 02:40:44.130675,CUST00204,PROD0055,1,5017.52,0.0,5017.52,Card,WhatsApp,Returned
ORD001104,2026-08-04 02:43:44.130675,CUST00236,PROD0002,2,3739.31,0.0,7478.62,Bank Transfer,WhatsApp,Cancelled
ORD001013,2026-08-04 03:05:44.130675,CUST00277,PROD0041,1,627.43,94.11,533.32,COD,Facebook,Pending
ORD000730,2026-08-04 05:18:44.130675,CUST00153,PROD0055,1,5017.52,0.0,5017.52,JazzCash,Facebook,Delivered
ORD001236,2026-08-04 05:50:44.130675,CUST00225,PROD0019,1,4229.01,0.0,4229.01,EasyPaisa,Marketplace,Returned
ORD000214,2026-08-04 07:14:44.130675,CUST00291,PROD0009,1,5596.77,279.84,5316.93,Bank Transfer,Instagram,Returned
ORD000154,2026-08-04 10:41:44.130675,CUST00140,PROD0016,1,1636.99,81.85,1555.14,JazzCash,Marketplace,Pending
ORD000616,2026-08-04 11:48:44.130675,CUST00090,PROD0054,2,5327.61,0.0,10655.22,EasyPaisa,Instagram,Delivered
ORD000339,2026-08-04 12:07:44.130675,CUST00296,PROD0011,2,5016.23,0.0,10032.46,Bank Transfer,Instagram,Delivered
ORD000973,2026-08-04 22:07:44.130675,CUST00189,PROD0024,1,1137.57,170.64,966.93,COD,Website,Delivered
ORD000290,2026-08-04 22:15:44.130675,CUST00249,PROD0043,4,2961.93,592.39,11255.33,COD,Instagram,Returned
ORD000854,2026-08-04 23:35:44.130675,CUST00197,PROD0039,2,4106.97,410.7,7803.24,EasyPaisa,Instagram,Returned
ORD000145,2026-08-05 00:02:44.130675,CUST00200,PROD0049,4,8791.84,0.0,35167.36,JazzCash,Instagram,Delivered
ORD000062,2026-08-05 00:59:44.130675,CUST00165,PROD0016,3,1636.99,0.0,4910.97,EasyPaisa,Facebook,Delivered
ORD000581,2026-08-05 01:12:44.130675,CUST00247,PROD0041,1,627.43,0.0,627.43,JazzCash,WhatsApp,Delivered
ORD000630,2026-08-05 01:56:44.130675,CUST00278,PROD0021,1,5313.35,0.0,5313.35,EasyPaisa,WhatsApp,Delivered
ORD000035,2026-08-05 08:16:44.130675,CUST00261,PROD0001,2,3382.01,338.2,6425.82,Bank Transfer,Instagram,Cancelled
ORD001438,2026-08-05 09:14:44.130675,CUST00146,PROD0037,1,962.14,0.0,962.14,EasyPaisa,Instagram,Delivered
ORD000230,2026-08-05 10:13:44.130675,CUST00007,PROD0058,1,1138.07,0.0,1138.07,EasyPaisa,WhatsApp,Pending
ORD000808,2026-08-05 12:40:44.130675,CUST00067,PROD0055,1,5017.52,0.0,5017.52,EasyPaisa,Website,Returned
ORD000356,2026-08-05 22:15:44.130675,CUST00214,PROD0010,3,683.9,0.0,2051.7,Bank Transfer,Instagram,Delivered
ORD000843,2026-08-05 22:37:44.130675,CUST00297,PROD0004,1,2516.58,251.66,2264.92,COD,Facebook,Delivered
ORD000046,2026-08-06 01:09:44.130675,CUST00108,PROD0021,2,5313.35,1062.67,9564.03,Bank Transfer,Website,Cancelled
ORD001272,2026-08-06 02:10:44.130675,CUST00140,PROD0044,1,2357.35,235.74,2121.61,EasyPaisa,Facebook,Delivered
ORD001350,2026-08-06 04:32:44.130675,CUST00081,PROD0050,3,3995.81,0.0,11987.43,Bank Transfer,WhatsApp,Pending
ORD000804,2026-08-06 05:03:44.130675,CUST00008,PROD0039,1,4106.97,0.0,4106.97,Card,Website,Returned
ORD000568,2026-08-06 05:34:44.130675,CUST00064,PROD0039,2,4106.97,410.7,7803.24,COD,Facebook,Delivered
ORD000246,2026-08-06 05:54:44.130675,CUST00275,PROD0003,2,4565.11,0.0,9130.22,JazzCash,WhatsApp,Pending
ORD000135,2026-08-06 06:31:44.130675,CUST00162,PROD0032,1,8158.76,815.88,7342.88,EasyPaisa,Website,Delivered
ORD000249,2026-08-06 06:50:44.130675,CUST00085,PROD0054,1,5327.61,799.14,4528.47,Bank Transfer,Marketplace,Delivered
ORD000847,2026-08-06 07:51:44.130675,CUST00017,PROD0001,3,3382.01,0.0,10146.03,COD,Website,Delivered
ORD000286,2026-08-06 09:39:44.130675,CUST00040,PROD0057,2,6194.12,0.0,12388.24,Bank Transfer,Marketplace,Delivered
ORD000840,2026-08-06 10:34:44.130675,CUST00079,PROD0006,1,4713.7,0.0,4713.7,COD,Marketplace,Cancelled
ORD000489,2026-08-06 11:47:44.130675,CUST00276,PROD0010,2,683.9,0.0,1367.8,Card,Facebook,Delivered
ORD001198,2026-08-06 11:49:44.130675,CUST00296,PROD0031,1,6503.48,0.0,6503.48,EasyPaisa,WhatsApp,Delivered
ORD001299,2026-08-06 11:59:44.130675,CUST00050,PROD0060,2,1519.23,0.0,3038.46,COD,Facebook,Delivered
ORD000839,2026-08-06 12:13:44.130675,CUST00284,PROD0037,2,962.14,96.21,1828.07,Card,Website,Delivered
ORD000111,2026-08-06 22:48:44.130675,CUST00047,PROD0044,2,2357.35,0.0,4714.7,Card,WhatsApp,Returned
ORD001143,2026-08-06 23:09:44.130675,CUST00245,PROD0057,2,6194.12,0.0,12388.24,COD,WhatsApp,Delivered
ORD001088,2026-08-06 23:35:44.130675,CUST00231,PROD0004,1,2516.58,0.0,2516.58,Bank Transfer,Website,Pending
ORD001217,2026-08-06 23:52:44.130675,CUST00144,PROD0045,4,5135.47,0.0,20541.88,JazzCash,Website,Cancelled
ORD000645,2026-08-07 01:14:44.130675,CUST00247,PROD0020,1,1311.0,0.0,1311.0,COD,Website,Delivered
ORD000588,2026-08-07 01:55:44.130675,CUST00024,PROD0045,1,5135.47,0.0,5135.47,Bank Transfer,Marketplace,Delivered
ORD000885,2026-08-07 02:42:44.130675,CUST00148,PROD0014,1,5951.29,0.0,5951.29,COD,Facebook,Delivered
ORD000636,2026-08-07 09:11:44.130675,CUST00258,PROD0059,1,1569.51,0.0,1569.51,Bank Transfer,Facebook,Delivered
ORD000709,2026-08-07 09:38:44.130675,CUST00099,PROD0014,1,5951.29,0.0,5951.29,JazzCash,Marketplace,Cancelled
ORD000273,2026-08-07 09:57:44.130675,CUST00076,PROD0009,3,5596.77,1679.03,15111.28,Card,WhatsApp,Returned
ORD001097,2026-08-07 10:53:44.130675,CUST00052,PROD0003,1,4565.11,684.77,3880.34,EasyPaisa,Marketplace,Cancelled
ORD001206,2026-08-07 11:36:44.130675,CUST00116,PROD0011,1,5016.23,0.0,5016.23,Card,Marketplace,Returned
ORD000378,2026-08-07 11:37:44.130675,CUST00242,PROD0051,1,6557.75,0.0,6557.75,COD,Website,Delivered
ORD000422,2026-08-07 11:47:44.130675,CUST00039,PROD0024,4,1137.57,0.0,4550.28,Bank Transfer,Instagram,Delivered
ORD001469,2026-08-07 12:03:44.130675,CUST00152,PROD0004,1,2516.58,0.0,2516.58,JazzCash,Facebook,Delivered
ORD000375,2026-08-07 12:14:44.130675,CUST00213,PROD0049,1,8791.84,0.0,8791.84,Card,Marketplace,Delivered
ORD000608,2026-08-07 12:16:44.130675,CUST00048,PROD0007,1,4983.51,747.53,4235.98,Card,Facebook,Cancelled
ORD000744,2026-08-07 22:16:44.130675,CUST00057,PROD0028,1,6109.36,0.0,6109.36,JazzCash,Website,Delivered
ORD000534,2026-08-07 23:38:44.130675,CUST00287,PROD0051,2,6557.75,0.0,13115.5,COD,Instagram,Returned
ORD000533,2026-08-07 23:52:44.130675,CUST00085,PROD0043,3,2961.93,0.0,8885.79,COD,Marketplace,Cancelled
ORD001051,2026-08-08 05:22:44.130675,CUST00023,PROD0039,1,4106.97,0.0,4106.97,JazzCash,Website,Cancelled
ORD001231,2026-08-08 06:15:44.130675,CUST00287,PROD0038,1,4805.71,0.0,4805.71,Bank Transfer,Instagram,Delivered
ORD000856,2026-08-08 06:19:44.130675,CUST00204,PROD0027,1,4072.3,203.62,3868.68,COD,Facebook,Delivered
ORD001368,2026-08-08 08:11:44.130675,CUST00291,PROD0053,1,6462.36,0.0,6462.36,JazzCash,Instagram,Returned
ORD000478,2026-08-08 08:42:44.130675,CUST00080,PROD0022,4,6250.14,0.0,25000.56,EasyPaisa,Marketplace,Cancelled
ORD000921,2026-08-08 08:54:44.130675,CUST00228,PROD0025,1,845.83,0.0,845.83,COD,Website,Delivered
ORD000069,2026-08-08 09:36:44.130675,CUST00033,PROD0025,2,845.83,0.0,1691.66,Bank Transfer,Facebook,Cancelled
ORD000679,2026-08-08 10:32:44.130675,CUST00224,PROD0048,2,3672.55,0.0,7345.1,Card,Instagram,Delivered
ORD001359,2026-08-08 11:41:44.130675,CUST00116,PROD0042,2,7902.11,0.0,15804.22,EasyPaisa,Facebook,Delivered
ORD000197,2026-08-08 22:46:44.130675,CUST00157,PROD0023,1,8349.43,0.0,8349.43,Card,Website,Returned
ORD000267,2026-08-08 23:47:44.130675,CUST00155,PROD0046,2,5794.77,0.0,11589.54,Bank Transfer,WhatsApp,Delivered
ORD000980,2026-08-09 05:35:44.130675,CUST00118,PROD0036,1,5478.6,547.86,4930.74,EasyPaisa,WhatsApp,Delivered
ORD000310,2026-08-09 07:57:44.130675,CUST00020,PROD0029,1,8888.02,0.0,8888.02,EasyPaisa,Website,Delivered
ORD000015,2026-08-09 10:58:44.130675,CUST00025,PROD0039,4,4106.97,0.0,16427.88,COD,WhatsApp,Delivered
ORD000958,2026-08-10 01:59:44.130675,CUST00278,PROD0012,2,7018.87,0.0,14037.74,JazzCash,Facebook,Returned
ORD000037,2026-08-10 03:42:44.130675,CUST00232,PROD0050,2,3995.81,0.0,7991.62,COD,Facebook,Pending
ORD001311,2026-08-10 05:39:44.130675,CUST00042,PROD0003,1,4565.11,684.77,3880.34,JazzCash,Marketplace,Delivered
ORD000098,2026-08-10 06:13:44.130675,CUST00086,PROD0038,2,4805.71,0.0,9611.42,JazzCash,WhatsApp,Returned
ORD001411,2026-08-10 06:20:44.130675,CUST00286,PROD0037,1,962.14,0.0,962.14,JazzCash,WhatsApp,Delivered
ORD001259,2026-08-10 06:50:44.130675,CUST00200,PROD0059,1,1569.51,0.0,1569.51,EasyPaisa,Facebook,Cancelled
ORD000787,2026-08-10 07:01:44.130675,CUST00245,PROD0028,1,6109.36,0.0,6109.36,Bank Transfer,Instagram,Delivered
ORD001068,2026-08-10 08:08:44.130675,CUST00244,PROD0017,1,4081.04,0.0,4081.04,Card,WhatsApp,Returned
ORD000486,2026-08-10 09:35:44.130675,CUST00250,PROD0031,1,6503.48,0.0,6503.48,JazzCash,Marketplace,Pending
ORD000235,2026-08-10 09:41:44.130675,CUST00294,PROD0012,1,7018.87,0.0,7018.87,Bank Transfer,Instagram,Delivered
ORD000086,2026-08-10 11:06:44.130675,CUST00248,PROD0011,1,5016.23,501.62,4514.61,JazzCash,Facebook,Delivered
ORD001333,2026-08-10 12:08:44.130675,CUST00078,PROD0024,1,1137.57,56.88,1080.69,Bank Transfer,Instagram,Delivered
ORD000303,2026-08-10 12:50:44.130675,CUST00112,PROD0040,1,4051.74,405.17,3646.57,Bank Transfer,Facebook,Cancelled
ORD000941,2026-08-10 12:53:44.130675,CUST00032,PROD0053,2,6462.36,1292.47,11632.25,Card,WhatsApp,Delivered
ORD001336,2026-08-10 22:19:44.130675,CUST00055,PROD0028,3,6109.36,0.0,18328.08,COD,Website,Cancelled
ORD000910,2026-08-10 22:26:44.130675,CUST00266,PROD0049,2,8791.84,0.0,17583.68,EasyPaisa,Facebook,Delivered
ORD001135,2026-08-10 23:18:44.130675,CUST00116,PROD0012,1,7018.87,0.0,7018.87,JazzCash,Instagram,Delivered
ORD000927,2026-08-10 23:28:44.130675,CUST00244,PROD0055,2,5017.52,0.0,10035.04,JazzCash,Instagram,Pending
ORD000677,2026-08-11 00:56:44.130675,CUST00274,PROD0031,4,6503.48,0.0,26013.92,EasyPaisa,Facebook,Pending
ORD000641,2026-08-11 01:48:44.130675,CUST00114,PROD0014,1,5951.29,595.13,5356.16,Bank Transfer,WhatsApp,Returned
ORD001219,2026-08-11 02:03:44.130675,CUST00250,PROD0038,1,4805.71,0.0,4805.71,Bank Transfer,Marketplace,Pending
ORD000393,2026-08-11 02:58:44.130675,CUST00047,PROD0014,1,5951.29,0.0,5951.29,Card,Website,Returned
ORD000460,2026-08-11 03:05:44.130675,CUST00287,PROD0040,1,4051.74,607.76,3443.98,COD,Marketplace,Delivered
ORD001292,2026-08-11 04:05:44.130675,CUST00272,PROD0025,1,845.83,0.0,845.83,Card,Instagram,Delivered
ORD000498,2026-08-11 05:05:44.130675,CUST00089,PROD0014,1,5951.29,0.0,5951.29,Card,Instagram,Returned
ORD001306,2026-08-11 07:19:44.130675,CUST00174,PROD0029,3,8888.02,3999.61,22664.45,COD,Website,Delivered
ORD000262,2026-08-11 10:31:44.130675,CUST00041,PROD0022,2,6250.14,0.0,12500.28,EasyPaisa,Marketplace,Delivered
ORD000520,2026-08-11 10:49:44.130675,CUST00294,PROD0039,1,4106.97,0.0,4106.97,Card,WhatsApp,Returned
ORD000029,2026-08-11 11:18:44.130675,CUST00266,PROD0048,1,3672.55,0.0,3672.55,Bank Transfer,Marketplace,Delivered
ORD000435,2026-08-11 11:34:44.130675,CUST00269,PROD0048,1,3672.55,0.0,3672.55,JazzCash,WhatsApp,Delivered
ORD000570,2026-08-11 22:32:44.130675,CUST00027,PROD0040,2,4051.74,0.0,8103.48,JazzCash,WhatsApp,Delivered
ORD000654,2026-08-11 22:41:44.130675,CUST00076,PROD0059,2,1569.51,0.0,3139.02,JazzCash,Marketplace,Delivered
ORD000931,2026-08-12 02:11:44.130675,CUST00104,PROD0013,1,3836.91,0.0,3836.91,Card,WhatsApp,Pending
ORD001102,2026-08-12 02:14:44.130675,CUST00003,PROD0003,2,4565.11,913.02,8217.2,EasyPaisa,Instagram,Delivered
ORD000408,2026-08-12 03:06:44.130675,CUST00156,PROD0002,4,3739.31,0.0,14957.24,Bank Transfer,Marketplace,Delivered
ORD001445,2026-08-12 05:24:44.130675,CUST00269,PROD0035,2,1003.11,0.0,2006.22,JazzCash,Website,Delivered
ORD000895,2026-08-12 06:54:44.130675,CUST00231,PROD0007,4,4983.51,1993.4,17940.64,Bank Transfer,Instagram,Delivered
ORD000826,2026-08-12 06:57:44.130675,CUST00190,PROD0023,1,8349.43,0.0,8349.43,JazzCash,Facebook,Delivered
ORD000041,2026-08-12 07:04:44.130675,CUST00231,PROD0027,1,4072.3,0.0,4072.3,EasyPaisa,Marketplace,Returned
ORD000903,2026-08-12 08:21:44.130675,CUST00217,PROD0031,3,6503.48,0.0,19510.44,EasyPaisa,Facebook,Delivered
ORD000723,2026-08-12 12:31:44.130675,CUST00064,PROD0009,1,5596.77,0.0,5596.77,EasyPaisa,Facebook,Returned
ORD001117,2026-08-12 23:20:44.130675,CUST00012,PROD0016,1,1636.99,0.0,1636.99,Bank Transfer,WhatsApp,Returned
ORD000898,2026-08-13 00:26:44.130675,CUST00077,PROD0008,4,2070.31,0.0,8281.24,Bank Transfer,Website,Returned
ORD000050,2026-08-13 02:06:44.130675,CUST00032,PROD0049,2,8791.84,2637.55,14946.13,JazzCash,Instagram,Pending
ORD001483,2026-08-13 02:48:44.130675,CUST00126,PROD0044,2,2357.35,0.0,4714.7,Card,Facebook,Delivered
ORD001429,2026-08-13 03:42:44.130675,CUST00278,PROD0050,2,3995.81,0.0,7991.62,Bank Transfer,Website,Delivered
ORD000004,2026-08-13 04:30:44.130675,CUST00153,PROD0057,1,6194.12,0.0,6194.12,EasyPaisa,Facebook,Pending
ORD001087,2026-08-13 04:57:44.130675,CUST00249,PROD0021,1,5313.35,0.0,5313.35,EasyPaisa,WhatsApp,Pending
ORD001398,2026-08-13 04:58:44.130675,CUST00195,PROD0045,1,5135.47,513.55,4621.92,COD,WhatsApp,Pending
ORD000801,2026-08-13 05:02:44.130675,CUST00048,PROD0055,1,5017.52,0.0,5017.52,Card,Instagram,Pending
ORD000449,2026-08-13 07:49:44.130675,CUST00168,PROD0056,2,1011.77,0.0,2023.54,JazzCash,Instagram,Delivered
ORD000907,2026-08-13 09:19:44.130675,CUST00240,PROD0029,2,8888.02,0.0,17776.04,JazzCash,WhatsApp,Delivered
ORD000400,2026-08-13 11:25:44.130675,CUST00116,PROD0019,1,4229.01,0.0,4229.01,Bank Transfer,WhatsApp,Delivered
ORD000852,2026-08-13 11:53:44.130675,CUST00144,PROD0060,1,1519.23,0.0,1519.23,EasyPaisa,Facebook,Returned
ORD000858,2026-08-13 22:42:44.130675,CUST00169,PROD0050,1,3995.81,0.0,3995.81,Card,WhatsApp,Returned
ORD001377,2026-08-14 00:10:44.130675,CUST00034,PROD0045,1,5135.47,0.0,5135.47,EasyPaisa,WhatsApp,Delivered
ORD000850,2026-08-14 00:14:44.130675,CUST00141,PROD0021,1,5313.35,0.0,5313.35,EasyPaisa,Instagram,Delivered
ORD001018,2026-08-14 00:59:44.130675,CUST00140,PROD0020,1,1311.0,0.0,1311.0,COD,WhatsApp,Cancelled
ORD000914,2026-08-14 01:04:44.130675,CUST00035,PROD0060,1,1519.23,0.0,1519.23,COD,Instagram,Returned
ORD001128,2026-08-14 05:18:44.130675,CUST00231,PROD0016,2,1636.99,0.0,3273.98,JazzCash,Marketplace,Delivered
ORD000078,2026-08-14 07:06:44.130675,CUST00290,PROD0029,1,8888.02,0.0,8888.02,Bank Transfer,Website,Pending
ORD001424,2026-08-14 07:41:44.130675,CUST00287,PROD0032,1,8158.76,815.88,7342.88,Bank Transfer,Marketplace,Cancelled
ORD001313,2026-08-14 08:14:44.130675,CUST00193,PROD0058,1,1138.07,0.0,1138.07,JazzCash,Website,Pending
ORD000487,2026-08-14 08:22:44.130675,CUST00155,PROD0040,1,4051.74,0.0,4051.74,COD,Instagram,Delivered
ORD000561,2026-08-14 08:31:44.130675,CUST00130,PROD0055,2,5017.52,1505.26,8529.78,Bank Transfer,WhatsApp,Delivered
ORD000621,2026-08-14 08:44:44.130675,CUST00237,PROD0003,1,4565.11,0.0,4565.11,EasyPaisa,Website,Cancelled
ORD000783,2026-08-14 10:44:44.130675,CUST00113,PROD0046,1,5794.77,0.0,5794.77,COD,Instagram,Delivered
ORD001305,2026-08-14 11:20:44.130675,CUST00226,PROD0031,1,6503.48,0.0,6503.48,Bank Transfer,Marketplace,Delivered
ORD000440,2026-08-14 12:47:44.130675,CUST00123,PROD0048,2,3672.55,734.51,6610.59,JazzCash,Marketplace,Delivered
ORD000016,2026-08-15 00:10:44.130675,CUST00005,PROD0025,1,845.83,0.0,845.83,JazzCash,WhatsApp,Cancelled
ORD000488,2026-08-15 01:51:44.130675,CUST00014,PROD0001,1,3382.01,169.1,3212.91,Card,WhatsApp,Cancelled
ORD001079,2026-08-15 01:55:44.130675,CUST00242,PROD0007,1,4983.51,0.0,4983.51,EasyPaisa,WhatsApp,Cancelled
ORD000659,2026-08-15 01:57:44.130675,CUST00087,PROD0048,1,3672.55,0.0,3672.55,EasyPaisa,Facebook,Delivered
ORD000052,2026-08-15 02:41:44.130675,CUST00025,PROD0016,1,1636.99,81.85,1555.14,EasyPaisa,WhatsApp,Delivered
ORD000495,2026-08-15 03:58:44.130675,CUST00083,PROD0040,3,4051.74,0.0,12155.22,JazzCash,Instagram,Delivered
ORD001066,2026-08-15 04:19:44.130675,CUST00148,PROD0010,1,683.9,0.0,683.9,Card,Website,Cancelled
ORD000825,2026-08-15 06:46:44.130675,CUST00086,PROD0014,2,5951.29,0.0,11902.58,Bank Transfer,WhatsApp,Delivered
ORD000103,2026-08-15 07:03:44.130675,CUST00218,PROD0052,2,2867.28,286.73,5447.83,Card,Website,Delivered
ORD001245,2026-08-15 08:16:44.130675,CUST00170,PROD0014,2,5951.29,0.0,11902.58,Card,Marketplace,Pending
ORD001328,2026-08-15 08:35:44.130675,CUST00034,PROD0038,2,4805.71,961.14,8650.28,Bank Transfer,Website,Cancelled
ORD000741,2026-08-15 09:29:44.130675,CUST00093,PROD0031,2,6503.48,650.35,12356.61,Card,Marketplace,Cancelled
ORD000669,2026-08-15 10:49:44.130675,CUST00128,PROD0008,3,2070.31,0.0,6210.93,JazzCash,WhatsApp,Returned
ORD000689,2026-08-15 11:32:44.130675,CUST00202,PROD0019,1,4229.01,422.9,3806.11,COD,Instagram,Delivered
ORD000942,2026-08-15 11:45:44.130675,CUST00019,PROD0052,3,2867.28,860.18,7741.66,JazzCash,Facebook,Delivered
ORD001055,2026-08-15 22:17:44.130675,CUST00050,PROD0055,1,5017.52,0.0,5017.52,Bank Transfer,Website,Pending
ORD000389,2026-08-16 01:58:44.130675,CUST00061,PROD0034,2,4718.01,0.0,9436.02,Card,Instagram,Pending
ORD000483,2026-08-16 02:17:44.130675,CUST00233,PROD0026,1,1616.31,0.0,1616.31,EasyPaisa,Marketplace,Pending
ORD000284,2026-08-16 03:04:44.130675,CUST00298,PROD0003,4,4565.11,0.0,18260.44,EasyPaisa,Facebook,Delivered
ORD000227,2026-08-16 04:43:44.130675,CUST00262,PROD0029,2,8888.02,0.0,17776.04,Bank Transfer,Instagram,Delivered
ORD000353,2026-08-16 06:40:44.130675,CUST00273,PROD0033,1,3226.18,0.0,3226.18,JazzCash,WhatsApp,Returned
ORD000525,2026-08-16 06:52:44.130675,CUST00271,PROD0009,1,5596.77,0.0,5596.77,COD,Instagram,Delivered
ORD000261,2026-08-16 07:54:44.130675,CUST00229,PROD0004,1,2516.58,0.0,2516.58,Bank Transfer,Website,Delivered
ORD000047,2026-08-16 08:08:44.130675,CUST00258,PROD0023,3,8349.43,0.0,25048.29,Bank Transfer,Website,Cancelled
ORD000350,2026-08-16 10:10:44.130675,CUST00071,PROD0042,1,7902.11,0.0,7902.11,JazzCash,Instagram,Returned
ORD000057,2026-08-16 12:06:44.130675,CUST00021,PROD0055,1,5017.52,0.0,5017.52,Card,Website,Returned
ORD000540,2026-08-16 22:16:44.130675,CUST00200,PROD0040,4,4051.74,0.0,16206.96,COD,Website,Delivered
ORD000970,2026-08-16 22:35:44.130675,CUST00121,PROD0055,3,5017.52,0.0,15052.56,JazzCash,Facebook,Delivered
ORD001192,2026-08-16 23:27:44.130675,CUST00253,PROD0035,1,1003.11,0.0,1003.11,Bank Transfer,Instagram,Delivered
ORD000969,2026-08-17 01:00:44.130675,CUST00133,PROD0029,1,8888.02,0.0,8888.02,JazzCash,Facebook,Cancelled
ORD000986,2026-08-17 02:04:44.130675,CUST00173,PROD0009,1,5596.77,0.0,5596.77,JazzCash,Marketplace,Returned
ORD000278,2026-08-17 04:22:44.130675,CUST00196,PROD0045,1,5135.47,0.0,5135.47,EasyPaisa,Marketplace,Delivered
ORD000724,2026-08-17 04:41:44.130675,CUST00274,PROD0013,3,3836.91,0.0,11510.73,JazzCash,Instagram,Cancelled
ORD001476,2026-08-17 05:43:44.130675,CUST00137,PROD0060,2,1519.23,0.0,3038.46,Card,Instagram,Pending
ORD000818,2026-08-17 05:52:44.130675,CUST00215,PROD0018,1,3298.86,0.0,3298.86,Bank Transfer,Instagram,Cancelled
ORD000283,2026-08-17 06:14:44.130675,CUST00211,PROD0037,1,962.14,0.0,962.14,Bank Transfer,Marketplace,Delivered
ORD000270,2026-08-17 07:50:44.130675,CUST00250,PROD0043,2,2961.93,0.0,5923.86,COD,Marketplace,Returned
ORD001241,2026-08-17 09:38:44.130675,CUST00284,PROD0053,2,6462.36,0.0,12924.72,Card,WhatsApp,Delivered
ORD001463,2026-08-17 11:44:44.130675,CUST00208,PROD0034,1,4718.01,0.0,4718.01,JazzCash,Marketplace,Delivered
ORD000399,2026-08-17 22:02:44.130675,CUST00168,PROD0049,1,8791.84,0.0,8791.84,EasyPaisa,Facebook,Delivered
ORD000629,2026-08-17 23:59:44.130675,CUST00213,PROD0052,2,2867.28,0.0,5734.56,Bank Transfer,Facebook,Pending
ORD001126,2026-08-18 00:20:44.130675,CUST00212,PROD0053,1,6462.36,323.12,6139.24,JazzCash,Instagram,Delivered
ORD000644,2026-08-18 01:12:44.130675,CUST00218,PROD0028,2,6109.36,0.0,12218.72,Card,Marketplace,Delivered
ORD001062,2026-08-18 01:16:44.130675,CUST00098,PROD0041,1,627.43,0.0,627.43,Card,Website,Delivered
ORD000074,2026-08-18 03:10:44.130675,CUST00212,PROD0020,1,1311.0,0.0,1311.0,Bank Transfer,Instagram,Delivered
ORD000574,2026-08-18 07:25:44.130675,CUST00096,PROD0033,1,3226.18,0.0,3226.18,Card,Instagram,Pending
ORD000515,2026-08-18 09:53:44.130675,CUST00065,PROD0003,1,4565.11,0.0,4565.11,Bank Transfer,Marketplace,Delivered
ORD001284,2026-08-18 12:17:44.130675,CUST00190,PROD0035,1,1003.11,0.0,1003.11,COD,Instagram,Delivered
ORD001344,2026-08-19 02:01:44.130675,CUST00231,PROD0039,3,4106.97,1232.09,11088.82,EasyPaisa,Instagram,Pending
ORD000762,2026-08-19 02:08:44.130675,CUST00132,PROD0053,1,6462.36,0.0,6462.36,COD,Marketplace,Cancelled
ORD001481,2026-08-19 03:51:44.130675,CUST00241,PROD0030,2,5388.9,0.0,10777.8,JazzCash,Marketplace,Returned
ORD000300,2026-08-19 08:34:44.130675,CUST00100,PROD0030,2,5388.9,0.0,10777.8,Bank Transfer,Website,Cancelled
ORD001204,2026-08-19 09:19:44.130675,CUST00270,PROD0044,1,2357.35,0.0,2357.35,Bank Transfer,Instagram,Returned
ORD000822,2026-08-19 09:49:44.130675,CUST00163,PROD0010,1,683.9,102.58,581.32,COD,Instagram,Delivered
ORD000881,2026-08-19 12:24:44.130675,CUST00100,PROD0024,1,1137.57,0.0,1137.57,JazzCash,Instagram,Delivered
ORD000199,2026-08-19 22:12:44.130675,CUST00076,PROD0049,2,8791.84,0.0,17583.68,JazzCash,Facebook,Delivered
ORD000042,2026-08-19 22:32:44.130675,CUST00222,PROD0009,4,5596.77,0.0,22387.08,Bank Transfer,WhatsApp,Returned
ORD001168,2026-08-19 23:33:44.130675,CUST00048,PROD0019,1,4229.01,0.0,4229.01,Bank Transfer,Facebook,Returned
ORD000292,2026-08-20 00:39:44.130675,CUST00229,PROD0008,2,2070.31,414.06,3726.56,JazzCash,Instagram,Delivered
ORD001054,2026-08-20 00:52:44.130675,CUST00068,PROD0040,3,4051.74,0.0,12155.22,COD,WhatsApp,Pending
ORD001389,2026-08-20 01:40:44.130675,CUST00172,PROD0060,1,1519.23,151.92,1367.31,EasyPaisa,Facebook,Delivered
ORD000886,2026-08-20 02:51:44.130675,CUST00123,PROD0033,3,3226.18,0.0,9678.54,Card,Website,Cancelled
ORD000671,2026-08-20 03:40:44.130675,CUST00228,PROD0024,3,1137.57,511.91,2900.8,Card,Marketplace,Delivered
ORD001441,2026-08-20 07:14:44.130675,CUST00249,PROD0002,4,3739.31,0.0,14957.24,COD,Facebook,Delivered
ORD000912,2026-08-20 07:40:44.130675,CUST00262,PROD0045,1,5135.47,0.0,5135.47,COD,Instagram,Returned
ORD000810,2026-08-20 10:12:44.130675,CUST00288,PROD0003,2,4565.11,0.0,9130.22,COD,Instagram,Pending
ORD000066,2026-08-20 10:24:44.130675,CUST00037,PROD0035,2,1003.11,200.62,1805.6,Card,Facebook,Delivered
ORD001186,2026-08-20 10:48:44.130675,CUST00093,PROD0012,3,7018.87,3158.49,17898.12,JazzCash,Facebook,Pending
ORD000242,2026-08-20 11:10:44.130675,CUST00213,PROD0002,1,3739.31,186.97,3552.34,EasyPaisa,Facebook,Delivered
ORD000219,2026-08-20 11:21:44.130675,CUST00161,PROD0028,1,6109.36,0.0,6109.36,EasyPaisa,Marketplace,Cancelled
ORD000403,2026-08-20 12:54:44.130675,CUST00087,PROD0026,2,1616.31,484.89,2747.73,COD,Website,Delivered
ORD001381,2026-08-20 22:15:44.130675,CUST00187,PROD0032,2,8158.76,0.0,16317.52,COD,Marketplace,Delivered
ORD000786,2026-08-21 00:04:44.130675,CUST00074,PROD0016,1,1636.99,0.0,1636.99,EasyPaisa,Facebook,Cancelled
ORD001287,2026-08-21 01:40:44.130675,CUST00252,PROD0044,2,2357.35,0.0,4714.7,Bank Transfer,Website,Delivered
ORD001106,2026-08-21 05:10:44.130675,CUST00273,PROD0053,1,6462.36,0.0,6462.36,Card,WhatsApp,Delivered
ORD000427,2026-08-21 05:14:44.130675,CUST00273,PROD0032,1,8158.76,1223.81,6934.95,Bank Transfer,WhatsApp,Returned
ORD001375,2026-08-21 08:47:44.130675,CUST00016,PROD0059,1,1569.51,156.95,1412.56,EasyPaisa,Instagram,Delivered
ORD001101,2026-08-21 09:46:44.130675,CUST00096,PROD0014,2,5951.29,0.0,11902.58,JazzCash,Marketplace,Cancelled
ORD000296,2026-08-21 10:56:44.130675,CUST00273,PROD0030,1,5388.9,0.0,5388.9,Card,WhatsApp,Cancelled
ORD001059,2026-08-21 11:50:44.130675,CUST00002,PROD0045,1,5135.47,0.0,5135.47,JazzCash,Website,Returned
ORD001319,2026-08-21 12:02:44.130675,CUST00096,PROD0004,2,2516.58,0.0,5033.16,COD,Facebook,Delivered
ORD000995,2026-08-21 23:58:44.130675,CUST00021,PROD0007,1,4983.51,249.18,4734.33,Bank Transfer,Marketplace,Pending
ORD001326,2026-08-22 00:01:44.130675,CUST00032,PROD0057,4,6194.12,0.0,24776.48,COD,WhatsApp,Delivered
ORD001230,2026-08-22 00:07:44.130675,CUST00166,PROD0022,2,6250.14,1250.03,11250.25,COD,Facebook,Delivered
ORD001370,2026-08-22 00:55:44.130675,CUST00252,PROD0021,1,5313.35,0.0,5313.35,EasyPaisa,Marketplace,Returned
ORD000250,2026-08-22 02:42:44.130675,CUST00162,PROD0012,1,7018.87,701.89,6316.98,COD,Website,Delivered
ORD001356,2026-08-22 03:19:44.130675,CUST00174,PROD0011,3,5016.23,0.0,15048.69,COD,WhatsApp,Delivered
ORD000666,2026-08-22 03:35:44.130675,CUST00220,PROD0049,1,8791.84,0.0,8791.84,JazzCash,Website,Cancelled
ORD001209,2026-08-22 04:05:44.130675,CUST00074,PROD0040,1,4051.74,0.0,4051.74,EasyPaisa,Instagram,Pending
ORD001083,2026-08-22 04:55:44.130675,CUST00040,PROD0033,2,3226.18,0.0,6452.36,Card,Instagram,Delivered
ORD000151,2026-08-22 05:16:44.130675,CUST00005,PROD0035,1,1003.11,100.31,902.8,EasyPaisa,Website,Returned
ORD000988,2026-08-22 05:41:44.130675,CUST00069,PROD0029,2,8888.02,0.0,17776.04,Card,Marketplace,Pending
ORD000542,2026-08-22 06:21:44.130675,CUST00059,PROD0039,1,4106.97,0.0,4106.97,JazzCash,Facebook,Delivered
ORD000508,2026-08-22 06:23:44.130675,CUST00117,PROD0041,2,627.43,0.0,1254.86,Card,WhatsApp,Delivered
ORD001053,2026-08-22 06:48:44.130675,CUST00054,PROD0012,1,7018.87,701.89,6316.98,COD,Website,Delivered
ORD000128,2026-08-22 07:05:44.130675,CUST00028,PROD0059,1,1569.51,0.0,1569.51,Bank Transfer,WhatsApp,Delivered
ORD000192,2026-08-22 07:33:44.130675,CUST00259,PROD0047,4,2232.86,1339.72,7591.72,COD,Instagram,Delivered
ORD000366,2026-08-22 07:39:44.130675,CUST00076,PROD0046,1,5794.77,579.48,5215.29,Bank Transfer,WhatsApp,Delivered
ORD000351,2026-08-22 07:52:44.130675,CUST00108,PROD0008,2,2070.31,0.0,4140.62,Card,Website,Delivered
ORD000601,2026-08-22 07:57:44.130675,CUST00242,PROD0026,3,1616.31,242.45,4606.48,Bank Transfer,Instagram,Pending
ORD000285,2026-08-22 10:14:44.130675,CUST00239,PROD0047,2,2232.86,669.86,3795.86,Bank Transfer,Facebook,Returned
ORD000405,2026-08-22 10:48:44.130675,CUST00205,PROD0046,2,5794.77,0.0,11589.54,JazzCash,WhatsApp,Cancelled
ORD000009,2026-08-22 11:30:44.130675,CUST00098,PROD0024,4,1137.57,455.03,4095.25,COD,Facebook,Cancelled
ORD000664,2026-08-22 22:57:44.130675,CUST00032,PROD0038,1,4805.71,0.0,4805.71,JazzCash,Facebook,Cancelled
ORD000849,2026-08-23 00:10:44.130675,CUST00187,PROD0002,1,3739.31,0.0,3739.31,COD,Instagram,Delivered
ORD000662,2026-08-23 01:13:44.130675,CUST00210,PROD0013,1,3836.91,0.0,3836.91,EasyPaisa,Marketplace,Delivered
ORD001263,2026-08-23 01:15:44.130675,CUST00219,PROD0013,1,3836.91,0.0,3836.91,EasyPaisa,WhatsApp,Delivered
ORD001007,2026-08-23 02:23:44.130675,CUST00229,PROD0008,4,2070.31,828.12,7453.12,JazzCash,Instagram,Cancelled
ORD001361,2026-08-23 02:28:44.130675,CUST00013,PROD0041,2,627.43,0.0,1254.86,EasyPaisa,Marketplace,Delivered
ORD000828,2026-08-23 03:04:44.130675,CUST00091,PROD0023,2,8349.43,0.0,16698.86,EasyPaisa,WhatsApp,Delivered
ORD000531,2026-08-23 05:39:44.130675,CUST00230,PROD0049,1,8791.84,0.0,8791.84,Card,Website,Delivered
ORD000426,2026-08-23 06:08:44.130675,CUST00010,PROD0017,2,4081.04,0.0,8162.08,Bank Transfer,Instagram,Returned
ORD000166,2026-08-23 08:00:44.130675,CUST00031,PROD0006,2,4713.7,0.0,9427.4,JazzCash,Instagram,Cancelled
ORD001278,2026-08-23 09:48:44.130675,CUST00035,PROD0003,2,4565.11,0.0,9130.22,Card,WhatsApp,Returned
ORD001436,2026-08-23 10:00:44.130675,CUST00022,PROD0008,1,2070.31,0.0,2070.31,COD,Website,Delivered
ORD000752,2026-08-23 11:51:44.130675,CUST00287,PROD0036,2,5478.6,1095.72,9861.48,JazzCash,Website,Delivered
ORD000647,2026-08-23 12:55:44.130675,CUST00154,PROD0049,1,8791.84,879.18,7912.66,Bank Transfer,Marketplace,Delivered
ORD000539,2026-08-23 23:06:44.130675,CUST00158,PROD0011,1,5016.23,0.0,5016.23,EasyPaisa,Instagram,Delivered
ORD000740,2026-08-23 23:52:44.130675,CUST00135,PROD0047,1,2232.86,0.0,2232.86,Card,WhatsApp,Delivered
ORD001156,2026-08-24 01:58:44.130675,CUST00104,PROD0042,2,7902.11,2370.63,13433.59,Card,Website,Delivered
ORD001500,2026-08-24 03:41:44.130675,CUST00164,PROD0009,1,5596.77,0.0,5596.77,Bank Transfer,Instagram,Cancelled
ORD001366,2026-08-24 04:10:44.130675,CUST00095,PROD0039,4,4106.97,0.0,16427.88,COD,Facebook,Delivered
ORD001178,2026-08-24 04:34:44.130675,CUST00064,PROD0029,1,8888.02,0.0,8888.02,COD,Instagram,Returned
ORD001152,2026-08-24 04:47:44.130675,CUST00088,PROD0044,1,2357.35,0.0,2357.35,Card,Marketplace,Cancelled
ORD001274,2026-08-24 05:05:44.130675,CUST00115,PROD0041,2,627.43,0.0,1254.86,COD,Facebook,Delivered
ORD000257,2026-08-24 05:39:44.130675,CUST00061,PROD0013,1,3836.91,0.0,3836.91,JazzCash,Instagram,Delivered
ORD000409,2026-08-24 05:47:44.130675,CUST00239,PROD0049,1,8791.84,439.59,8352.25,Card,Website,Cancelled
ORD001200,2026-08-24 06:26:44.130675,CUST00050,PROD0017,1,4081.04,408.1,3672.94,JazzCash,Marketplace,Delivered
ORD001246,2026-08-24 06:40:44.130675,CUST00162,PROD0057,1,6194.12,0.0,6194.12,COD,Marketplace,Delivered
ORD000183,2026-08-24 06:56:44.130675,CUST00131,PROD0016,1,1636.99,0.0,1636.99,JazzCash,WhatsApp,Delivered
ORD000180,2026-08-24 08:33:44.130675,CUST00184,PROD0048,1,3672.55,0.0,3672.55,EasyPaisa,WhatsApp,Delivered
ORD001226,2026-08-24 10:07:44.130675,CUST00108,PROD0030,2,5388.9,0.0,10777.8,Bank Transfer,Marketplace,Cancelled
ORD000652,2026-08-24 12:45:44.130675,CUST00179,PROD0013,2,3836.91,1151.07,6522.75,Bank Transfer,WhatsApp,Cancelled
ORD000287,2026-08-24 22:27:44.130675,CUST00233,PROD0040,1,4051.74,0.0,4051.74,Bank Transfer,WhatsApp,Returned
ORD001247,2026-08-24 23:36:44.130675,CUST00033,PROD0046,2,5794.77,0.0,11589.54,Bank Transfer,WhatsApp,Cancelled
ORD000712,2026-08-25 02:06:44.130675,CUST00116,PROD0041,1,627.43,62.74,564.69,JazzCash,Facebook,Delivered
ORD000517,2026-08-25 02:43:44.130675,CUST00217,PROD0035,1,1003.11,0.0,1003.11,Bank Transfer,Facebook,Cancelled
ORD000444,2026-08-25 05:27:44.130675,CUST00212,PROD0003,1,4565.11,0.0,4565.11,JazzCash,WhatsApp,Pending
ORD001457,2026-08-25 05:32:44.130675,CUST00189,PROD0053,2,6462.36,0.0,12924.72,Card,Instagram,Returned
ORD001123,2026-08-25 07:38:44.130675,CUST00274,PROD0057,2,6194.12,0.0,12388.24,COD,WhatsApp,Delivered
ORD001394,2026-08-25 08:01:44.130675,CUST00035,PROD0019,1,4229.01,0.0,4229.01,JazzCash,WhatsApp,Delivered
ORD000171,2026-08-25 08:29:44.130675,CUST00195,PROD0017,1,4081.04,0.0,4081.04,Card,Facebook,Returned
ORD001466,2026-08-25 08:45:44.130675,CUST00076,PROD0013,2,3836.91,0.0,7673.82,EasyPaisa,Marketplace,Pending
ORD000194,2026-08-25 09:05:44.130675,CUST00070,PROD0017,1,4081.04,0.0,4081.04,EasyPaisa,Marketplace,Delivered
ORD000394,2026-08-25 09:36:44.130675,CUST00124,PROD0023,1,8349.43,834.94,7514.49,Bank Transfer,Marketplace,Delivered
ORD001171,2026-08-25 09:44:44.130675,CUST00222,PROD0042,1,7902.11,0.0,7902.11,COD,WhatsApp,Returned
ORD001227,2026-08-25 11:08:44.130675,CUST00256,PROD0021,2,5313.35,531.34,10095.36,COD,Website,Delivered
ORD000795,2026-08-25 11:18:44.130675,CUST00015,PROD0007,1,4983.51,0.0,4983.51,Card,Website,Delivered
ORD001295,2026-08-25 11:36:44.130675,CUST00212,PROD0042,1,7902.11,790.21,7111.9,COD,Instagram,Delivered
ORD000778,2026-08-25 22:52:44.130675,CUST00077,PROD0052,3,2867.28,430.09,8171.75,Card,Website,Delivered
ORD000967,2026-08-26 02:13:44.130675,CUST00254,PROD0005,1,4099.95,0.0,4099.95,Card,Instagram,Cancelled
ORD001447,2026-08-26 04:10:44.130675,CUST00112,PROD0054,2,5327.61,0.0,10655.22,JazzCash,Website,Delivered
ORD000590,2026-08-26 05:47:44.130675,CUST00034,PROD0057,1,6194.12,0.0,6194.12,Card,Marketplace,Delivered
ORD000348,2026-08-26 08:02:44.130675,CUST00172,PROD0040,1,4051.74,202.59,3849.15,COD,Marketplace,Cancelled
ORD000239,2026-08-26 09:15:44.130675,CUST00219,PROD0031,2,6503.48,0.0,13006.96,Bank Transfer,Website,Delivered
ORD000960,2026-08-26 09:56:44.130675,CUST00030,PROD0054,2,5327.61,1065.52,9589.7,COD,Marketplace,Delivered
ORD000158,2026-08-26 10:28:44.130675,CUST00191,PROD0032,1,8158.76,0.0,8158.76,EasyPaisa,Facebook,Delivered
ORD000692,2026-08-26 11:06:44.130675,CUST00193,PROD0047,3,2232.86,0.0,6698.58,EasyPaisa,Instagram,Delivered
ORD000002,2026-08-26 12:18:44.130675,CUST00191,PROD0015,2,1683.11,0.0,3366.22,JazzCash,Marketplace,Delivered
ORD000821,2026-08-26 12:35:44.130675,CUST00102,PROD0037,1,962.14,0.0,962.14,COD,Marketplace,Returned
ORD000603,2026-08-26 23:17:44.130675,CUST00097,PROD0030,2,5388.9,0.0,10777.8,EasyPaisa,WhatsApp,Delivered
ORD001136,2026-08-26 23:38:44.130675,CUST00101,PROD0010,1,683.9,34.2,649.7,JazzCash,WhatsApp,Delivered
ORD000226,2026-08-27 00:42:44.130675,CUST00064,PROD0021,2,5313.35,1062.67,9564.03,COD,Facebook,Cancelled
ORD001197,2026-08-27 01:07:44.130675,CUST00204,PROD0001,1,3382.01,0.0,3382.01,JazzCash,Facebook,Returned
ORD000853,2026-08-27 01:43:44.130675,CUST00250,PROD0051,2,6557.75,0.0,13115.5,EasyPaisa,WhatsApp,Delivered
ORD000323,2026-08-27 01:45:44.130675,CUST00024,PROD0037,1,962.14,0.0,962.14,Bank Transfer,Instagram,Delivered
ORD001157,2026-08-27 04:17:44.130675,CUST00286,PROD0054,1,5327.61,0.0,5327.61,Bank Transfer,Instagram,Pending
ORD000695,2026-08-27 08:39:44.130675,CUST00046,PROD0042,2,7902.11,790.21,15014.01,EasyPaisa,WhatsApp,Delivered
ORD000432,2026-08-27 10:14:44.130675,CUST00282,PROD0011,1,5016.23,0.0,5016.23,Card,Facebook,Cancelled
ORD001449,2026-08-27 22:21:44.130675,CUST00293,PROD0042,2,7902.11,0.0,15804.22,JazzCash,Website,Delivered
ORD001139,2026-08-27 22:25:44.130675,CUST00291,PROD0048,1,3672.55,0.0,3672.55,Bank Transfer,Instagram,Delivered
ORD001392,2026-08-27 23:28:44.130675,CUST00074,PROD0001,3,3382.01,1521.9,8624.13,COD,Website,Delivered
ORD000288,2026-08-28 02:15:44.130675,CUST00086,PROD0047,1,2232.86,0.0,2232.86,COD,Marketplace,Cancelled
ORD000259,2026-08-28 02:33:44.130675,CUST00126,PROD0021,1,5313.35,531.34,4782.01,Card,Facebook,Delivered
ORD000550,2026-08-28 03:53:44.130675,CUST00176,PROD0057,1,6194.12,0.0,6194.12,JazzCash,WhatsApp,Delivered
ORD000719,2026-08-28 05:29:44.130675,CUST00147,PROD0030,1,5388.9,808.33,4580.57,JazzCash,WhatsApp,Returned
ORD001474,2026-08-28 06:34:44.130675,CUST00064,PROD0040,1,4051.74,0.0,4051.74,EasyPaisa,WhatsApp,Delivered
ORD000293,2026-08-28 06:52:44.130675,CUST00017,PROD0051,2,6557.75,0.0,13115.5,JazzCash,Facebook,Delivered
ORD001387,2026-08-28 07:05:44.130675,CUST00106,PROD0041,2,627.43,0.0,1254.86,EasyPaisa,Facebook,Pending
ORD000033,2026-08-28 07:25:44.130675,CUST00046,PROD0053,1,6462.36,0.0,6462.36,EasyPaisa,WhatsApp,Delivered
ORD000566,2026-08-28 08:56:44.130675,CUST00172,PROD0031,1,6503.48,0.0,6503.48,JazzCash,Instagram,Delivered
ORD000134,2026-08-28 09:06:44.130675,CUST00243,PROD0028,3,6109.36,0.0,18328.08,COD,Instagram,Delivered
ORD000248,2026-08-28 12:53:44.130675,CUST00182,PROD0002,1,3739.31,0.0,3739.31,COD,Instagram,Delivered
ORD001464,2026-08-28 22:10:44.130675,CUST00038,PROD0011,1,5016.23,0.0,5016.23,Bank Transfer,Website,Pending
ORD000484,2026-08-29 00:10:44.130675,CUST00095,PROD0017,1,4081.04,408.1,3672.94,COD,Marketplace,Delivered
ORD001456,2026-08-29 01:35:44.130675,CUST00040,PROD0028,3,6109.36,0.0,18328.08,COD,Facebook,Delivered
ORD000187,2026-08-29 02:02:44.130675,CUST00293,PROD0057,1,6194.12,0.0,6194.12,EasyPaisa,Marketplace,Delivered
ORD000686,2026-08-29 03:06:44.130675,CUST00108,PROD0046,4,5794.77,0.0,23179.08,Card,Facebook,Pending
ORD000093,2026-08-29 03:43:44.130675,CUST00059,PROD0053,1,6462.36,0.0,6462.36,EasyPaisa,WhatsApp,Delivered
ORD001329,2026-08-29 05:20:44.130675,CUST00256,PROD0054,1,5327.61,0.0,5327.61,JazzCash,WhatsApp,Delivered
ORD001347,2026-08-29 08:09:44.130675,CUST00062,PROD0039,3,4106.97,0.0,12320.91,JazzCash,Facebook,Cancelled
ORD001042,2026-08-29 09:52:44.130675,CUST00243,PROD0055,1,5017.52,0.0,5017.52,Card,Instagram,Delivered
ORD000373,2026-08-29 09:54:44.130675,CUST00218,PROD0027,2,4072.3,0.0,8144.6,EasyPaisa,Instagram,Pending
ORD000354,2026-08-29 12:01:44.130675,CUST00097,PROD0024,2,1137.57,227.51,2047.63,EasyPaisa,Facebook,Delivered
ORD001498,2026-08-29 12:12:44.130675,CUST00159,PROD0042,2,7902.11,0.0,15804.22,JazzCash,Instagram,Delivered
ORD000785,2026-08-30 00:15:44.130675,CUST00236,PROD0024,2,1137.57,227.51,2047.63,Card,Marketplace,Delivered
ORD001342,2026-08-30 01:28:44.130675,CUST00289,PROD0046,1,5794.77,0.0,5794.77,EasyPaisa,Facebook,Delivered
ORD000307,2026-08-30 02:08:44.130675,CUST00226,PROD0025,1,845.83,0.0,845.83,COD,WhatsApp,Delivered
ORD001163,2026-08-30 02:41:44.130675,CUST00012,PROD0049,2,8791.84,0.0,17583.68,Card,Facebook,Pending
ORD001327,2026-08-30 04:02:44.130675,CUST00229,PROD0058,2,1138.07,0.0,2276.14,COD,Facebook,Delivered
ORD000160,2026-08-30 04:50:44.130675,CUST00007,PROD0012,1,7018.87,350.94,6667.93,COD,Instagram,Delivered
ORD000454,2026-08-30 10:14:44.130675,CUST00148,PROD0046,1,5794.77,579.48,5215.29,EasyPaisa,WhatsApp,Delivered
ORD000321,2026-08-30 11:03:44.130675,CUST00059,PROD0040,1,4051.74,0.0,4051.74,EasyPaisa,Marketplace,Pending
ORD000036,2026-08-30 22:49:44.130675,CUST00115,PROD0043,1,2961.93,0.0,2961.93,EasyPaisa,Website,Returned
ORD000343,2026-08-30 23:25:44.130675,CUST00254,PROD0026,1,1616.31,80.82,1535.49,Card,Facebook,Returned
ORD001150,2026-08-31 00:09:44.130675,CUST00056,PROD0029,1,8888.02,0.0,8888.02,Card,Instagram,Delivered
ORD001434,2026-08-31 02:29:44.130675,CUST00291,PROD0030,3,5388.9,0.0,16166.7,EasyPaisa,Instagram,Delivered
ORD000455,2026-08-31 02:43:44.130675,CUST00097,PROD0028,3,6109.36,0.0,18328.08,EasyPaisa,Instagram,Delivered
ORD001325,2026-08-31 03:44:44.130675,CUST00124,PROD0041,1,627.43,0.0,627.43,Bank Transfer,Facebook,Cancelled
ORD000071,2026-08-31 07:58:44.130675,CUST00243,PROD0049,3,8791.84,0.0,26375.52,Card,Marketplace,Delivered
ORD000793,2026-08-31 09:32:44.130675,CUST00040,PROD0040,1,4051.74,0.0,4051.74,EasyPaisa,WhatsApp,Delivered
ORD000384,2026-08-31 11:40:44.130675,CUST00155,PROD0011,1,5016.23,501.62,4514.61,JazzCash,Website,Delivered
ORD000541,2026-08-31 12:04:44.130675,CUST00027,PROD0027,3,4072.3,0.0,12216.9,Card,Instagram,Pending
ORD000213,2026-08-31 12:37:44.130675,CUST00141,PROD0027,1,4072.3,0.0,4072.3,Card,Instagram,Delivered
ORD000122,2026-09-01 02:12:44.130675,CUST00148,PROD0023,1,8349.43,0.0,8349.43,COD,WhatsApp,Cancelled
ORD001177,2026-09-01 03:58:44.130675,CUST00228,PROD0057,3,6194.12,0.0,18582.36,Card,WhatsApp,Delivered
ORD000153,2026-09-01 04:11:44.130675,CUST00135,PROD0011,2,5016.23,0.0,10032.46,COD,WhatsApp,Cancelled
ORD000025,2026-09-01 04:41:44.130675,CUST00245,PROD0026,1,1616.31,0.0,1616.31,EasyPaisa,Instagram,Delivered
ORD000247,2026-09-01 06:16:44.130675,CUST00290,PROD0053,1,6462.36,0.0,6462.36,JazzCash,Marketplace,Returned
ORD001021,2026-09-01 07:51:44.130675,CUST00160,PROD0048,1,3672.55,0.0,3672.55,JazzCash,WhatsApp,Returned
ORD000038,2026-09-01 08:48:44.130675,CUST00150,PROD0043,1,2961.93,0.0,2961.93,Bank Transfer,Marketplace,Delivered
ORD000463,2026-09-01 10:56:44.130675,CUST00136,PROD0019,3,4229.01,0.0,12687.03,Bank Transfer,Website,Delivered
ORD001404,2026-09-01 23:09:44.130675,CUST00247,PROD0022,1,6250.14,0.0,6250.14,EasyPaisa,Instagram,Delivered
ORD000295,2026-09-02 03:00:44.130675,CUST00136,PROD0041,1,627.43,0.0,627.43,COD,Facebook,Delivered
ORD000594,2026-09-02 03:13:44.130675,CUST00282,PROD0057,1,6194.12,0.0,6194.12,COD,Instagram,Pending
ORD001492,2026-09-02 03:40:44.130675,CUST00183,PROD0031,1,6503.48,0.0,6503.48,Bank Transfer,Facebook,Delivered
ORD000175,2026-09-02 04:39:44.130675,CUST00251,PROD0013,1,3836.91,0.0,3836.91,Bank Transfer,Marketplace,Cancelled
ORD001027,2026-09-02 05:30:44.130675,CUST00291,PROD0016,1,1636.99,0.0,1636.99,Card,Facebook,Pending
ORD000314,2026-09-02 05:45:44.130675,CUST00149,PROD0035,3,1003.11,0.0,3009.33,Card,Instagram,Returned
ORD001423,2026-09-02 06:35:44.130675,CUST00168,PROD0052,4,2867.28,0.0,11469.12,JazzCash,WhatsApp,Returned
ORD000548,2026-09-02 08:10:44.130675,CUST00300,PROD0054,2,5327.61,1598.28,9056.94,Bank Transfer,Website,Delivered
ORD000058,2026-09-02 08:16:44.130675,CUST00252,PROD0004,2,2516.58,0.0,5033.16,Bank Transfer,Marketplace,Delivered
ORD001060,2026-09-02 09:02:44.130675,CUST00290,PROD0023,1,8349.43,0.0,8349.43,EasyPaisa,Facebook,Delivered
ORD000434,2026-09-02 09:50:44.130675,CUST00072,PROD0043,2,2961.93,0.0,5923.86,Card,Facebook,Returned
ORD001137,2026-09-02 09:51:44.130675,CUST00269,PROD0037,3,962.14,288.64,2597.78,Card,Instagram,Delivered
ORD001196,2026-09-02 22:44:44.130675,CUST00198,PROD0043,1,2961.93,0.0,2961.93,COD,Instagram,Delivered
ORD000026,2026-09-03 00:03:44.130675,CUST00214,PROD0009,2,5596.77,0.0,11193.54,Bank Transfer,WhatsApp,Pending
ORD001471,2026-09-03 05:01:44.130675,CUST00181,PROD0031,1,6503.48,975.52,5527.96,JazzCash,Instagram,Delivered
ORD001406,2026-09-03 05:11:44.130675,CUST00228,PROD0015,1,1683.11,0.0,1683.11,COD,Facebook,Delivered
ORD000072,2026-09-03 06:15:44.130675,CUST00074,PROD0009,2,5596.77,559.68,10633.86,JazzCash,Website,Delivered
ORD000448,2026-09-03 07:40:44.130675,CUST00211,PROD0050,2,3995.81,399.58,7592.04,JazzCash,WhatsApp,Delivered
ORD000635,2026-09-03 08:27:44.130675,CUST00035,PROD0049,3,8791.84,0.0,26375.52,JazzCash,Facebook,Returned
ORD000929,2026-09-03 09:01:44.130675,CUST00227,PROD0004,2,2516.58,0.0,5033.16,JazzCash,Marketplace,Cancelled
ORD000685,2026-09-03 09:33:44.130675,CUST00245,PROD0033,4,3226.18,0.0,12904.72,Card,WhatsApp,Delivered
ORD001345,2026-09-03 10:00:44.130675,CUST00243,PROD0050,1,3995.81,0.0,3995.81,Card,Instagram,Cancelled
ORD001078,2026-09-03 10:20:44.130675,CUST00003,PROD0047,1,2232.86,0.0,2232.86,EasyPaisa,Instagram,Delivered
ORD000824,2026-09-04 00:37:44.130675,CUST00231,PROD0001,4,3382.01,1352.8,12175.24,Bank Transfer,Facebook,Delivered
ORD000935,2026-09-04 00:48:44.130675,CUST00035,PROD0023,1,8349.43,834.94,7514.49,EasyPaisa,WhatsApp,Cancelled
ORD001164,2026-09-04 03:54:44.130675,CUST00229,PROD0051,2,6557.75,0.0,13115.5,Card,Instagram,Delivered
ORD000803,2026-09-04 03:59:44.130675,CUST00199,PROD0009,1,5596.77,0.0,5596.77,Card,Instagram,Returned
ORD000683,2026-09-04 05:17:44.130675,CUST00075,PROD0015,1,1683.11,0.0,1683.11,JazzCash,Instagram,Delivered
ORD000509,2026-09-04 06:47:44.130675,CUST00186,PROD0059,1,1569.51,0.0,1569.51,COD,WhatsApp,Delivered
ORD000109,2026-09-04 11:39:44.130675,CUST00061,PROD0050,2,3995.81,0.0,7991.62,Card,WhatsApp,Pending
ORD001317,2026-09-04 22:57:44.130675,CUST00007,PROD0037,2,962.14,96.21,1828.07,JazzCash,Marketplace,Delivered
ORD000612,2026-09-05 01:05:44.130675,CUST00106,PROD0048,1,3672.55,550.88,3121.67,JazzCash,WhatsApp,Pending
ORD000281,2026-09-05 05:54:44.130675,CUST00218,PROD0006,1,4713.7,235.69,4478.01,Bank Transfer,Instagram,Delivered
ORD000571,2026-09-05 07:47:44.130675,CUST00006,PROD0007,2,4983.51,0.0,9967.02,EasyPaisa,WhatsApp,Delivered
ORD000003,2026-09-05 08:34:44.130675,CUST00298,PROD0030,3,5388.9,0.0,16166.7,Bank Transfer,Facebook,Delivered
ORD000129,2026-09-05 08:46:44.130675,CUST00090,PROD0035,1,1003.11,0.0,1003.11,EasyPaisa,Facebook,Cancelled
ORD001052,2026-09-05 09:56:44.130675,CUST00242,PROD0004,4,2516.58,503.32,9563.0,Bank Transfer,WhatsApp,Delivered
ORD000412,2026-09-05 10:16:44.130675,CUST00085,PROD0003,1,4565.11,0.0,4565.11,EasyPaisa,WhatsApp,Delivered
ORD000022,2026-09-05 22:51:44.130675,CUST00149,PROD0030,1,5388.9,269.44,5119.46,JazzCash,Website,Delivered
ORD000658,2026-09-05 23:03:44.130675,CUST00294,PROD0027,2,4072.3,814.46,7330.14,JazzCash,Instagram,Delivered
ORD000618,2026-09-06 00:14:44.130675,CUST00276,PROD0045,3,5135.47,0.0,15406.41,JazzCash,Facebook,Cancelled
ORD001360,2026-09-06 00:29:44.130675,CUST00164,PROD0015,2,1683.11,336.62,3029.6,JazzCash,WhatsApp,Pending
ORD001470,2026-09-06 04:01:44.130675,CUST00151,PROD0030,3,5388.9,1616.67,14550.03,JazzCash,Marketplace,Returned
ORD001293,2026-09-06 09:39:44.130675,CUST00187,PROD0046,1,5794.77,0.0,5794.77,EasyPaisa,Marketplace,Pending
ORD000190,2026-09-06 10:11:44.130675,CUST00006,PROD0028,1,6109.36,610.94,5498.42,EasyPaisa,Facebook,Delivered
ORD001420,2026-09-06 10:37:44.130675,CUST00081,PROD0051,1,6557.75,0.0,6557.75,Card,Marketplace,Returned
ORD001376,2026-09-06 12:34:44.130675,CUST00286,PROD0008,1,2070.31,0.0,2070.31,JazzCash,Website,Delivered
ORD001003,2026-09-06 23:30:44.130675,CUST00110,PROD0032,1,8158.76,0.0,8158.76,COD,WhatsApp,Delivered
ORD000878,2026-09-06 23:44:44.130675,CUST00057,PROD0037,2,962.14,0.0,1924.28,Card,Facebook,Delivered
ORD000639,2026-09-07 03:05:44.130675,CUST00143,PROD0039,4,4106.97,0.0,16427.88,JazzCash,Facebook,Returned
ORD000044,2026-09-07 04:23:44.130675,CUST00128,PROD0039,2,4106.97,0.0,8213.94,JazzCash,WhatsApp,Delivered
ORD000231,2026-09-07 05:12:44.130675,CUST00112,PROD0032,1,8158.76,0.0,8158.76,Bank Transfer,WhatsApp,Delivered
ORD000080,2026-09-07 05:26:44.130675,CUST00229,PROD0024,1,1137.57,0.0,1137.57,JazzCash,Website,Delivered
ORD000791,2026-09-07 05:32:44.130675,CUST00133,PROD0026,2,1616.31,0.0,3232.62,Bank Transfer,Marketplace,Delivered
ORD000144,2026-09-07 05:32:44.130675,CUST00028,PROD0026,1,1616.31,0.0,1616.31,COD,WhatsApp,Returned
ORD000725,2026-09-07 06:40:44.130675,CUST00022,PROD0043,4,2961.93,592.39,11255.33,Bank Transfer,WhatsApp,Delivered
ORD001001,2026-09-07 07:59:44.130675,CUST00005,PROD0013,2,3836.91,0.0,7673.82,Card,Instagram,Returned
ORD001161,2026-09-07 09:01:44.130675,CUST00167,PROD0060,1,1519.23,0.0,1519.23,EasyPaisa,Instagram,Pending
ORD000024,2026-09-07 09:02:44.130675,CUST00191,PROD0058,1,1138.07,0.0,1138.07,JazzCash,Instagram,Delivered
ORD000220,2026-09-07 09:47:44.130675,CUST00020,PROD0037,1,962.14,0.0,962.14,Bank Transfer,Facebook,Delivered
ORD001414,2026-09-07 10:05:44.130675,CUST00164,PROD0018,1,3298.86,0.0,3298.86,Card,WhatsApp,Pending
ORD001214,2026-09-07 10:55:44.130675,CUST00175,PROD0048,2,3672.55,0.0,7345.1,JazzCash,Facebook,Delivered
ORD000580,2026-09-07 10:55:44.130675,CUST00022,PROD0027,1,4072.3,0.0,4072.3,EasyPaisa,Instagram,Delivered
ORD000587,2026-09-07 12:05:44.130675,CUST00098,PROD0057,2,6194.12,0.0,12388.24,Card,Marketplace,Delivered
ORD000127,2026-09-07 12:33:44.130675,CUST00141,PROD0040,1,4051.74,405.17,3646.57,EasyPaisa,Instagram,Pending
ORD000023,2026-09-07 21:57:44.130675,CUST00071,PROD0048,1,3672.55,367.26,3305.29,Card,Website,Delivered
ORD000443,2026-09-08 00:55:44.130675,CUST00225,PROD0049,1,8791.84,0.0,8791.84,JazzCash,WhatsApp,Pending
ORD000950,2026-09-08 01:15:44.130675,CUST00067,PROD0003,1,4565.11,0.0,4565.11,Bank Transfer,WhatsApp,Delivered
ORD001195,2026-09-08 02:45:44.130675,CUST00068,PROD0038,1,4805.71,0.0,4805.71,JazzCash,WhatsApp,Delivered
ORD000469,2026-09-08 02:58:44.130675,CUST00146,PROD0016,2,1636.99,0.0,3273.98,COD,WhatsApp,Delivered
ORD000476,2026-09-08 04:27:44.130675,CUST00138,PROD0024,1,1137.57,0.0,1137.57,Bank Transfer,Marketplace,Delivered
ORD001384,2026-09-08 05:40:44.130675,CUST00278,PROD0019,1,4229.01,0.0,4229.01,EasyPaisa,Website,Delivered
ORD001145,2026-09-08 05:46:44.130675,CUST00100,PROD0028,3,6109.36,0.0,18328.08,Bank Transfer,Marketplace,Pending
ORD000142,2026-09-08 05:46:44.130675,CUST00186,PROD0018,2,3298.86,0.0,6597.72,Bank Transfer,Marketplace,Delivered
ORD000943,2026-09-08 06:27:44.130675,CUST00067,PROD0039,2,4106.97,821.39,7392.55,JazzCash,Facebook,Delivered
ORD000091,2026-09-08 06:57:44.130675,CUST00257,PROD0056,1,1011.77,50.59,961.18,Card,WhatsApp,Delivered
ORD001082,2026-09-08 07:08:44.130675,CUST00121,PROD0048,4,3672.55,0.0,14690.2,JazzCash,Website,Delivered
ORD000241,2026-09-08 07:11:44.130675,CUST00149,PROD0041,1,627.43,31.37,596.06,Card,Facebook,Delivered
ORD001046,2026-09-08 07:50:44.130675,CUST00110,PROD0054,1,5327.61,0.0,5327.61,Card,Website,Cancelled
ORD001431,2026-09-08 08:48:44.130675,CUST00255,PROD0051,2,6557.75,0.0,13115.5,JazzCash,Instagram,Delivered
ORD000860,2026-09-08 10:52:44.130675,CUST00039,PROD0036,1,5478.6,0.0,5478.6,Bank Transfer,WhatsApp,Cancelled
ORD000745,2026-09-08 22:08:44.130675,CUST00021,PROD0023,2,8349.43,0.0,16698.86,COD,Facebook,Cancelled
ORD000433,2026-09-08 23:17:44.130675,CUST00153,PROD0032,2,8158.76,0.0,16317.52,COD,WhatsApp,Delivered
ORD000691,2026-09-09 00:10:44.130675,CUST00112,PROD0009,1,5596.77,0.0,5596.77,Card,Facebook,Delivered
ORD000502,2026-09-09 00:51:44.130675,CUST00264,PROD0003,2,4565.11,0.0,9130.22,Bank Transfer,Facebook,Cancelled
ORD001095,2026-09-09 02:19:44.130675,CUST00235,PROD0047,1,2232.86,0.0,2232.86,Bank Transfer,Instagram,Pending
ORD001243,2026-09-09 03:27:44.130675,CUST00076,PROD0036,1,5478.6,0.0,5478.6,COD,Website,Delivered
ORD000892,2026-09-09 06:46:44.130675,CUST00248,PROD0053,1,6462.36,0.0,6462.36,COD,Website,Cancelled
ORD000095,2026-09-09 07:06:44.130675,CUST00029,PROD0011,1,5016.23,0.0,5016.23,Card,Website,Delivered
ORD001244,2026-09-09 08:58:44.130675,CUST00252,PROD0047,1,2232.86,0.0,2232.86,EasyPaisa,Instagram,Delivered
ORD001408,2026-09-09 09:20:44.130675,CUST00279,PROD0045,1,5135.47,0.0,5135.47,COD,WhatsApp,Delivered
ORD000084,2026-09-09 10:34:44.130675,CUST00149,PROD0050,1,3995.81,0.0,3995.81,Card,WhatsApp,Returned
ORD000401,2026-09-09 11:48:44.130675,CUST00244,PROD0055,1,5017.52,501.75,4515.77,JazzCash,Instagram,Delivered
ORD001000,2026-09-09 11:59:44.130675,CUST00222,PROD0050,1,3995.81,0.0,3995.81,COD,Marketplace,Delivered
ORD000552,2026-09-09 22:40:44.130675,CUST00089,PROD0060,1,1519.23,0.0,1519.23,EasyPaisa,Marketplace,Cancelled
ORD001374,2026-09-09 23:16:44.130675,CUST00073,PROD0042,1,7902.11,395.11,7507.0,JazzCash,WhatsApp,Pending
ORD001258,2026-09-09 23:28:44.130675,CUST00099,PROD0044,1,2357.35,0.0,2357.35,Bank Transfer,Instagram,Returned
ORD001405,2026-09-10 00:46:44.130675,CUST00193,PROD0025,2,845.83,84.58,1607.08,COD,Website,Delivered
ORD000983,2026-09-10 00:53:44.130675,CUST00233,PROD0032,2,8158.76,815.88,15501.64,COD,Instagram,Delivered
ORD000726,2026-09-10 01:08:44.130675,CUST00039,PROD0044,3,2357.35,353.6,6718.45,JazzCash,Instagram,Returned
ORD001273,2026-09-10 01:49:44.130675,CUST00250,PROD0053,1,6462.36,0.0,6462.36,JazzCash,Marketplace,Delivered
ORD000021,2026-09-10 02:38:44.130675,CUST00119,PROD0033,1,3226.18,0.0,3226.18,EasyPaisa,Website,Delivered
ORD000947,2026-09-10 03:19:44.130675,CUST00100,PROD0029,1,8888.02,0.0,8888.02,JazzCash,WhatsApp,Delivered
ORD000530,2026-09-10 03:47:44.130675,CUST00194,PROD0031,1,6503.48,0.0,6503.48,EasyPaisa,Marketplace,Delivered
ORD000676,2026-09-10 04:46:44.130675,CUST00144,PROD0002,1,3739.31,373.93,3365.38,Card,Website,Cancelled
ORD000765,2026-09-10 05:02:44.130675,CUST00254,PROD0047,2,2232.86,0.0,4465.72,Card,WhatsApp,Delivered
ORD001403,2026-09-10 05:15:44.130675,CUST00084,PROD0008,2,2070.31,0.0,4140.62,COD,Website,Returned
ORD000101,2026-09-10 07:31:44.130675,CUST00001,PROD0008,1,2070.31,0.0,2070.31,EasyPaisa,Marketplace,Delivered
ORD000441,2026-09-10 10:40:44.130675,CUST00063,PROD0020,2,1311.0,0.0,2622.0,Bank Transfer,Instagram,Pending
ORD000585,2026-09-10 22:58:44.130675,CUST00071,PROD0013,1,3836.91,191.85,3645.06,EasyPaisa,Facebook,Delivered
ORD000429,2026-09-10 23:37:44.130675,CUST00105,PROD0028,1,6109.36,610.94,5498.42,EasyPaisa,Website,Pending
ORD001121,2026-09-11 00:12:44.130675,CUST00237,PROD0039,2,4106.97,821.39,7392.55,COD,Facebook,Cancelled
ORD000600,2026-09-11 01:57:44.130675,CUST00154,PROD0055,2,5017.52,0.0,10035.04,JazzCash,Website,Pending
ORD000959,2026-09-11 02:48:44.130675,CUST00111,PROD0049,3,8791.84,2637.55,23737.97,COD,Website,Cancelled
ORD000228,2026-09-11 03:33:44.130675,CUST00077,PROD0036,1,5478.6,273.93,5204.67,Card,Instagram,Delivered
ORD000705,2026-09-11 03:35:44.130675,CUST00276,PROD0037,1,962.14,0.0,962.14,Bank Transfer,Instagram,Cancelled
ORD001014,2026-09-11 03:46:44.130675,CUST00284,PROD0025,1,845.83,0.0,845.83,COD,Facebook,Returned
ORD001450,2026-09-11 04:02:44.130675,CUST00224,PROD0002,1,3739.31,0.0,3739.31,JazzCash,Website,Delivered
ORD001099,2026-09-11 04:04:44.130675,CUST00099,PROD0042,2,7902.11,0.0,15804.22,Bank Transfer,Website,Delivered
ORD001315,2026-09-11 05:55:44.130675,CUST00044,PROD0013,1,3836.91,0.0,3836.91,JazzCash,Marketplace,Delivered
ORD000908,2026-09-11 05:58:44.130675,CUST00216,PROD0027,4,4072.3,0.0,16289.2,COD,Instagram,Returned
ORD000546,2026-09-11 06:25:44.130675,CUST00022,PROD0016,1,1636.99,0.0,1636.99,COD,WhatsApp,Pending
ORD000063,2026-09-11 06:49:44.130675,CUST00192,PROD0017,1,4081.04,0.0,4081.04,Bank Transfer,Marketplace,Delivered
ORD001454,2026-09-12 00:11:44.130675,CUST00210,PROD0010,3,683.9,0.0,2051.7,JazzCash,Instagram,Returned
ORD000994,2026-09-12 02:35:44.130675,CUST00055,PROD0029,1,8888.02,0.0,8888.02,Card,Website,Delivered
ORD001233,2026-09-12 04:03:44.130675,CUST00151,PROD0022,1,6250.14,0.0,6250.14,Bank Transfer,Marketplace,Delivered
ORD001396,2026-09-12 05:37:44.130675,CUST00022,PROD0014,1,5951.29,0.0,5951.29,EasyPaisa,Facebook,Delivered
ORD000117,2026-09-12 07:19:44.130675,CUST00178,PROD0036,1,5478.6,273.93,5204.67,JazzCash,Instagram,Returned
ORD000556,2026-09-12 09:19:44.130675,CUST00099,PROD0048,1,3672.55,0.0,3672.55,COD,Marketplace,Cancelled
ORD000750,2026-09-12 23:01:44.130675,CUST00280,PROD0053,1,6462.36,0.0,6462.36,Bank Transfer,Website,Delivered
ORD000807,2026-09-13 00:04:44.130675,CUST00292,PROD0017,2,4081.04,0.0,8162.08,EasyPaisa,Facebook,Delivered
ORD000606,2026-09-13 00:06:44.130675,CUST00170,PROD0038,1,4805.71,240.29,4565.42,Bank Transfer,Marketplace,Returned
ORD000240,2026-09-13 00:36:44.130675,CUST00289,PROD0034,1,4718.01,0.0,4718.01,EasyPaisa,Marketplace,Cancelled
ORD000598,2026-09-13 01:03:44.130675,CUST00061,PROD0035,2,1003.11,100.31,1905.91,COD,Website,Delivered
ORD000962,2026-09-13 01:05:44.130675,CUST00008,PROD0011,4,5016.23,0.0,20064.92,JazzCash,Website,Delivered
ORD000396,2026-09-13 01:55:44.130675,CUST00259,PROD0035,1,1003.11,0.0,1003.11,EasyPaisa,Website,Cancelled
ORD000729,2026-09-13 02:56:44.130675,CUST00264,PROD0048,2,3672.55,0.0,7345.1,COD,WhatsApp,Returned
ORD000981,2026-09-13 06:12:44.130675,CUST00209,PROD0037,2,962.14,288.64,1635.64,Bank Transfer,Instagram,Returned
ORD000196,2026-09-13 07:02:44.130675,CUST00058,PROD0018,2,3298.86,0.0,6597.72,EasyPaisa,WhatsApp,Delivered
ORD000336,2026-09-13 07:26:44.130675,CUST00092,PROD0004,3,2516.58,0.0,7549.74,EasyPaisa,Website,Delivered
ORD000511,2026-09-13 08:06:44.130675,CUST00295,PROD0004,1,2516.58,0.0,2516.58,COD,Marketplace,Delivered
ORD001220,2026-09-13 08:21:44.130675,CUST00022,PROD0037,1,962.14,0.0,962.14,Bank Transfer,Facebook,Returned
ORD001043,2026-09-13 10:36:44.130675,CUST00076,PROD0051,1,6557.75,0.0,6557.75,Card,Instagram,Delivered
ORD001410,2026-09-13 12:05:44.130675,CUST00062,PROD0026,1,1616.31,0.0,1616.31,COD,Instagram,Delivered
ORD001073,2026-09-13 12:11:44.130675,CUST00260,PROD0044,1,2357.35,0.0,2357.35,COD,WhatsApp,Delivered
ORD001372,2026-09-13 22:16:44.130675,CUST00228,PROD0004,3,2516.58,754.97,6794.77,EasyPaisa,Marketplace,Delivered
ORD000305,2026-09-13 23:37:44.130675,CUST00233,PROD0012,1,7018.87,0.0,7018.87,JazzCash,WhatsApp,Cancelled
ORD000123,2026-09-14 00:27:44.130675,CUST00161,PROD0048,2,3672.55,0.0,7345.1,JazzCash,Instagram,Returned
ORD001426,2026-09-14 02:52:44.130675,CUST00148,PROD0041,1,627.43,0.0,627.43,Bank Transfer,Marketplace,Delivered
ORD001390,2026-09-14 04:30:44.130675,CUST00202,PROD0047,2,2232.86,0.0,4465.72,Card,Marketplace,Delivered
ORD000275,2026-09-14 04:42:44.130675,CUST00177,PROD0059,2,1569.51,313.9,2825.12,COD,Marketplace,Delivered
ORD000524,2026-09-14 05:43:44.130675,CUST00214,PROD0041,1,627.43,0.0,627.43,Card,Instagram,Returned
ORD000984,2026-09-14 05:44:44.130675,CUST00052,PROD0027,1,4072.3,0.0,4072.3,Card,Facebook,Pending
ORD001105,2026-09-14 05:57:44.130675,CUST00176,PROD0039,1,4106.97,0.0,4106.97,JazzCash,Website,Delivered
ORD000837,2026-09-14 07:24:44.130675,CUST00066,PROD0042,1,7902.11,0.0,7902.11,EasyPaisa,Instagram,Delivered
ORD000560,2026-09-14 07:51:44.130675,CUST00117,PROD0009,2,5596.77,0.0,11193.54,Bank Transfer,Website,Delivered
ORD001140,2026-09-14 08:51:44.130675,CUST00126,PROD0017,2,4081.04,0.0,8162.08,Card,WhatsApp,Delivered
ORD000124,2026-09-14 12:09:44.130675,CUST00256,PROD0018,1,3298.86,0.0,3298.86,Card,Instagram,Cancelled
